seq,block,image,config,manifest,run_kind,repeat
0,0,C3,c3_pool,rand30_t4,warmup,-1
1,0,C3,c3_pool,rand30_t4,measure,0
2,0,C3,c3_pool,rand30_t4,measure,1
3,0,C3,c3_pool,rand30_t4,measure,2
4,0,C3,c3_pool,rand30_t4,measure,3
5,0,C3,c3_pool,rand30_t4,measure,4
6,0,C3,c3_pool,rand10_t1,warmup,-1
7,0,C3,c3_pool,rand10_t1,measure,0
8,0,C3,c3_pool,rand10_t1,measure,1
9,0,C3,c3_pool,rand10_t1,measure,2
10,0,C3,c3_pool,rand10_t1,measure,3
11,0,C3,c3_pool,rand10_t1,measure,4
12,0,C3,c3_pool,rand30_t6,warmup,-1
13,0,C3,c3_pool,rand30_t6,measure,0
14,0,C3,c3_pool,rand30_t6,measure,1
15,0,C3,c3_pool,rand30_t6,measure,2
16,0,C3,c3_pool,rand30_t6,measure,3
17,0,C3,c3_pool,rand30_t6,measure,4
18,0,C3,c3_pool,rand20_t8,warmup,-1
19,0,C3,c3_pool,rand20_t8,measure,0
20,0,C3,c3_pool,rand20_t8,measure,1
21,0,C3,c3_pool,rand20_t8,measure,2
22,0,C3,c3_pool,rand20_t8,measure,3
23,0,C3,c3_pool,rand20_t8,measure,4
24,0,C3,c3_pool,rand10_t8,warmup,-1
25,0,C3,c3_pool,rand10_t8,measure,0
26,0,C3,c3_pool,rand10_t8,measure,1
27,0,C3,c3_pool,rand10_t8,measure,2
28,0,C3,c3_pool,rand10_t8,measure,3
29,0,C3,c3_pool,rand10_t8,measure,4
30,0,C3,c3_pool,rand20_t5,warmup,-1
31,0,C3,c3_pool,rand20_t5,measure,0
32,0,C3,c3_pool,rand20_t5,measure,1
33,0,C3,c3_pool,rand20_t5,measure,2
34,0,C3,c3_pool,rand20_t5,measure,3
35,0,C3,c3_pool,rand20_t5,measure,4
36,0,C1,std_native,rand10_t8,warmup,-1
37,0,C1,std_native,rand10_t8,measure,0
38,0,C1,std_native,rand10_t8,measure,1
39,0,C1,std_native,rand10_t8,measure,2
40,0,C1,std_native,rand10_t8,measure,3
41,0,C1,std_native,rand10_t8,measure,4
42,0,C1,std_native,rand10_t1,warmup,-1
43,0,C1,std_native,rand10_t1,measure,0
44,0,C1,std_native,rand10_t1,measure,1
45,0,C1,std_native,rand10_t1,measure,2
46,0,C1,std_native,rand10_t1,measure,3
47,0,C1,std_native,rand10_t1,measure,4
48,0,C1,std_native,rand20_t8,warmup,-1
49,0,C1,std_native,rand20_t8,measure,0
50,0,C1,std_native,rand20_t8,measure,1
51,0,C1,std_native,rand20_t8,measure,2
52,0,C1,std_native,rand20_t8,measure,3
53,0,C1,std_native,rand20_t8,measure,4
54,0,C1,std_native,rand30_t6,warmup,-1
55,0,C1,std_native,rand30_t6,measure,0
56,0,C1,std_native,rand30_t6,measure,1
57,0,C1,std_native,rand30_t6,measure,2
58,0,C1,std_native,rand30_t6,measure,3
59,0,C1,std_native,rand30_t6,measure,4
60,0,C1,std_native,rand20_t5,warmup,-1
61,0,C1,std_native,rand20_t5,measure,0
62,0,C1,std_native,rand20_t5,measure,1
63,0,C1,std_native,rand20_t5,measure,2
64,0,C1,std_native,rand20_t5,measure,3
65,0,C1,std_native,rand20_t5,measure,4
66,0,C1,std_native,rand30_t4,warmup,-1
67,0,C1,std_native,rand30_t4,measure,0
68,0,C1,std_native,rand30_t4,measure,1
69,0,C1,std_native,rand30_t4,measure,2
70,0,C1,std_native,rand30_t4,measure,3
71,0,C1,std_native,rand30_t4,measure,4
72,0,C1,std_pool,rand20_t5,warmup,-1
73,0,C1,std_pool,rand20_t5,measure,0
74,0,C1,std_pool,rand20_t5,measure,1
75,0,C1,std_pool,rand20_t5,measure,2
76,0,C1,std_pool,rand20_t5,measure,3
77,0,C1,std_pool,rand20_t5,measure,4
78,0,C1,std_pool,rand30_t6,warmup,-1
79,0,C1,std_pool,rand30_t6,measure,0
80,0,C1,std_pool,rand30_t6,measure,1
81,0,C1,std_pool,rand30_t6,measure,2
82,0,C1,std_pool,rand30_t6,measure,3
83,0,C1,std_pool,rand30_t6,measure,4
84,0,C1,std_pool,rand10_t1,warmup,-1
85,0,C1,std_pool,rand10_t1,measure,0
86,0,C1,std_pool,rand10_t1,measure,1
87,0,C1,std_pool,rand10_t1,measure,2
88,0,C1,std_pool,rand10_t1,measure,3
89,0,C1,std_pool,rand10_t1,measure,4
90,0,C1,std_pool,rand10_t8,warmup,-1
91,0,C1,std_pool,rand10_t8,measure,0
92,0,C1,std_pool,rand10_t8,measure,1
93,0,C1,std_pool,rand10_t8,measure,2
94,0,C1,std_pool,rand10_t8,measure,3
95,0,C1,std_pool,rand10_t8,measure,4
96,0,C1,std_pool,rand30_t4,warmup,-1
97,0,C1,std_pool,rand30_t4,measure,0
98,0,C1,std_pool,rand30_t4,measure,1
99,0,C1,std_pool,rand30_t4,measure,2
100,0,C1,std_pool,rand30_t4,measure,3
101,0,C1,std_pool,rand30_t4,measure,4
102,0,C1,std_pool,rand20_t8,warmup,-1
103,0,C1,std_pool,rand20_t8,measure,0
104,0,C1,std_pool,rand20_t8,measure,1
105,0,C1,std_pool,rand20_t8,measure,2
106,0,C1,std_pool,rand20_t8,measure,3
107,0,C1,std_pool,rand20_t8,measure,4
108,0,C1,c1_native,rand20_t8,warmup,-1
109,0,C1,c1_native,rand20_t8,measure,0
110,0,C1,c1_native,rand20_t8,measure,1
111,0,C1,c1_native,rand20_t8,measure,2
112,0,C1,c1_native,rand20_t8,measure,3
113,0,C1,c1_native,rand20_t8,measure,4
114,0,C1,c1_native,rand30_t4,warmup,-1
115,0,C1,c1_native,rand30_t4,measure,0
116,0,C1,c1_native,rand30_t4,measure,1
117,0,C1,c1_native,rand30_t4,measure,2
118,0,C1,c1_native,rand30_t4,measure,3
119,0,C1,c1_native,rand30_t4,measure,4
120,0,C1,c1_native,rand10_t1,warmup,-1
121,0,C1,c1_native,rand10_t1,measure,0
122,0,C1,c1_native,rand10_t1,measure,1
123,0,C1,c1_native,rand10_t1,measure,2
124,0,C1,c1_native,rand10_t1,measure,3
125,0,C1,c1_native,rand10_t1,measure,4
126,0,C1,c1_native,rand20_t5,warmup,-1
127,0,C1,c1_native,rand20_t5,measure,0
128,0,C1,c1_native,rand20_t5,measure,1
129,0,C1,c1_native,rand20_t5,measure,2
130,0,C1,c1_native,rand20_t5,measure,3
131,0,C1,c1_native,rand20_t5,measure,4
132,0,C1,c1_native,rand30_t6,warmup,-1
133,0,C1,c1_native,rand30_t6,measure,0
134,0,C1,c1_native,rand30_t6,measure,1
135,0,C1,c1_native,rand30_t6,measure,2
136,0,C1,c1_native,rand30_t6,measure,3
137,0,C1,c1_native,rand30_t6,measure,4
138,0,C1,c1_native,rand10_t8,warmup,-1
139,0,C1,c1_native,rand10_t8,measure,0
140,0,C1,c1_native,rand10_t8,measure,1
141,0,C1,c1_native,rand10_t8,measure,2
142,0,C1,c1_native,rand10_t8,measure,3
143,0,C1,c1_native,rand10_t8,measure,4
144,0,C1,c1_pool,rand10_t1,warmup,-1
145,0,C1,c1_pool,rand10_t1,measure,0
146,0,C1,c1_pool,rand10_t1,measure,1
147,0,C1,c1_pool,rand10_t1,measure,2
148,0,C1,c1_pool,rand10_t1,measure,3
149,0,C1,c1_pool,rand10_t1,measure,4
150,0,C1,c1_pool,rand30_t6,warmup,-1
151,0,C1,c1_pool,rand30_t6,measure,0
152,0,C1,c1_pool,rand30_t6,measure,1
153,0,C1,c1_pool,rand30_t6,measure,2
154,0,C1,c1_pool,rand30_t6,measure,3
155,0,C1,c1_pool,rand30_t6,measure,4
156,0,C1,c1_pool,rand10_t8,warmup,-1
157,0,C1,c1_pool,rand10_t8,measure,0
158,0,C1,c1_pool,rand10_t8,measure,1
159,0,C1,c1_pool,rand10_t8,measure,2
160,0,C1,c1_pool,rand10_t8,measure,3
161,0,C1,c1_pool,rand10_t8,measure,4
162,0,C1,c1_pool,rand20_t8,warmup,-1
163,0,C1,c1_pool,rand20_t8,measure,0
164,0,C1,c1_pool,rand20_t8,measure,1
165,0,C1,c1_pool,rand20_t8,measure,2
166,0,C1,c1_pool,rand20_t8,measure,3
167,0,C1,c1_pool,rand20_t8,measure,4
168,0,C1,c1_pool,rand30_t4,warmup,-1
169,0,C1,c1_pool,rand30_t4,measure,0
170,0,C1,c1_pool,rand30_t4,measure,1
171,0,C1,c1_pool,rand30_t4,measure,2
172,0,C1,c1_pool,rand30_t4,measure,3
173,0,C1,c1_pool,rand30_t4,measure,4
174,0,C1,c1_pool,rand20_t5,warmup,-1
175,0,C1,c1_pool,rand20_t5,measure,0
176,0,C1,c1_pool,rand20_t5,measure,1
177,0,C1,c1_pool,rand20_t5,measure,2
178,0,C1,c1_pool,rand20_t5,measure,3
179,0,C1,c1_pool,rand20_t5,measure,4
180,1,C1,std_pool,rand10_t6,warmup,-1
181,1,C1,std_pool,rand10_t6,measure,0
182,1,C1,std_pool,rand10_t6,measure,1
183,1,C1,std_pool,rand10_t6,measure,2
184,1,C1,std_pool,rand10_t6,measure,3
185,1,C1,std_pool,rand10_t6,measure,4
186,1,C1,std_pool,rand30_t5,warmup,-1
187,1,C1,std_pool,rand30_t5,measure,0
188,1,C1,std_pool,rand30_t5,measure,1
189,1,C1,std_pool,rand30_t5,measure,2
190,1,C1,std_pool,rand30_t5,measure,3
191,1,C1,std_pool,rand30_t5,measure,4
192,1,C1,std_pool,rand10_t5,warmup,-1
193,1,C1,std_pool,rand10_t5,measure,0
194,1,C1,std_pool,rand10_t5,measure,1
195,1,C1,std_pool,rand10_t5,measure,2
196,1,C1,std_pool,rand10_t5,measure,3
197,1,C1,std_pool,rand10_t5,measure,4
198,1,C1,std_pool,rand20_t3,warmup,-1
199,1,C1,std_pool,rand20_t3,measure,0
200,1,C1,std_pool,rand20_t3,measure,1
201,1,C1,std_pool,rand20_t3,measure,2
202,1,C1,std_pool,rand20_t3,measure,3
203,1,C1,std_pool,rand20_t3,measure,4
204,1,C1,std_pool,rand20_t1,warmup,-1
205,1,C1,std_pool,rand20_t1,measure,0
206,1,C1,std_pool,rand20_t1,measure,1
207,1,C1,std_pool,rand20_t1,measure,2
208,1,C1,std_pool,rand20_t1,measure,3
209,1,C1,std_pool,rand20_t1,measure,4
210,1,C1,std_pool,ghz8_x30,warmup,-1
211,1,C1,std_pool,ghz8_x30,measure,0
212,1,C1,std_pool,ghz8_x30,measure,1
213,1,C1,std_pool,ghz8_x30,measure,2
214,1,C1,std_pool,ghz8_x30,measure,3
215,1,C1,std_pool,ghz8_x30,measure,4
216,1,C1,std_pool,rand30_t2,warmup,-1
217,1,C1,std_pool,rand30_t2,measure,0
218,1,C1,std_pool,rand30_t2,measure,1
219,1,C1,std_pool,rand30_t2,measure,2
220,1,C1,std_pool,rand30_t2,measure,3
221,1,C1,std_pool,rand30_t2,measure,4
222,1,C1,c1_native,rand10_t6,warmup,-1
223,1,C1,c1_native,rand10_t6,measure,0
224,1,C1,c1_native,rand10_t6,measure,1
225,1,C1,c1_native,rand10_t6,measure,2
226,1,C1,c1_native,rand10_t6,measure,3
227,1,C1,c1_native,rand10_t6,measure,4
228,1,C1,c1_native,rand10_t5,warmup,-1
229,1,C1,c1_native,rand10_t5,measure,0
230,1,C1,c1_native,rand10_t5,measure,1
231,1,C1,c1_native,rand10_t5,measure,2
232,1,C1,c1_native,rand10_t5,measure,3
233,1,C1,c1_native,rand10_t5,measure,4
234,1,C1,c1_native,rand20_t3,warmup,-1
235,1,C1,c1_native,rand20_t3,measure,0
236,1,C1,c1_native,rand20_t3,measure,1
237,1,C1,c1_native,rand20_t3,measure,2
238,1,C1,c1_native,rand20_t3,measure,3
239,1,C1,c1_native,rand20_t3,measure,4
240,1,C1,c1_native,ghz8_x30,warmup,-1
241,1,C1,c1_native,ghz8_x30,measure,0
242,1,C1,c1_native,ghz8_x30,measure,1
243,1,C1,c1_native,ghz8_x30,measure,2
244,1,C1,c1_native,ghz8_x30,measure,3
245,1,C1,c1_native,ghz8_x30,measure,4
246,1,C1,c1_native,rand30_t5,warmup,-1
247,1,C1,c1_native,rand30_t5,measure,0
248,1,C1,c1_native,rand30_t5,measure,1
249,1,C1,c1_native,rand30_t5,measure,2
250,1,C1,c1_native,rand30_t5,measure,3
251,1,C1,c1_native,rand30_t5,measure,4
252,1,C1,c1_native,rand20_t1,warmup,-1
253,1,C1,c1_native,rand20_t1,measure,0
254,1,C1,c1_native,rand20_t1,measure,1
255,1,C1,c1_native,rand20_t1,measure,2
256,1,C1,c1_native,rand20_t1,measure,3
257,1,C1,c1_native,rand20_t1,measure,4
258,1,C1,c1_native,rand30_t2,warmup,-1
259,1,C1,c1_native,rand30_t2,measure,0
260,1,C1,c1_native,rand30_t2,measure,1
261,1,C1,c1_native,rand30_t2,measure,2
262,1,C1,c1_native,rand30_t2,measure,3
263,1,C1,c1_native,rand30_t2,measure,4
264,1,C1,c1_pool,rand20_t1,warmup,-1
265,1,C1,c1_pool,rand20_t1,measure,0
266,1,C1,c1_pool,rand20_t1,measure,1
267,1,C1,c1_pool,rand20_t1,measure,2
268,1,C1,c1_pool,rand20_t1,measure,3
269,1,C1,c1_pool,rand20_t1,measure,4
270,1,C1,c1_pool,rand30_t2,warmup,-1
271,1,C1,c1_pool,rand30_t2,measure,0
272,1,C1,c1_pool,rand30_t2,measure,1
273,1,C1,c1_pool,rand30_t2,measure,2
274,1,C1,c1_pool,rand30_t2,measure,3
275,1,C1,c1_pool,rand30_t2,measure,4
276,1,C1,c1_pool,rand20_t3,warmup,-1
277,1,C1,c1_pool,rand20_t3,measure,0
278,1,C1,c1_pool,rand20_t3,measure,1
279,1,C1,c1_pool,rand20_t3,measure,2
280,1,C1,c1_pool,rand20_t3,measure,3
281,1,C1,c1_pool,rand20_t3,measure,4
282,1,C1,c1_pool,ghz8_x30,warmup,-1
283,1,C1,c1_pool,ghz8_x30,measure,0
284,1,C1,c1_pool,ghz8_x30,measure,1
285,1,C1,c1_pool,ghz8_x30,measure,2
286,1,C1,c1_pool,ghz8_x30,measure,3
287,1,C1,c1_pool,ghz8_x30,measure,4
288,1,C1,c1_pool,rand10_t5,warmup,-1
289,1,C1,c1_pool,rand10_t5,measure,0
290,1,C1,c1_pool,rand10_t5,measure,1
291,1,C1,c1_pool,rand10_t5,measure,2
292,1,C1,c1_pool,rand10_t5,measure,3
293,1,C1,c1_pool,rand10_t5,measure,4
294,1,C1,c1_pool,rand30_t5,warmup,-1
295,1,C1,c1_pool,rand30_t5,measure,0
296,1,C1,c1_pool,rand30_t5,measure,1
297,1,C1,c1_pool,rand30_t5,measure,2
298,1,C1,c1_pool,rand30_t5,measure,3
299,1,C1,c1_pool,rand30_t5,measure,4
300,1,C1,c1_pool,rand10_t6,warmup,-1
301,1,C1,c1_pool,rand10_t6,measure,0
302,1,C1,c1_pool,rand10_t6,measure,1
303,1,C1,c1_pool,rand10_t6,measure,2
304,1,C1,c1_pool,rand10_t6,measure,3
305,1,C1,c1_pool,rand10_t6,measure,4
306,1,C1,std_native,rand10_t6,warmup,-1
307,1,C1,std_native,rand10_t6,measure,0
308,1,C1,std_native,rand10_t6,measure,1
309,1,C1,std_native,rand10_t6,measure,2
310,1,C1,std_native,rand10_t6,measure,3
311,1,C1,std_native,rand10_t6,measure,4
312,1,C1,std_native,rand30_t5,warmup,-1
313,1,C1,std_native,rand30_t5,measure,0
314,1,C1,std_native,rand30_t5,measure,1
315,1,C1,std_native,rand30_t5,measure,2
316,1,C1,std_native,rand30_t5,measure,3
317,1,C1,std_native,rand30_t5,measure,4
318,1,C1,std_native,rand10_t5,warmup,-1
319,1,C1,std_native,rand10_t5,measure,0
320,1,C1,std_native,rand10_t5,measure,1
321,1,C1,std_native,rand10_t5,measure,2
322,1,C1,std_native,rand10_t5,measure,3
323,1,C1,std_native,rand10_t5,measure,4
324,1,C1,std_native,ghz8_x30,warmup,-1
325,1,C1,std_native,ghz8_x30,measure,0
326,1,C1,std_native,ghz8_x30,measure,1
327,1,C1,std_native,ghz8_x30,measure,2
328,1,C1,std_native,ghz8_x30,measure,3
329,1,C1,std_native,ghz8_x30,measure,4
330,1,C1,std_native,rand20_t3,warmup,-1
331,1,C1,std_native,rand20_t3,measure,0
332,1,C1,std_native,rand20_t3,measure,1
333,1,C1,std_native,rand20_t3,measure,2
334,1,C1,std_native,rand20_t3,measure,3
335,1,C1,std_native,rand20_t3,measure,4
336,1,C1,std_native,rand30_t2,warmup,-1
337,1,C1,std_native,rand30_t2,measure,0
338,1,C1,std_native,rand30_t2,measure,1
339,1,C1,std_native,rand30_t2,measure,2
340,1,C1,std_native,rand30_t2,measure,3
341,1,C1,std_native,rand30_t2,measure,4
342,1,C1,std_native,rand20_t1,warmup,-1
343,1,C1,std_native,rand20_t1,measure,0
344,1,C1,std_native,rand20_t1,measure,1
345,1,C1,std_native,rand20_t1,measure,2
346,1,C1,std_native,rand20_t1,measure,3
347,1,C1,std_native,rand20_t1,measure,4
348,1,C3,c3_pool,rand30_t2,warmup,-1
349,1,C3,c3_pool,rand30_t2,measure,0
350,1,C3,c3_pool,rand30_t2,measure,1
351,1,C3,c3_pool,rand30_t2,measure,2
352,1,C3,c3_pool,rand30_t2,measure,3
353,1,C3,c3_pool,rand30_t2,measure,4
354,1,C3,c3_pool,rand10_t5,warmup,-1
355,1,C3,c3_pool,rand10_t5,measure,0
356,1,C3,c3_pool,rand10_t5,measure,1
357,1,C3,c3_pool,rand10_t5,measure,2
358,1,C3,c3_pool,rand10_t5,measure,3
359,1,C3,c3_pool,rand10_t5,measure,4
360,1,C3,c3_pool,ghz8_x30,warmup,-1
361,1,C3,c3_pool,ghz8_x30,measure,0
362,1,C3,c3_pool,ghz8_x30,measure,1
363,1,C3,c3_pool,ghz8_x30,measure,2
364,1,C3,c3_pool,ghz8_x30,measure,3
365,1,C3,c3_pool,ghz8_x30,measure,4
366,1,C3,c3_pool,rand20_t3,warmup,-1
367,1,C3,c3_pool,rand20_t3,measure,0
368,1,C3,c3_pool,rand20_t3,measure,1
369,1,C3,c3_pool,rand20_t3,measure,2
370,1,C3,c3_pool,rand20_t3,measure,3
371,1,C3,c3_pool,rand20_t3,measure,4
372,1,C3,c3_pool,rand10_t6,warmup,-1
373,1,C3,c3_pool,rand10_t6,measure,0
374,1,C3,c3_pool,rand10_t6,measure,1
375,1,C3,c3_pool,rand10_t6,measure,2
376,1,C3,c3_pool,rand10_t6,measure,3
377,1,C3,c3_pool,rand10_t6,measure,4
378,1,C3,c3_pool,rand20_t1,warmup,-1
379,1,C3,c3_pool,rand20_t1,measure,0
380,1,C3,c3_pool,rand20_t1,measure,1
381,1,C3,c3_pool,rand20_t1,measure,2
382,1,C3,c3_pool,rand20_t1,measure,3
383,1,C3,c3_pool,rand20_t1,measure,4
384,1,C3,c3_pool,rand30_t5,warmup,-1
385,1,C3,c3_pool,rand30_t5,measure,0
386,1,C3,c3_pool,rand30_t5,measure,1
387,1,C3,c3_pool,rand30_t5,measure,2
388,1,C3,c3_pool,rand30_t5,measure,3
389,1,C3,c3_pool,rand30_t5,measure,4
390,2,C3,c3_pool,rand10_t9,warmup,-1
391,2,C3,c3_pool,rand10_t9,measure,0
392,2,C3,c3_pool,rand10_t9,measure,1
393,2,C3,c3_pool,rand10_t9,measure,2
394,2,C3,c3_pool,rand10_t9,measure,3
395,2,C3,c3_pool,rand10_t9,measure,4
396,2,C3,c3_pool,rand10_t7,warmup,-1
397,2,C3,c3_pool,rand10_t7,measure,0
398,2,C3,c3_pool,rand10_t7,measure,1
399,2,C3,c3_pool,rand10_t7,measure,2
400,2,C3,c3_pool,rand10_t7,measure,3
401,2,C3,c3_pool,rand10_t7,measure,4
402,2,C3,c3_pool,rand30_t7,warmup,-1
403,2,C3,c3_pool,rand30_t7,measure,0
404,2,C3,c3_pool,rand30_t7,measure,1
405,2,C3,c3_pool,rand30_t7,measure,2
406,2,C3,c3_pool,rand30_t7,measure,3
407,2,C3,c3_pool,rand30_t7,measure,4
408,2,C3,c3_pool,rand20_t7,warmup,-1
409,2,C3,c3_pool,rand20_t7,measure,0
410,2,C3,c3_pool,rand20_t7,measure,1
411,2,C3,c3_pool,rand20_t7,measure,2
412,2,C3,c3_pool,rand20_t7,measure,3
413,2,C3,c3_pool,rand20_t7,measure,4
414,2,C3,c3_pool,rand30_t9,warmup,-1
415,2,C3,c3_pool,rand30_t9,measure,0
416,2,C3,c3_pool,rand30_t9,measure,1
417,2,C3,c3_pool,rand30_t9,measure,2
418,2,C3,c3_pool,rand30_t9,measure,3
419,2,C3,c3_pool,rand30_t9,measure,4
420,2,C3,c3_pool,rand20_t2,warmup,-1
421,2,C3,c3_pool,rand20_t2,measure,0
422,2,C3,c3_pool,rand20_t2,measure,1
423,2,C3,c3_pool,rand20_t2,measure,2
424,2,C3,c3_pool,rand20_t2,measure,3
425,2,C3,c3_pool,rand20_t2,measure,4
426,2,C1,c1_native,rand20_t2,warmup,-1
427,2,C1,c1_native,rand20_t2,measure,0
428,2,C1,c1_native,rand20_t2,measure,1
429,2,C1,c1_native,rand20_t2,measure,2
430,2,C1,c1_native,rand20_t2,measure,3
431,2,C1,c1_native,rand20_t2,measure,4
432,2,C1,c1_native,rand10_t9,warmup,-1
433,2,C1,c1_native,rand10_t9,measure,0
434,2,C1,c1_native,rand10_t9,measure,1
435,2,C1,c1_native,rand10_t9,measure,2
436,2,C1,c1_native,rand10_t9,measure,3
437,2,C1,c1_native,rand10_t9,measure,4
438,2,C1,c1_native,rand30_t7,warmup,-1
439,2,C1,c1_native,rand30_t7,measure,0
440,2,C1,c1_native,rand30_t7,measure,1
441,2,C1,c1_native,rand30_t7,measure,2
442,2,C1,c1_native,rand30_t7,measure,3
443,2,C1,c1_native,rand30_t7,measure,4
444,2,C1,c1_native,rand20_t7,warmup,-1
445,2,C1,c1_native,rand20_t7,measure,0
446,2,C1,c1_native,rand20_t7,measure,1
447,2,C1,c1_native,rand20_t7,measure,2
448,2,C1,c1_native,rand20_t7,measure,3
449,2,C1,c1_native,rand20_t7,measure,4
450,2,C1,c1_native,rand30_t9,warmup,-1
451,2,C1,c1_native,rand30_t9,measure,0
452,2,C1,c1_native,rand30_t9,measure,1
453,2,C1,c1_native,rand30_t9,measure,2
454,2,C1,c1_native,rand30_t9,measure,3
455,2,C1,c1_native,rand30_t9,measure,4
456,2,C1,c1_native,rand10_t7,warmup,-1
457,2,C1,c1_native,rand10_t7,measure,0
458,2,C1,c1_native,rand10_t7,measure,1
459,2,C1,c1_native,rand10_t7,measure,2
460,2,C1,c1_native,rand10_t7,measure,3
461,2,C1,c1_native,rand10_t7,measure,4
462,2,C1,c1_pool,rand30_t9,warmup,-1
463,2,C1,c1_pool,rand30_t9,measure,0
464,2,C1,c1_pool,rand30_t9,measure,1
465,2,C1,c1_pool,rand30_t9,measure,2
466,2,C1,c1_pool,rand30_t9,measure,3
467,2,C1,c1_pool,rand30_t9,measure,4
468,2,C1,c1_pool,rand10_t9,warmup,-1
469,2,C1,c1_pool,rand10_t9,measure,0
470,2,C1,c1_pool,rand10_t9,measure,1
471,2,C1,c1_pool,rand10_t9,measure,2
472,2,C1,c1_pool,rand10_t9,measure,3
473,2,C1,c1_pool,rand10_t9,measure,4
474,2,C1,c1_pool,rand10_t7,warmup,-1
475,2,C1,c1_pool,rand10_t7,measure,0
476,2,C1,c1_pool,rand10_t7,measure,1
477,2,C1,c1_pool,rand10_t7,measure,2
478,2,C1,c1_pool,rand10_t7,measure,3
479,2,C1,c1_pool,rand10_t7,measure,4
480,2,C1,c1_pool,rand30_t7,warmup,-1
481,2,C1,c1_pool,rand30_t7,measure,0
482,2,C1,c1_pool,rand30_t7,measure,1
483,2,C1,c1_pool,rand30_t7,measure,2
484,2,C1,c1_pool,rand30_t7,measure,3
485,2,C1,c1_pool,rand30_t7,measure,4
486,2,C1,c1_pool,rand20_t7,warmup,-1
487,2,C1,c1_pool,rand20_t7,measure,0
488,2,C1,c1_pool,rand20_t7,measure,1
489,2,C1,c1_pool,rand20_t7,measure,2
490,2,C1,c1_pool,rand20_t7,measure,3
491,2,C1,c1_pool,rand20_t7,measure,4
492,2,C1,c1_pool,rand20_t2,warmup,-1
493,2,C1,c1_pool,rand20_t2,measure,0
494,2,C1,c1_pool,rand20_t2,measure,1
495,2,C1,c1_pool,rand20_t2,measure,2
496,2,C1,c1_pool,rand20_t2,measure,3
497,2,C1,c1_pool,rand20_t2,measure,4
498,2,C1,std_native,rand30_t7,warmup,-1
499,2,C1,std_native,rand30_t7,measure,0
500,2,C1,std_native,rand30_t7,measure,1
501,2,C1,std_native,rand30_t7,measure,2
502,2,C1,std_native,rand30_t7,measure,3
503,2,C1,std_native,rand30_t7,measure,4
504,2,C1,std_native,rand20_t7,warmup,-1
505,2,C1,std_native,rand20_t7,measure,0
506,2,C1,std_native,rand20_t7,measure,1
507,2,C1,std_native,rand20_t7,measure,2
508,2,C1,std_native,rand20_t7,measure,3
509,2,C1,std_native,rand20_t7,measure,4
510,2,C1,std_native,rand20_t2,warmup,-1
511,2,C1,std_native,rand20_t2,measure,0
512,2,C1,std_native,rand20_t2,measure,1
513,2,C1,std_native,rand20_t2,measure,2
514,2,C1,std_native,rand20_t2,measure,3
515,2,C1,std_native,rand20_t2,measure,4
516,2,C1,std_native,rand10_t7,warmup,-1
517,2,C1,std_native,rand10_t7,measure,0
518,2,C1,std_native,rand10_t7,measure,1
519,2,C1,std_native,rand10_t7,measure,2
520,2,C1,std_native,rand10_t7,measure,3
521,2,C1,std_native,rand10_t7,measure,4
522,2,C1,std_native,rand10_t9,warmup,-1
523,2,C1,std_native,rand10_t9,measure,0
524,2,C1,std_native,rand10_t9,measure,1
525,2,C1,std_native,rand10_t9,measure,2
526,2,C1,std_native,rand10_t9,measure,3
527,2,C1,std_native,rand10_t9,measure,4
528,2,C1,std_native,rand30_t9,warmup,-1
529,2,C1,std_native,rand30_t9,measure,0
530,2,C1,std_native,rand30_t9,measure,1
531,2,C1,std_native,rand30_t9,measure,2
532,2,C1,std_native,rand30_t9,measure,3
533,2,C1,std_native,rand30_t9,measure,4
534,2,C1,std_pool,rand30_t7,warmup,-1
535,2,C1,std_pool,rand30_t7,measure,0
536,2,C1,std_pool,rand30_t7,measure,1
537,2,C1,std_pool,rand30_t7,measure,2
538,2,C1,std_pool,rand30_t7,measure,3
539,2,C1,std_pool,rand30_t7,measure,4
540,2,C1,std_pool,rand10_t9,warmup,-1
541,2,C1,std_pool,rand10_t9,measure,0
542,2,C1,std_pool,rand10_t9,measure,1
543,2,C1,std_pool,rand10_t9,measure,2
544,2,C1,std_pool,rand10_t9,measure,3
545,2,C1,std_pool,rand10_t9,measure,4
546,2,C1,std_pool,rand20_t2,warmup,-1
547,2,C1,std_pool,rand20_t2,measure,0
548,2,C1,std_pool,rand20_t2,measure,1
549,2,C1,std_pool,rand20_t2,measure,2
550,2,C1,std_pool,rand20_t2,measure,3
551,2,C1,std_pool,rand20_t2,measure,4
552,2,C1,std_pool,rand10_t7,warmup,-1
553,2,C1,std_pool,rand10_t7,measure,0
554,2,C1,std_pool,rand10_t7,measure,1
555,2,C1,std_pool,rand10_t7,measure,2
556,2,C1,std_pool,rand10_t7,measure,3
557,2,C1,std_pool,rand10_t7,measure,4
558,2,C1,std_pool,rand30_t9,warmup,-1
559,2,C1,std_pool,rand30_t9,measure,0
560,2,C1,std_pool,rand30_t9,measure,1
561,2,C1,std_pool,rand30_t9,measure,2
562,2,C1,std_pool,rand30_t9,measure,3
563,2,C1,std_pool,rand30_t9,measure,4
564,2,C1,std_pool,rand20_t7,warmup,-1
565,2,C1,std_pool,rand20_t7,measure,0
566,2,C1,std_pool,rand20_t7,measure,1
567,2,C1,std_pool,rand20_t7,measure,2
568,2,C1,std_pool,rand20_t7,measure,3
569,2,C1,std_pool,rand20_t7,measure,4
570,3,C1,c1_pool,rand20_t6,warmup,-1
571,3,C1,c1_pool,rand20_t6,measure,0
572,3,C1,c1_pool,rand20_t6,measure,1
573,3,C1,c1_pool,rand20_t6,measure,2
574,3,C1,c1_pool,rand20_t6,measure,3
575,3,C1,c1_pool,rand20_t6,measure,4
576,3,C1,c1_pool,rand20_t4,warmup,-1
577,3,C1,c1_pool,rand20_t4,measure,0
578,3,C1,c1_pool,rand20_t4,measure,1
579,3,C1,c1_pool,rand20_t4,measure,2
580,3,C1,c1_pool,rand20_t4,measure,3
581,3,C1,c1_pool,rand20_t4,measure,4
582,3,C1,c1_pool,qaoa12_x30,warmup,-1
583,3,C1,c1_pool,qaoa12_x30,measure,0
584,3,C1,c1_pool,qaoa12_x30,measure,1
585,3,C1,c1_pool,qaoa12_x30,measure,2
586,3,C1,c1_pool,qaoa12_x30,measure,3
587,3,C1,c1_pool,qaoa12_x30,measure,4
588,3,C1,c1_pool,rand30_t8,warmup,-1
589,3,C1,c1_pool,rand30_t8,measure,0
590,3,C1,c1_pool,rand30_t8,measure,1
591,3,C1,c1_pool,rand30_t8,measure,2
592,3,C1,c1_pool,rand30_t8,measure,3
593,3,C1,c1_pool,rand30_t8,measure,4
594,3,C1,c1_pool,rand10_t3,warmup,-1
595,3,C1,c1_pool,rand10_t3,measure,0
596,3,C1,c1_pool,rand10_t3,measure,1
597,3,C1,c1_pool,rand10_t3,measure,2
598,3,C1,c1_pool,rand10_t3,measure,3
599,3,C1,c1_pool,rand10_t3,measure,4
600,3,C1,c1_pool,rand30_t3,warmup,-1
601,3,C1,c1_pool,rand30_t3,measure,0
602,3,C1,c1_pool,rand30_t3,measure,1
603,3,C1,c1_pool,rand30_t3,measure,2
604,3,C1,c1_pool,rand30_t3,measure,3
605,3,C1,c1_pool,rand30_t3,measure,4
606,3,C1,c1_pool,rand10_t2,warmup,-1
607,3,C1,c1_pool,rand10_t2,measure,0
608,3,C1,c1_pool,rand10_t2,measure,1
609,3,C1,c1_pool,rand10_t2,measure,2
610,3,C1,c1_pool,rand10_t2,measure,3
611,3,C1,c1_pool,rand10_t2,measure,4
612,3,C1,std_native,rand30_t8,warmup,-1
613,3,C1,std_native,rand30_t8,measure,0
614,3,C1,std_native,rand30_t8,measure,1
615,3,C1,std_native,rand30_t8,measure,2
616,3,C1,std_native,rand30_t8,measure,3
617,3,C1,std_native,rand30_t8,measure,4
618,3,C1,std_native,rand10_t2,warmup,-1
619,3,C1,std_native,rand10_t2,measure,0
620,3,C1,std_native,rand10_t2,measure,1
621,3,C1,std_native,rand10_t2,measure,2
622,3,C1,std_native,rand10_t2,measure,3
623,3,C1,std_native,rand10_t2,measure,4
624,3,C1,std_native,rand30_t3,warmup,-1
625,3,C1,std_native,rand30_t3,measure,0
626,3,C1,std_native,rand30_t3,measure,1
627,3,C1,std_native,rand30_t3,measure,2
628,3,C1,std_native,rand30_t3,measure,3
629,3,C1,std_native,rand30_t3,measure,4
630,3,C1,std_native,rand10_t3,warmup,-1
631,3,C1,std_native,rand10_t3,measure,0
632,3,C1,std_native,rand10_t3,measure,1
633,3,C1,std_native,rand10_t3,measure,2
634,3,C1,std_native,rand10_t3,measure,3
635,3,C1,std_native,rand10_t3,measure,4
636,3,C1,std_native,rand20_t4,warmup,-1
637,3,C1,std_native,rand20_t4,measure,0
638,3,C1,std_native,rand20_t4,measure,1
639,3,C1,std_native,rand20_t4,measure,2
640,3,C1,std_native,rand20_t4,measure,3
641,3,C1,std_native,rand20_t4,measure,4
642,3,C1,std_native,rand20_t6,warmup,-1
643,3,C1,std_native,rand20_t6,measure,0
644,3,C1,std_native,rand20_t6,measure,1
645,3,C1,std_native,rand20_t6,measure,2
646,3,C1,std_native,rand20_t6,measure,3
647,3,C1,std_native,rand20_t6,measure,4
648,3,C1,std_native,qaoa12_x30,warmup,-1
649,3,C1,std_native,qaoa12_x30,measure,0
650,3,C1,std_native,qaoa12_x30,measure,1
651,3,C1,std_native,qaoa12_x30,measure,2
652,3,C1,std_native,qaoa12_x30,measure,3
653,3,C1,std_native,qaoa12_x30,measure,4
654,3,C1,std_pool,rand10_t3,warmup,-1
655,3,C1,std_pool,rand10_t3,measure,0
656,3,C1,std_pool,rand10_t3,measure,1
657,3,C1,std_pool,rand10_t3,measure,2
658,3,C1,std_pool,rand10_t3,measure,3
659,3,C1,std_pool,rand10_t3,measure,4
660,3,C1,std_pool,rand10_t2,warmup,-1
661,3,C1,std_pool,rand10_t2,measure,0
662,3,C1,std_pool,rand10_t2,measure,1
663,3,C1,std_pool,rand10_t2,measure,2
664,3,C1,std_pool,rand10_t2,measure,3
665,3,C1,std_pool,rand10_t2,measure,4
666,3,C1,std_pool,rand20_t4,warmup,-1
667,3,C1,std_pool,rand20_t4,measure,0
668,3,C1,std_pool,rand20_t4,measure,1
669,3,C1,std_pool,rand20_t4,measure,2
670,3,C1,std_pool,rand20_t4,measure,3
671,3,C1,std_pool,rand20_t4,measure,4
672,3,C1,std_pool,rand20_t6,warmup,-1
673,3,C1,std_pool,rand20_t6,measure,0
674,3,C1,std_pool,rand20_t6,measure,1
675,3,C1,std_pool,rand20_t6,measure,2
676,3,C1,std_pool,rand20_t6,measure,3
677,3,C1,std_pool,rand20_t6,measure,4
678,3,C1,std_pool,qaoa12_x30,warmup,-1
679,3,C1,std_pool,qaoa12_x30,measure,0
680,3,C1,std_pool,qaoa12_x30,measure,1
681,3,C1,std_pool,qaoa12_x30,measure,2
682,3,C1,std_pool,qaoa12_x30,measure,3
683,3,C1,std_pool,qaoa12_x30,measure,4
684,3,C1,std_pool,rand30_t3,warmup,-1
685,3,C1,std_pool,rand30_t3,measure,0
686,3,C1,std_pool,rand30_t3,measure,1
687,3,C1,std_pool,rand30_t3,measure,2
688,3,C1,std_pool,rand30_t3,measure,3
689,3,C1,std_pool,rand30_t3,measure,4
690,3,C1,std_pool,rand30_t8,warmup,-1
691,3,C1,std_pool,rand30_t8,measure,0
692,3,C1,std_pool,rand30_t8,measure,1
693,3,C1,std_pool,rand30_t8,measure,2
694,3,C1,std_pool,rand30_t8,measure,3
695,3,C1,std_pool,rand30_t8,measure,4
696,3,C1,c1_native,rand20_t4,warmup,-1
697,3,C1,c1_native,rand20_t4,measure,0
698,3,C1,c1_native,rand20_t4,measure,1
699,3,C1,c1_native,rand20_t4,measure,2
700,3,C1,c1_native,rand20_t4,measure,3
701,3,C1,c1_native,rand20_t4,measure,4
702,3,C1,c1_native,rand20_t6,warmup,-1
703,3,C1,c1_native,rand20_t6,measure,0
704,3,C1,c1_native,rand20_t6,measure,1
705,3,C1,c1_native,rand20_t6,measure,2
706,3,C1,c1_native,rand20_t6,measure,3
707,3,C1,c1_native,rand20_t6,measure,4
708,3,C1,c1_native,rand30_t8,warmup,-1
709,3,C1,c1_native,rand30_t8,measure,0
710,3,C1,c1_native,rand30_t8,measure,1
711,3,C1,c1_native,rand30_t8,measure,2
712,3,C1,c1_native,rand30_t8,measure,3
713,3,C1,c1_native,rand30_t8,measure,4
714,3,C1,c1_native,rand10_t2,warmup,-1
715,3,C1,c1_native,rand10_t2,measure,0
716,3,C1,c1_native,rand10_t2,measure,1
717,3,C1,c1_native,rand10_t2,measure,2
718,3,C1,c1_native,rand10_t2,measure,3
719,3,C1,c1_native,rand10_t2,measure,4
720,3,C1,c1_native,rand30_t3,warmup,-1
721,3,C1,c1_native,rand30_t3,measure,0
722,3,C1,c1_native,rand30_t3,measure,1
723,3,C1,c1_native,rand30_t3,measure,2
724,3,C1,c1_native,rand30_t3,measure,3
725,3,C1,c1_native,rand30_t3,measure,4
726,3,C1,c1_native,rand10_t3,warmup,-1
727,3,C1,c1_native,rand10_t3,measure,0
728,3,C1,c1_native,rand10_t3,measure,1
729,3,C1,c1_native,rand10_t3,measure,2
730,3,C1,c1_native,rand10_t3,measure,3
731,3,C1,c1_native,rand10_t3,measure,4
732,3,C1,c1_native,qaoa12_x30,warmup,-1
733,3,C1,c1_native,qaoa12_x30,measure,0
734,3,C1,c1_native,qaoa12_x30,measure,1
735,3,C1,c1_native,qaoa12_x30,measure,2
736,3,C1,c1_native,qaoa12_x30,measure,3
737,3,C1,c1_native,qaoa12_x30,measure,4
738,3,C3,c3_pool,rand20_t4,warmup,-1
739,3,C3,c3_pool,rand20_t4,measure,0
740,3,C3,c3_pool,rand20_t4,measure,1
741,3,C3,c3_pool,rand20_t4,measure,2
742,3,C3,c3_pool,rand20_t4,measure,3
743,3,C3,c3_pool,rand20_t4,measure,4
744,3,C3,c3_pool,rand10_t3,warmup,-1
745,3,C3,c3_pool,rand10_t3,measure,0
746,3,C3,c3_pool,rand10_t3,measure,1
747,3,C3,c3_pool,rand10_t3,measure,2
748,3,C3,c3_pool,rand10_t3,measure,3
749,3,C3,c3_pool,rand10_t3,measure,4
750,3,C3,c3_pool,qaoa12_x30,warmup,-1
751,3,C3,c3_pool,qaoa12_x30,measure,0
752,3,C3,c3_pool,qaoa12_x30,measure,1
753,3,C3,c3_pool,qaoa12_x30,measure,2
754,3,C3,c3_pool,qaoa12_x30,measure,3
755,3,C3,c3_pool,qaoa12_x30,measure,4
756,3,C3,c3_pool,rand30_t3,warmup,-1
757,3,C3,c3_pool,rand30_t3,measure,0
758,3,C3,c3_pool,rand30_t3,measure,1
759,3,C3,c3_pool,rand30_t3,measure,2
760,3,C3,c3_pool,rand30_t3,measure,3
761,3,C3,c3_pool,rand30_t3,measure,4
762,3,C3,c3_pool,rand10_t2,warmup,-1
763,3,C3,c3_pool,rand10_t2,measure,0
764,3,C3,c3_pool,rand10_t2,measure,1
765,3,C3,c3_pool,rand10_t2,measure,2
766,3,C3,c3_pool,rand10_t2,measure,3
767,3,C3,c3_pool,rand10_t2,measure,4
768,3,C3,c3_pool,rand30_t8,warmup,-1
769,3,C3,c3_pool,rand30_t8,measure,0
770,3,C3,c3_pool,rand30_t8,measure,1
771,3,C3,c3_pool,rand30_t8,measure,2
772,3,C3,c3_pool,rand30_t8,measure,3
773,3,C3,c3_pool,rand30_t8,measure,4
774,3,C3,c3_pool,rand20_t6,warmup,-1
775,3,C3,c3_pool,rand20_t6,measure,0
776,3,C3,c3_pool,rand20_t6,measure,1
777,3,C3,c3_pool,rand20_t6,measure,2
778,3,C3,c3_pool,rand20_t6,measure,3
779,3,C3,c3_pool,rand20_t6,measure,4
780,4,C3,c3_pool,rand30_t1,warmup,-1
781,4,C3,c3_pool,rand30_t1,measure,0
782,4,C3,c3_pool,rand30_t1,measure,1
783,4,C3,c3_pool,rand30_t1,measure,2
784,4,C3,c3_pool,rand30_t1,measure,3
785,4,C3,c3_pool,rand30_t1,measure,4
786,4,C3,c3_pool,rand20_t9,warmup,-1
787,4,C3,c3_pool,rand20_t9,measure,0
788,4,C3,c3_pool,rand20_t9,measure,1
789,4,C3,c3_pool,rand20_t9,measure,2
790,4,C3,c3_pool,rand20_t9,measure,3
791,4,C3,c3_pool,rand20_t9,measure,4
792,4,C3,c3_pool,rand20_t0,warmup,-1
793,4,C3,c3_pool,rand20_t0,measure,0
794,4,C3,c3_pool,rand20_t0,measure,1
795,4,C3,c3_pool,rand20_t0,measure,2
796,4,C3,c3_pool,rand20_t0,measure,3
797,4,C3,c3_pool,rand20_t0,measure,4
798,4,C3,c3_pool,rand30_t0,warmup,-1
799,4,C3,c3_pool,rand30_t0,measure,0
800,4,C3,c3_pool,rand30_t0,measure,1
801,4,C3,c3_pool,rand30_t0,measure,2
802,4,C3,c3_pool,rand30_t0,measure,3
803,4,C3,c3_pool,rand30_t0,measure,4
804,4,C3,c3_pool,rand10_t4,warmup,-1
805,4,C3,c3_pool,rand10_t4,measure,0
806,4,C3,c3_pool,rand10_t4,measure,1
807,4,C3,c3_pool,rand10_t4,measure,2
808,4,C3,c3_pool,rand10_t4,measure,3
809,4,C3,c3_pool,rand10_t4,measure,4
810,4,C3,c3_pool,rand10_t0,warmup,-1
811,4,C3,c3_pool,rand10_t0,measure,0
812,4,C3,c3_pool,rand10_t0,measure,1
813,4,C3,c3_pool,rand10_t0,measure,2
814,4,C3,c3_pool,rand10_t0,measure,3
815,4,C3,c3_pool,rand10_t0,measure,4
816,4,C1,std_native,rand30_t0,warmup,-1
817,4,C1,std_native,rand30_t0,measure,0
818,4,C1,std_native,rand30_t0,measure,1
819,4,C1,std_native,rand30_t0,measure,2
820,4,C1,std_native,rand30_t0,measure,3
821,4,C1,std_native,rand30_t0,measure,4
822,4,C1,std_native,rand20_t0,warmup,-1
823,4,C1,std_native,rand20_t0,measure,0
824,4,C1,std_native,rand20_t0,measure,1
825,4,C1,std_native,rand20_t0,measure,2
826,4,C1,std_native,rand20_t0,measure,3
827,4,C1,std_native,rand20_t0,measure,4
828,4,C1,std_native,rand10_t0,warmup,-1
829,4,C1,std_native,rand10_t0,measure,0
830,4,C1,std_native,rand10_t0,measure,1
831,4,C1,std_native,rand10_t0,measure,2
832,4,C1,std_native,rand10_t0,measure,3
833,4,C1,std_native,rand10_t0,measure,4
834,4,C1,std_native,rand10_t4,warmup,-1
835,4,C1,std_native,rand10_t4,measure,0
836,4,C1,std_native,rand10_t4,measure,1
837,4,C1,std_native,rand10_t4,measure,2
838,4,C1,std_native,rand10_t4,measure,3
839,4,C1,std_native,rand10_t4,measure,4
840,4,C1,std_native,rand20_t9,warmup,-1
841,4,C1,std_native,rand20_t9,measure,0
842,4,C1,std_native,rand20_t9,measure,1
843,4,C1,std_native,rand20_t9,measure,2
844,4,C1,std_native,rand20_t9,measure,3
845,4,C1,std_native,rand20_t9,measure,4
846,4,C1,std_native,rand30_t1,warmup,-1
847,4,C1,std_native,rand30_t1,measure,0
848,4,C1,std_native,rand30_t1,measure,1
849,4,C1,std_native,rand30_t1,measure,2
850,4,C1,std_native,rand30_t1,measure,3
851,4,C1,std_native,rand30_t1,measure,4
852,4,C1,std_pool,rand20_t0,warmup,-1
853,4,C1,std_pool,rand20_t0,measure,0
854,4,C1,std_pool,rand20_t0,measure,1
855,4,C1,std_pool,rand20_t0,measure,2
856,4,C1,std_pool,rand20_t0,measure,3
857,4,C1,std_pool,rand20_t0,measure,4
858,4,C1,std_pool,rand10_t0,warmup,-1
859,4,C1,std_pool,rand10_t0,measure,0
860,4,C1,std_pool,rand10_t0,measure,1
861,4,C1,std_pool,rand10_t0,measure,2
862,4,C1,std_pool,rand10_t0,measure,3
863,4,C1,std_pool,rand10_t0,measure,4
864,4,C1,std_pool,rand30_t1,warmup,-1
865,4,C1,std_pool,rand30_t1,measure,0
866,4,C1,std_pool,rand30_t1,measure,1
867,4,C1,std_pool,rand30_t1,measure,2
868,4,C1,std_pool,rand30_t1,measure,3
869,4,C1,std_pool,rand30_t1,measure,4
870,4,C1,std_pool,rand20_t9,warmup,-1
871,4,C1,std_pool,rand20_t9,measure,0
872,4,C1,std_pool,rand20_t9,measure,1
873,4,C1,std_pool,rand20_t9,measure,2
874,4,C1,std_pool,rand20_t9,measure,3
875,4,C1,std_pool,rand20_t9,measure,4
876,4,C1,std_pool,rand30_t0,warmup,-1
877,4,C1,std_pool,rand30_t0,measure,0
878,4,C1,std_pool,rand30_t0,measure,1
879,4,C1,std_pool,rand30_t0,measure,2
880,4,C1,std_pool,rand30_t0,measure,3
881,4,C1,std_pool,rand30_t0,measure,4
882,4,C1,std_pool,rand10_t4,warmup,-1
883,4,C1,std_pool,rand10_t4,measure,0
884,4,C1,std_pool,rand10_t4,measure,1
885,4,C1,std_pool,rand10_t4,measure,2
886,4,C1,std_pool,rand10_t4,measure,3
887,4,C1,std_pool,rand10_t4,measure,4
888,4,C1,c1_native,rand10_t0,warmup,-1
889,4,C1,c1_native,rand10_t0,measure,0
890,4,C1,c1_native,rand10_t0,measure,1
891,4,C1,c1_native,rand10_t0,measure,2
892,4,C1,c1_native,rand10_t0,measure,3
893,4,C1,c1_native,rand10_t0,measure,4
894,4,C1,c1_native,rand30_t1,warmup,-1
895,4,C1,c1_native,rand30_t1,measure,0
896,4,C1,c1_native,rand30_t1,measure,1
897,4,C1,c1_native,rand30_t1,measure,2
898,4,C1,c1_native,rand30_t1,measure,3
899,4,C1,c1_native,rand30_t1,measure,4
900,4,C1,c1_native,rand20_t9,warmup,-1
901,4,C1,c1_native,rand20_t9,measure,0
902,4,C1,c1_native,rand20_t9,measure,1
903,4,C1,c1_native,rand20_t9,measure,2
904,4,C1,c1_native,rand20_t9,measure,3
905,4,C1,c1_native,rand20_t9,measure,4
906,4,C1,c1_native,rand30_t0,warmup,-1
907,4,C1,c1_native,rand30_t0,measure,0
908,4,C1,c1_native,rand30_t0,measure,1
909,4,C1,c1_native,rand30_t0,measure,2
910,4,C1,c1_native,rand30_t0,measure,3
911,4,C1,c1_native,rand30_t0,measure,4
912,4,C1,c1_native,rand20_t0,warmup,-1
913,4,C1,c1_native,rand20_t0,measure,0
914,4,C1,c1_native,rand20_t0,measure,1
915,4,C1,c1_native,rand20_t0,measure,2
916,4,C1,c1_native,rand20_t0,measure,3
917,4,C1,c1_native,rand20_t0,measure,4
918,4,C1,c1_native,rand10_t4,warmup,-1
919,4,C1,c1_native,rand10_t4,measure,0
920,4,C1,c1_native,rand10_t4,measure,1
921,4,C1,c1_native,rand10_t4,measure,2
922,4,C1,c1_native,rand10_t4,measure,3
923,4,C1,c1_native,rand10_t4,measure,4
924,4,C1,c1_pool,rand20_t0,warmup,-1
925,4,C1,c1_pool,rand20_t0,measure,0
926,4,C1,c1_pool,rand20_t0,measure,1
927,4,C1,c1_pool,rand20_t0,measure,2
928,4,C1,c1_pool,rand20_t0,measure,3
929,4,C1,c1_pool,rand20_t0,measure,4
930,4,C1,c1_pool,rand10_t0,warmup,-1
931,4,C1,c1_pool,rand10_t0,measure,0
932,4,C1,c1_pool,rand10_t0,measure,1
933,4,C1,c1_pool,rand10_t0,measure,2
934,4,C1,c1_pool,rand10_t0,measure,3
935,4,C1,c1_pool,rand10_t0,measure,4
936,4,C1,c1_pool,rand10_t4,warmup,-1
937,4,C1,c1_pool,rand10_t4,measure,0
938,4,C1,c1_pool,rand10_t4,measure,1
939,4,C1,c1_pool,rand10_t4,measure,2
940,4,C1,c1_pool,rand10_t4,measure,3
941,4,C1,c1_pool,rand10_t4,measure,4
942,4,C1,c1_pool,rand20_t9,warmup,-1
943,4,C1,c1_pool,rand20_t9,measure,0
944,4,C1,c1_pool,rand20_t9,measure,1
945,4,C1,c1_pool,rand20_t9,measure,2
946,4,C1,c1_pool,rand20_t9,measure,3
947,4,C1,c1_pool,rand20_t9,measure,4
948,4,C1,c1_pool,rand30_t1,warmup,-1
949,4,C1,c1_pool,rand30_t1,measure,0
950,4,C1,c1_pool,rand30_t1,measure,1
951,4,C1,c1_pool,rand30_t1,measure,2
952,4,C1,c1_pool,rand30_t1,measure,3
953,4,C1,c1_pool,rand30_t1,measure,4
954,4,C1,c1_pool,rand30_t0,warmup,-1
955,4,C1,c1_pool,rand30_t0,measure,0
956,4,C1,c1_pool,rand30_t0,measure,1
957,4,C1,c1_pool,rand30_t0,measure,2
958,4,C1,c1_pool,rand30_t0,measure,3
959,4,C1,c1_pool,rand30_t0,measure,4
