run_id,wall_time,mode,bitfile,wns_ns,software_commit,workload,workload_id,repeat,status,exclusion_reason,n_circuits,shots,rps,n_active_ch,per_shot_us,qpu_ms,t_start_ns,t_end_ns,elapsed_ms,cmd_bytes_logical,cmd_bytes_transferred,readout_bytes,send_block_us_max,send_block_us_total,seamless,tag,pool_tables,n_groups,cnr,cnr_wait_cycles,note,t_first_dma_done_ns,t_start_written_ns,t_first_cid_ns,t_batch_done_ns
c3_14q_decomp_p0-c3-10-r-1-1789960381,2026-09-20T20:13:01,c3,build_13b440c3_20260918192735,0.001,7de69de,single,10,-1,ok,,1,32,2,8,27.36,0.8756,973607184187663,973607185168943,0.98128,1664,262400,4096,38,256,1,c3_14q_decomp_p0,0,1,0,0,decomp; batch_server v7; dma STRM_POLL_US=0,973607184240054,973607184240764,973607184274684,973607185152573
c3_14q_decomp_p0-c3-10-r0-1789960382,2026-09-20T20:13:02,c3,build_13b440c3_20260918192735,0.001,7de69de,single,10,0,ok,,1,32,2,8,27.36,0.8756,973607496278794,973607497254404,0.97561,1664,262400,4096,39,255,1,c3_14q_decomp_p0,0,1,0,0,decomp; batch_server v7; dma STRM_POLL_US=0,973607496331875,973607496332535,973607496362885,973607497243654
c3_14q_decomp_p0-c3-10-r1-1789960382,2026-09-20T20:13:02,c3,build_13b440c3_20260918192735,0.001,7de69de,single,10,1,ok,,1,32,2,8,27.36,0.8756,973607809012432,973607809994022,0.98159,1664,262400,4096,38,251,1,c3_14q_decomp_p0,0,1,0,0,decomp; batch_server v7; dma STRM_POLL_US=0,973607809064973,973607809065643,973607809096773,973607809978322
c3_14q_decomp_p0-c3-10-r2-1789960382,2026-09-20T20:13:02,c3,build_13b440c3_20260918192735,0.001,7de69de,single,10,2,ok,,1,32,2,8,27.36,0.8756,973608122519148,973608123501298,0.98215,1664,262400,4096,50,270,1,c3_14q_decomp_p0,0,1,0,0,decomp; batch_server v7; dma STRM_POLL_US=0,973608122571398,973608122572048,973608122603459,973608123484497
c3_14q_decomp_p0-c3-10-r3-1789960383,2026-09-20T20:13:03,c3,build_13b440c3_20260918192735,0.001,7de69de,single,10,3,ok,,1,32,2,8,27.36,0.8756,973608429223855,973608430201355,0.9775,1664,262400,4096,36,233,1,c3_14q_decomp_p0,0,1,0,0,decomp; batch_server v7; dma STRM_POLL_US=0,973608429276426,973608429277596,973608429307986,973608430189425
c3_14q_decomp_p0-c3-10-r4-1789960383,2026-09-20T20:13:03,c3,build_13b440c3_20260918192735,0.001,7de69de,single,10,4,ok,,1,32,2,8,27.36,0.8756,973608738206196,973608739183705,0.977509,1664,262400,4096,41,243,1,c3_14q_decomp_p0,0,1,0,0,decomp; batch_server v7; dma STRM_POLL_US=0,973608738259456,973608738260116,973608738290626,973608739171095
c3_14q_decomp_p0-c3-10-r5-1789960383,2026-09-20T20:13:03,c3,build_13b440c3_20260918192735,0.001,7de69de,single,10,5,ok,,1,32,2,8,27.36,0.8756,973609051545599,973609052530509,0.98491,1664,262400,4096,65,285,1,c3_14q_decomp_p0,0,1,0,0,decomp; batch_server v7; dma STRM_POLL_US=0,973609051597720,973609051598380,973609051630360,973609052510879
c3_14q_decomp_p0-c3-10-r6-1789960384,2026-09-20T20:13:04,c3,build_13b440c3_20260918192735,0.001,7de69de,single,10,6,ok,,1,32,2,8,27.36,0.8756,973609365876423,973609366859043,0.98262,1664,262400,4096,44,260,1,c3_14q_decomp_p0,0,1,0,0,decomp; batch_server v7; dma STRM_POLL_US=0,973609365929114,973609365929934,973609365961314,973609366841383
c3_14q_decomp_p0-c3-10-r7-1789960384,2026-09-20T20:13:04,c3,build_13b440c3_20260918192735,0.001,7de69de,single,10,7,ok,,1,32,2,8,27.36,0.8756,973609678467150,973609679451460,0.98431,1664,262400,4096,37,256,1,c3_14q_decomp_p0,0,1,0,0,decomp; batch_server v7; dma STRM_POLL_US=0,973609678519910,973609678520610,973609678551161,973609679432239
c3_14q_decomp_p0-c3-10-r8-1789960384,2026-09-20T20:13:04,c3,build_13b440c3_20260918192735,0.001,7de69de,single,10,8,ok,,1,32,2,8,27.36,0.8756,973609990407300,973609991391959,0.984659,1664,262400,4096,40,263,1,c3_14q_decomp_p0,0,1,0,0,decomp; batch_server v7; dma STRM_POLL_US=0,973609990460430,973609990461140,973609990492900,973609991372829
c3_14q_decomp_p0-c3-10-r9-1789960385,2026-09-20T20:13:05,c3,build_13b440c3_20260918192735,0.001,7de69de,single,10,9,ok,,1,32,2,8,27.36,0.8756,973610304330799,973610305314309,0.98351,1664,262400,4096,39,252,1,c3_14q_decomp_p0,0,1,0,0,decomp; batch_server v7; dma STRM_POLL_US=0,973610304383720,973610304384350,973610304416180,973610305296029
c3_14q_decomp_p0-c3-9-r-1-1789960385,2026-09-20T20:13:05,c3,build_13b440c3_20260918192735,0.001,7de69de,single,9,-1,ok,,1,128,2,6,21.10,2.7013,973610558456121,973610561254149,2.798028,1248,196864,12288,41,757,1,c3_14q_decomp_p0,0,1,0,0,decomp; batch_server v7; dma STRM_POLL_US=0,973610558496541,973610558497191,973610558520262,973610561241999
c3_14q_decomp_p0-c3-9-r0-1789960385,2026-09-20T20:13:05,c3,build_13b440c3_20260918192735,0.001,7de69de,single,9,0,ok,,1,128,2,6,21.10,2.7013,973610805601563,973610808400901,2.799338,1248,196864,12288,42,732,1,c3_14q_decomp_p0,0,1,0,0,decomp; batch_server v7; dma STRM_POLL_US=0,973610805641903,973610805642573,973610805666503,973610808387031
c3_14q_decomp_p0-c3-9-r1-1789960385,2026-09-20T20:13:05,c3,build_13b440c3_20260918192735,0.001,7de69de,single,9,1,ok,,1,128,2,6,21.10,2.7013,973611051511172,973611054314310,2.803138,1248,196864,12288,40,756,1,c3_14q_decomp_p0,0,1,0,0,decomp; batch_server v7; dma STRM_POLL_US=0,973611051550363,973611051551133,973611051575633,973611054296670
c3_14q_decomp_p0-c3-9-r2-1789960386,2026-09-20T20:13:06,c3,build_13b440c3_20260918192735,0.001,7de69de,single,9,2,ok,,1,128,2,6,21.10,2.7013,973611297809576,973611300608564,2.798988,1248,196864,12288,44,761,1,c3_14q_decomp_p0,0,1,0,0,decomp; batch_server v7; dma STRM_POLL_US=0,973611297849746,973611297850356,973611297874716,973611300595533
c3_14q_decomp_p0-c3-9-r3-1789960386,2026-09-20T20:13:06,c3,build_13b440c3_20260918192735,0.001,7de69de,single,9,3,ok,,1,128,2,6,21.10,2.7013,973611545256270,973611548052858,2.796588,1248,196864,12288,37,753,1,c3_14q_decomp_p0,0,1,0,0,decomp; batch_server v7; dma STRM_POLL_US=0,973611545296551,973611545297601,973611545320571,973611548042398
c3_14q_decomp_p0-c3-9-r4-1789960386,2026-09-20T20:13:06,c3,build_13b440c3_20260918192735,0.001,7de69de,single,9,4,ok,,1,128,2,6,21.10,2.7013,973611792385902,973611795183390,2.797488,1248,196864,12288,41,737,1,c3_14q_decomp_p0,0,1,0,0,decomp; batch_server v7; dma STRM_POLL_US=0,973611792426303,973611792426953,973611792450733,973611795171540
c3_14q_decomp_p0-c3-9-r5-1789960386,2026-09-20T20:13:06,c3,build_13b440c3_20260918192735,0.001,7de69de,single,9,5,ok,,1,128,2,6,21.10,2.7013,973612038592545,973612041396623,2.804078,1248,196864,12288,40,760,1,c3_14q_decomp_p0,0,1,0,0,decomp; batch_server v7; dma STRM_POLL_US=0,973612038631665,973612038632315,973612038657355,973612041378462
c3_14q_decomp_p0-c3-9-r6-1789960387,2026-09-20T20:13:07,c3,build_13b440c3_20260918192735,0.001,7de69de,single,9,6,ok,,1,128,2,6,21.10,2.7013,973612285171611,973612287976419,2.804808,1248,196864,12288,43,736,1,c3_14q_decomp_p0,0,1,0,0,decomp; batch_server v7; dma STRM_POLL_US=0,973612285210731,973612285211491,973612285236031,973612287957069
c3_14q_decomp_p0-c3-9-r7-1789960387,2026-09-20T20:13:07,c3,build_13b440c3_20260918192735,0.001,7de69de,single,9,7,ok,,1,128,2,6,21.10,2.7013,973612572443744,973612575244842,2.801098,1248,196864,12288,43,756,1,c3_14q_decomp_p0,0,1,0,0,decomp; batch_server v7; dma STRM_POLL_US=0,973612572483584,973612572484214,973612572508455,973612575229542
c3_14q_decomp_p0-c3-9-r8-1789960387,2026-09-20T20:13:07,c3,build_13b440c3_20260918192735,0.001,7de69de,single,9,8,ok,,1,128,2,6,21.10,2.7013,973612820124841,973612822921289,2.796448,1248,196864,12288,42,740,1,c3_14q_decomp_p0,0,1,0,0,decomp; batch_server v7; dma STRM_POLL_US=0,973612820164492,973612820165132,973612820188782,973612822910499
c3_14q_decomp_p0-c3-9-r9-1789960387,2026-09-20T20:13:07,c3,build_13b440c3_20260918192735,0.001,7de69de,single,9,9,ok,,1,128,2,6,21.10,2.7013,973613065797088,973613068601646,2.804558,1248,196864,12288,38,749,1,c3_14q_decomp_p0,0,1,0,0,decomp; batch_server v7; dma STRM_POLL_US=0,973613065837179,973613065837829,973613065861579,973613068583376
c3_14q_decomp_p0-c3-12-r-1-1789960388,2026-09-20T20:13:08,c3,build_13b440c3_20260918192735,0.001,7de69de,single,12,-1,ok,,1,10000,2,1,5.43,54.3000,973613148454545,973613204347564,55.893019,192,33024,160000,46,8511,1,c3_14q_decomp_p0,0,1,0,0,decomp; batch_server v7; dma STRM_POLL_US=0,973613148462835,973613148463625,973613148468695,973613204329144
c3_14q_decomp_p0-c3-12-r0-1789960388,2026-09-20T20:13:08,c3,build_13b440c3_20260918192735,0.001,7de69de,single,12,0,ok,,1,10000,2,1,5.43,54.3000,973613240727918,973613296618777,55.890859,192,33024,160000,399,9135,1,c3_14q_decomp_p0,0,1,0,0,decomp; batch_server v7; dma STRM_POLL_US=0,973613240736548,973613240737218,973613240743048,973613296603037
c3_14q_decomp_p0-c3-12-r1-1789960388,2026-09-20T20:13:08,c3,build_13b440c3_20260918192735,0.001,7de69de,single,12,1,ok,,1,10000,2,1,5.43,54.3000,973613332606917,973613389231183,56.624266,192,33024,160000,49,8406,1,c3_14q_decomp_p0,0,1,0,0,decomp; batch_server v7; dma STRM_POLL_US=0,973613332615297,973613332615957,973613332621487,973613388481226
c3_14q_decomp_p0-c3-12-r2-1789960388,2026-09-20T20:13:08,c3,build_13b440c3_20260918192735,0.001,7de69de,single,12,2,ok,,1,10000,2,1,5.43,54.3000,973613424594437,973613480569897,55.97546,192,33024,160000,817,9090,1,c3_14q_decomp_p0,0,1,0,0,decomp; batch_server v7; dma STRM_POLL_US=0,973613424602497,973613424603177,973613424610087,973613480469326
c3_14q_decomp_p0-c3-12-r3-1789960388,2026-09-20T20:13:08,c3,build_13b440c3_20260918192735,0.001,7de69de,single,12,3,ok,,1,10000,2,1,5.43,54.3000,973613517996131,973613573887160,55.891029,192,33024,160000,747,9218,1,c3_14q_decomp_p0,0,1,0,0,decomp; batch_server v7; dma STRM_POLL_US=0,973613518004181,973613518004881,973613518011301,973613573870190
c3_14q_decomp_p0-c3-12-r4-1789960388,2026-09-20T20:13:08,c3,build_13b440c3_20260918192735,0.001,7de69de,single,12,4,ok,,1,10000,2,1,5.43,54.3000,973613609847390,973613665739779,55.892389,192,33024,160000,646,9291,1,c3_14q_decomp_p0,0,1,0,0,decomp; batch_server v7; dma STRM_POLL_US=0,973613609855500,973613609856330,973613609863570,973613665722538
c3_14q_decomp_p0-c3-12-r5-1789960388,2026-09-20T20:13:08,c3,build_13b440c3_20260918192735,0.001,7de69de,single,12,5,ok,,1,10000,2,1,5.43,54.3000,973613701258604,973613757149933,55.891329,192,33024,160000,275,9055,1,c3_14q_decomp_p0,0,1,0,0,decomp; batch_server v7; dma STRM_POLL_US=0,973613701266844,973613701267534,973613701273564,973613757133133
c3_14q_decomp_p0-c3-12-r6-1789960388,2026-09-20T20:13:08,c3,build_13b440c3_20260918192735,0.001,7de69de,single,12,6,ok,,1,10000,2,1,5.43,54.3000,973613792704798,973613848640198,55.9354,192,33024,160000,606,9249,1,c3_14q_decomp_p0,0,1,0,0,decomp; batch_server v7; dma STRM_POLL_US=0,973613792713019,973613792713719,973613792719439,973613848579557
c3_14q_decomp_p0-c3-12-r7-1789960388,2026-09-20T20:13:08,c3,build_13b440c3_20260918192735,0.001,7de69de,single,12,7,ok,,1,10000,2,1,5.43,54.3000,973613885590767,973613941479686,55.888919,192,33024,160000,43,8396,1,c3_14q_decomp_p0,0,1,0,0,decomp; batch_server v7; dma STRM_POLL_US=0,973613885598868,973613885599628,973613885605838,973613941465306
c3_14q_decomp_p0-c3-12-r8-1789960388,2026-09-20T20:13:08,c3,build_13b440c3_20260918192735,0.001,7de69de,single,12,8,ok,,1,10000,2,1,5.43,54.3000,973613976587708,973614032478467,55.890759,192,33024,160000,406,9115,1,c3_14q_decomp_p0,0,1,0,0,decomp; batch_server v7; dma STRM_POLL_US=0,973613976596118,973613976596778,973613976602468,973614032463036
c3_14q_decomp_p0-c3-12-r9-1789960389,2026-09-20T20:13:09,c3,build_13b440c3_20260918192735,0.001,7de69de,single,12,9,ok,,1,10000,2,1,5.43,54.3000,973614068989182,973614124879371,55.890189,192,33024,160000,268,8584,1,c3_14q_decomp_p0,0,1,0,0,decomp; batch_server v7; dma STRM_POLL_US=0,973614068996842,973614068997592,973614069004902,973614124863691
c3_14q_decomp_p0-c3-6-r-1-1789960389,2026-09-20T20:13:09,c3,build_13b440c3_20260918192735,0.001,7de69de,single,6,-1,ok,,1,1024,2,3,12.06,12.3515,973614233354526,973614245915551,12.561025,784,98560,40960,39,2239,1,c3_14q_decomp_p0,0,1,0,0,decomp; batch_server v7; dma STRM_POLL_US=0,973614233375136,973614233375816,973614233388906,973614245901511
c3_14q_decomp_p0-c3-6-r0-1789960389,2026-09-20T20:13:09,c3,build_13b440c3_20260918192735,0.001,7de69de,single,6,0,ok,,1,1024,2,3,12.06,12.3515,973614381400766,973614393961542,12.560776,784,98560,40960,38,2202,1,c3_14q_decomp_p0,0,1,0,0,decomp; batch_server v7; dma STRM_POLL_US=0,973614381421597,973614381422367,973614381435627,973614393946202
c3_14q_decomp_p0-c3-6-r1-1789960389,2026-09-20T20:13:09,c3,build_13b440c3_20260918192735,0.001,7de69de,single,6,1,ok,,1,1024,2,3,12.06,12.3515,973614528818741,973614541382866,12.564125,784,98560,40960,36,2219,1,c3_14q_decomp_p0,0,1,0,0,decomp; batch_server v7; dma STRM_POLL_US=0,973614528839781,973614528840431,973614528853931,973614541365446
c3_14q_decomp_p0-c3-6-r2-1789960389,2026-09-20T20:13:09,c3,build_13b440c3_20260918192735,0.001,7de69de,single,6,2,ok,,1,1024,2,3,12.06,12.3515,973614674876382,973614687440367,12.563985,784,98560,40960,33,2183,1,c3_14q_decomp_p0,0,1,0,0,decomp; batch_server v7; dma STRM_POLL_US=0,973614674897762,973614674898362,973614674911162,973614687422387
c3_14q_decomp_p0-c3-6-r3-1789960389,2026-09-20T20:13:09,c3,build_13b440c3_20260918192735,0.001,7de69de,single,6,3,ok,,1,1024,2,3,12.06,12.3515,973614821127154,973614833691580,12.564426,784,98560,40960,64,2227,1,c3_14q_decomp_p0,0,1,0,0,decomp; batch_server v7; dma STRM_POLL_US=0,973614821147935,973614821148705,973614821161625,973614833673220
c3_14q_decomp_p0-c3-6-r4-1789960389,2026-09-20T20:13:09,c3,build_13b440c3_20260918192735,0.001,7de69de,single,6,4,ok,,1,1024,2,3,12.06,12.3515,973614966328577,973614978893112,12.564535,784,98560,40960,39,2308,1,c3_14q_decomp_p0,0,1,0,0,decomp; batch_server v7; dma STRM_POLL_US=0,973614966349427,973614966350127,973614966364387,973614978874512
c3_14q_decomp_p0-c3-6-r5-1789960390,2026-09-20T20:13:10,c3,build_13b440c3_20260918192735,0.001,7de69de,single,6,5,ok,,1,1024,2,3,12.06,12.3515,973615112820692,973615125382687,12.561995,784,98560,40960,38,2220,1,c3_14q_decomp_p0,0,1,0,0,decomp; batch_server v7; dma STRM_POLL_US=0,973615112842022,973615112842692,973615112855702,973615125366427
c3_14q_decomp_p0-c3-6-r6-1789960390,2026-09-20T20:13:10,c3,build_13b440c3_20260918192735,0.001,7de69de,single,6,6,ok,,1,1024,2,3,12.06,12.3515,973615257429088,973615269991884,12.562796,784,98560,40960,65,2302,1,c3_14q_decomp_p0,0,1,0,0,decomp; batch_server v7; dma STRM_POLL_US=0,973615257450168,973615257450908,973615257463978,973615269975273
c3_14q_decomp_p0-c3-6-r7-1789960390,2026-09-20T20:13:10,c3,build_13b440c3_20260918192735,0.001,7de69de,single,6,7,ok,,1,1024,2,3,12.06,12.3515,973615405204896,973615417761702,12.556806,784,98560,40960,57,2255,1,c3_14q_decomp_p0,0,1,0,0,decomp; batch_server v7; dma STRM_POLL_US=0,973615405225906,973615405226536,973615405239346,973615417750501
c3_14q_decomp_p0-c3-6-r8-1789960390,2026-09-20T20:13:10,c3,build_13b440c3_20260918192735,0.001,7de69de,single,6,8,ok,,1,1024,2,3,12.06,12.3515,973615551055425,973615563620140,12.564715,784,98560,40960,36,2249,1,c3_14q_decomp_p0,0,1,0,0,decomp; batch_server v7; dma STRM_POLL_US=0,973615551076475,973615551077135,973615551090005,973615563601830
c3_14q_decomp_p0-c3-6-r9-1789960390,2026-09-20T20:13:10,c3,build_13b440c3_20260918192735,0.001,7de69de,single,6,9,ok,,1,1024,2,3,12.06,12.3515,973615696482999,973615709040005,12.557006,784,98560,40960,36,2278,1,c3_14q_decomp_p0,0,1,0,0,decomp; batch_server v7; dma STRM_POLL_US=0,973615696504469,973615696505089,973615696518610,973615709028995
c3_14q_decomp_p0-c3-5-r-1-1789960390,2026-09-20T20:13:10,c3,build_13b440c3_20260918192735,0.001,7de69de,single,5,-1,ok,,1,1000,2,3,14.50,14.4960,973615846467749,973615861169656,14.701907,768,98560,48000,39,2594,1,c3_14q_decomp_p0,0,1,0,0,decomp; batch_server v7; dma STRM_POLL_US=0,973615846488430,973615846489080,973615846502300,973615861155106
c3_14q_decomp_p0-c3-5-r0-1789960390,2026-09-20T20:13:10,c3,build_13b440c3_20260918192735,0.001,7de69de,single,5,0,ok,,1,1000,2,3,14.50,14.4960,973615993331288,973616008039695,14.708407,768,98560,48000,38,2665,1,c3_14q_decomp_p0,0,1,0,0,decomp; batch_server v7; dma STRM_POLL_US=0,973615993352268,973615993352878,973615993366059,973616008018265
c3_14q_decomp_p0-c3-5-r1-1789960391,2026-09-20T20:13:11,c3,build_13b440c3_20260918192735,0.001,7de69de,single,5,1,ok,,1,1000,2,3,14.50,14.4960,973616138103646,973616152802683,14.699037,768,98560,48000,39,2752,1,c3_14q_decomp_p0,0,1,0,0,decomp; batch_server v7; dma STRM_POLL_US=0,973616138124416,973616138125056,973616138139006,973616152790723
c3_14q_decomp_p0-c3-5-r2-1789960391,2026-09-20T20:13:11,c3,build_13b440c3_20260918192735,0.001,7de69de,single,5,2,ok,,1,1000,2,3,14.50,14.4960,973616284297168,973616299003185,14.706017,768,98560,48000,43,2777,1,c3_14q_decomp_p0,0,1,0,0,decomp; batch_server v7; dma STRM_POLL_US=0,973616284317718,973616284318388,973616284332539,973616298983805
c3_14q_decomp_p0-c3-5-r3-1789960391,2026-09-20T20:13:11,c3,build_13b440c3_20260918192735,0.001,7de69de,single,5,3,ok,,1,1000,2,3,14.50,14.4960,973616430313789,973616445018956,14.705167,768,98560,48000,41,2738,1,c3_14q_decomp_p0,0,1,0,0,decomp; batch_server v7; dma STRM_POLL_US=0,973616430334729,973616430335549,973616430348579,973616445001346
c3_14q_decomp_p0-c3-5-r4-1789960391,2026-09-20T20:13:11,c3,build_13b440c3_20260918192735,0.001,7de69de,single,5,4,ok,,1,1000,2,3,14.50,14.4960,973616575914635,973616590612552,14.697917,768,98560,48000,41,2731,1,c3_14q_decomp_p0,0,1,0,0,decomp; batch_server v7; dma STRM_POLL_US=0,973616575936185,973616575936825,973616575949865,973616590601652
c3_14q_decomp_p0-c3-5-r5-1789960391,2026-09-20T20:13:11,c3,build_13b440c3_20260918192735,0.001,7de69de,single,5,5,ok,,1,1000,2,3,14.50,14.4960,973616722064577,973616736774624,14.710047,768,98560,48000,39,2699,1,c3_14q_decomp_p0,0,1,0,0,decomp; batch_server v7; dma STRM_POLL_US=0,973616722085967,973616722086667,973616722099587,973616736751004
c3_14q_decomp_p0-c3-5-r6-1789960391,2026-09-20T20:13:11,c3,build_13b440c3_20260918192735,0.001,7de69de,single,5,6,ok,,1,1000,2,3,14.50,14.4960,973616865193448,973616879892335,14.698887,768,98560,48000,40,2738,1,c3_14q_decomp_p0,0,1,0,0,decomp; batch_server v7; dma STRM_POLL_US=0,973616865215058,973616865215788,973616865228609,973616879880355
c3_14q_decomp_p0-c3-5-r7-1789960391,2026-09-20T20:13:11,c3,build_13b440c3_20260918192735,0.001,7de69de,single,5,7,ok,,1,1000,2,3,14.50,14.4960,973617010057257,973617024755544,14.698287,768,98560,48000,47,2752,1,c3_14q_decomp_p0,0,1,0,0,decomp; batch_server v7; dma STRM_POLL_US=0,973617010078587,973617010079227,973617010091947,973617024743504
c3_14q_decomp_p0-c3-5-r8-1789960392,2026-09-20T20:13:12,c3,build_13b440c3_20260918192735,0.001,7de69de,single,5,8,ok,,1,1000,2,3,14.50,14.4960,973617156201189,973617170904646,14.703457,768,98560,48000,40,2780,1,c3_14q_decomp_p0,0,1,0,0,decomp; batch_server v7; dma STRM_POLL_US=0,973617156221949,973617156222669,973617156236269,973617170888026
c3_14q_decomp_p0-c3-5-r9-1789960392,2026-09-20T20:13:12,c3,build_13b440c3_20260918192735,0.001,7de69de,single,5,9,ok,,1,1000,2,3,14.50,14.4960,973617301499762,973617316212319,14.712557,768,98560,48000,38,2757,1,c3_14q_decomp_p0,0,1,0,0,decomp; batch_server v7; dma STRM_POLL_US=0,973617301520972,973617301521592,973617301535092,973617316187139
c3_14q_decomp_p0-c3-11-r-1-1789960392,2026-09-20T20:13:12,c3,build_13b440c3_20260918192735,0.001,7de69de,single,11,-1,ok,,1,1024,2,5,18.92,19.3761,973617521917556,973617541526913,19.609357,1392,164096,73728,44,4078,1,c3_14q_decomp_p0,0,1,0,0,decomp; batch_server v7; dma STRM_POLL_US=0,973617521951047,973617521951777,973617521972607,973617541508682
c3_14q_decomp_p0-c3-11-r0-1789960392,2026-09-20T20:13:12,c3,build_13b440c3_20260918192735,0.001,7de69de,single,11,0,ok,,1,1024,2,5,18.92,19.3761,973617731899957,973617751503133,19.603176,1392,164096,73728,468,4423,1,c3_14q_decomp_p0,0,1,0,0,decomp; batch_server v7; dma STRM_POLL_US=0,973617731933517,973617731934167,973617731954977,973617751490903
c3_14q_decomp_p0-c3-11-r1-1789960392,2026-09-20T20:13:12,c3,build_13b440c3_20260918192735,0.001,7de69de,single,11,1,ok,,1,1024,2,5,18.92,19.3761,973617941906317,973617961515023,19.608706,1392,164096,73728,35,4096,1,c3_14q_decomp_p0,0,1,0,0,decomp; batch_server v7; dma STRM_POLL_US=0,973617941939677,973617941940397,973617941960708,973617961496883
c3_14q_decomp_p0-c3-11-r2-1789960392,2026-09-20T20:13:12,c3,build_13b440c3_20260918192735,0.001,7de69de,single,11,2,ok,,1,1024,2,5,18.92,19.3761,973618150741946,973618170347812,19.605866,1392,164096,73728,45,4116,1,c3_14q_decomp_p0,0,1,0,0,decomp; batch_server v7; dma STRM_POLL_US=0,973618150775736,973618150776976,973618150796956,973618170333412
c3_14q_decomp_p0-c3-11-r3-1789960393,2026-09-20T20:13:13,c3,build_13b440c3_20260918192735,0.001,7de69de,single,11,3,ok,,1,1024,2,5,18.92,19.3761,973618359085479,973618378692816,19.607337,1392,164096,73728,505,4617,1,c3_14q_decomp_p0,0,1,0,0,decomp; batch_server v7; dma STRM_POLL_US=0,973618359119560,973618359120310,973618359140500,973618378677005
c3_14q_decomp_p0-c3-11-r4-1789960393,2026-09-20T20:13:13,c3,build_13b440c3_20260918192735,0.001,7de69de,single,11,4,ok,,1,1024,2,5,18.92,19.3761,973618567885768,973618587487764,19.601996,1392,164096,73728,38,3993,1,c3_14q_decomp_p0,0,1,0,0,decomp; batch_server v7; dma STRM_POLL_US=0,973618567919518,973618567920648,973618567940478,973618587476534
c3_14q_decomp_p0-c3-11-r5-1789960393,2026-09-20T20:13:13,c3,build_13b440c3_20260918192735,0.001,7de69de,single,11,5,ok,,1,1024,2,5,18.92,19.3761,973618777742127,973618797345503,19.603376,1392,164096,73728,88,4263,1,c3_14q_decomp_p0,0,1,0,0,decomp; batch_server v7; dma STRM_POLL_US=0,973618777776017,973618777776677,973618777796177,973618797332263
c3_14q_decomp_p0-c3-11-r6-1789960393,2026-09-20T20:13:13,c3,build_13b440c3_20260918192735,0.001,7de69de,single,11,6,ok,,1,1024,2,5,18.92,19.3761,973618988446734,973619008065390,19.618656,1392,164096,73728,47,4164,1,c3_14q_decomp_p0,0,1,0,0,decomp; batch_server v7; dma STRM_POLL_US=0,973618988480194,973618988480864,973618988501635,973619008037020
c3_14q_decomp_p0-c3-11-r7-1789960394,2026-09-20T20:13:14,c3,build_13b440c3_20260918192735,0.001,7de69de,single,11,7,ok,,1,1024,2,5,18.92,19.3761,973619238744867,973619258352423,19.607556,1392,164096,73728,352,4349,1,c3_14q_decomp_p0,0,1,0,0,decomp; batch_server v7; dma STRM_POLL_US=0,973619238778098,973619238778708,973619238799518,973619258335833
c3_14q_decomp_p0-c3-11-r8-1789960394,2026-09-20T20:13:14,c3,build_13b440c3_20260918192735,0.001,7de69de,single,11,8,ok,,1,1024,2,5,18.92,19.3761,973619448667527,973619468270043,19.602516,1392,164096,73728,45,4137,1,c3_14q_decomp_p0,0,1,0,0,decomp; batch_server v7; dma STRM_POLL_US=0,973619448701107,973619448701827,973619448722737,973619468257933
c3_14q_decomp_p0-c3-11-r9-1789960394,2026-09-20T20:13:14,c3,build_13b440c3_20260918192735,0.001,7de69de,single,11,9,ok,,1,1024,2,5,18.92,19.3761,973619656907790,973619676508226,19.600436,1392,164096,73728,45,4197,1,c3_14q_decomp_p0,0,1,0,0,decomp; batch_server v7; dma STRM_POLL_US=0,973619656941430,973619656942060,973619656962590,973619676497636
c3_14q_decomp_p0-c3-20-r-1-1789960394,2026-09-20T20:13:14,c3,build_13b440c3_20260918192735,0.001,7de69de,single,20,-1,ok,,1,1000,2,5,17.66,17.6580,973619858853259,973619876735728,17.882469,1008,164096,56000,43,3083,1,c3_14q_decomp_p0,0,1,0,0,decomp; batch_server v7; dma STRM_POLL_US=0,973619858886610,973619858887640,973619858907910,973619876722298
c3_14q_decomp_p0-c3-20-r0-1789960394,2026-09-20T20:13:14,c3,build_13b440c3_20260918192735,0.001,7de69de,single,20,0,ok,,1,1000,2,5,17.66,17.6580,973620055531437,973620073413745,17.882308,1008,164096,56000,42,3116,1,c3_14q_decomp_p0,0,1,0,0,decomp; batch_server v7; dma STRM_POLL_US=0,973620055565427,973620055566027,973620055585857,973620073400765
c3_14q_decomp_p0-c3-20-r1-1789960395,2026-09-20T20:13:15,c3,build_13b440c3_20260918192735,0.001,7de69de,single,20,1,ok,,1,1000,2,5,17.66,17.6580,973620250662898,973620268541747,17.878849,1008,164096,56000,43,3118,1,c3_14q_decomp_p0,0,1,0,0,decomp; batch_server v7; dma STRM_POLL_US=0,973620250697168,973620250697858,973620250717649,973620268532767
c3_14q_decomp_p0-c3-20-r2-1789960395,2026-09-20T20:13:15,c3,build_13b440c3_20260918192735,0.001,7de69de,single,20,2,ok,,1,1000,2,5,17.66,17.6580,973620446197784,973620464080113,17.882329,1008,164096,56000,35,3079,1,c3_14q_decomp_p0,0,1,0,0,decomp; batch_server v7; dma STRM_POLL_US=0,973620446231354,973620446231974,973620446252144,973620464066252
c3_14q_decomp_p0-c3-20-r3-1789960395,2026-09-20T20:13:15,c3,build_13b440c3_20260918192735,0.001,7de69de,single,20,3,ok,,1,1000,2,5,17.66,17.6580,973620643717789,973620661605988,17.888199,1008,164096,56000,37,3109,1,c3_14q_decomp_p0,0,1,0,0,decomp; batch_server v7; dma STRM_POLL_US=0,973620643750750,973620643751410,973620643771950,973620661586038
c3_14q_decomp_p0-c3-20-r4-1789960395,2026-09-20T20:13:15,c3,build_13b440c3_20260918192735,0.001,7de69de,single,20,4,ok,,1,1000,2,5,17.66,17.6580,973620842735780,973620860619689,17.883909,1008,164096,56000,334,3409,1,c3_14q_decomp_p0,0,1,0,0,decomp; batch_server v7; dma STRM_POLL_US=0,973620842769520,973620842770180,973620842790960,973620860604848
c3_14q_decomp_p0-c3-20-r5-1789960395,2026-09-20T20:13:15,c3,build_13b440c3_20260918192735,0.001,7de69de,single,20,5,ok,,1,1000,2,5,17.66,17.6580,973621038989353,973621056875862,17.886509,1008,164096,56000,38,3102,1,c3_14q_decomp_p0,0,1,0,0,decomp; batch_server v7; dma STRM_POLL_US=0,973621039022613,973621039023233,973621039044003,973621056857701
c3_14q_decomp_p0-c3-20-r6-1789960396,2026-09-20T20:13:16,c3,build_13b440c3_20260918192735,0.001,7de69de,single,20,6,ok,,1,1000,2,5,17.66,17.6580,973621234355247,973621252431857,18.07661,1008,164096,56000,38,2950,1,c3_14q_decomp_p0,0,1,0,0,decomp; batch_server v7; dma STRM_POLL_US=0,973621234389177,973621234389687,973621234409647,973621252223865
c3_14q_decomp_p0-c3-20-r7-1789960396,2026-09-20T20:13:16,c3,build_13b440c3_20260918192735,0.001,7de69de,single,20,7,ok,,1,1000,2,5,17.66,17.6580,973621429244306,973621447124095,17.879789,1008,164096,56000,42,3019,1,c3_14q_decomp_p0,0,1,0,0,decomp; batch_server v7; dma STRM_POLL_US=0,973621429277956,973621429278586,973621429298486,973621447112614
c3_14q_decomp_p0-c3-20-r8-1789960396,2026-09-20T20:13:16,c3,build_13b440c3_20260918192735,0.001,7de69de,single,20,8,ok,,1,1000,2,5,17.66,17.6580,973621626171805,973621644050624,17.878819,1008,164096,56000,40,3013,1,c3_14q_decomp_p0,0,1,0,0,decomp; batch_server v7; dma STRM_POLL_US=0,973621626204986,973621626205636,973621626225626,973621644039984
c3_14q_decomp_p0-c3-20-r9-1789960396,2026-09-20T20:13:16,c3,build_13b440c3_20260918192735,0.001,7de69de,single,20,9,ok,,1,1000,2,5,17.66,17.6580,973621822155876,973621840034324,17.878448,1008,164096,56000,38,3062,1,c3_14q_decomp_p0,0,1,0,0,decomp; batch_server v7; dma STRM_POLL_US=0,973621822189526,973621822190206,973621822210516,973621840024004
c3_14q_decomp_p0-c3-25-r-1-1789960396,2026-09-20T20:13:16,c3,build_13b440c3_20260918192735,0.001,7de69de,single,25,-1,ok,,1,1024,2,4,17.12,17.5309,973622005876363,973622023622070,17.745707,1344,131328,65536,40,3668,1,c3_14q_decomp_p0,0,1,0,0,decomp; batch_server v7; dma STRM_POLL_US=0,973622005903163,973622005903813,973622005920143,973622023610930
c3_14q_decomp_p0-c3-25-r0-1789960397,2026-09-20T20:13:17,c3,build_13b440c3_20260918192735,0.001,7de69de,single,25,0,ok,,1,1024,2,4,17.12,17.5309,973622184352698,973622202098876,17.746178,1344,131328,65536,46,3783,1,c3_14q_decomp_p0,0,1,0,0,decomp; batch_server v7; dma STRM_POLL_US=0,973622184380448,973622184381148,973622184397078,973622202088115
c3_14q_decomp_p0-c3-25-r1-1789960397,2026-09-20T20:13:17,c3,build_13b440c3_20260918192735,0.001,7de69de,single,25,1,ok,,1,1024,2,4,17.12,17.5309,973622361145586,973622378896134,17.750548,1344,131328,65536,44,3858,1,c3_14q_decomp_p0,0,1,0,0,decomp; batch_server v7; dma STRM_POLL_US=0,973622361172687,973622361173327,973622361189657,973622378880354
c3_14q_decomp_p0-c3-25-r2-1789960397,2026-09-20T20:13:17,c3,build_13b440c3_20260918192735,0.001,7de69de,single,25,2,ok,,1,1024,2,4,17.12,17.5309,973622540509870,973622558256288,17.746418,1344,131328,65536,39,3671,1,c3_14q_decomp_p0,0,1,0,0,decomp; batch_server v7; dma STRM_POLL_US=0,973622540536710,973622540537370,973622540554961,973622558244928
c3_14q_decomp_p0-c3-25-r3-1789960397,2026-09-20T20:13:17,c3,build_13b440c3_20260918192735,0.001,7de69de,single,25,3,ok,,1,1024,2,4,17.12,17.5309,973622717473430,973622735222498,17.749068,1344,131328,65536,37,3752,1,c3_14q_decomp_p0,0,1,0,0,decomp; batch_server v7; dma STRM_POLL_US=0,973622717499710,973622717500460,973622717517521,973622735208987
c3_14q_decomp_p0-c3-25-r4-1789960397,2026-09-20T20:13:17,c3,build_13b440c3_20260918192735,0.001,7de69de,single,25,4,ok,,1,1024,2,4,17.12,17.5309,973622894991136,973622912738373,17.747237,1344,131328,65536,45,3705,1,c3_14q_decomp_p0,0,1,0,0,decomp; batch_server v7; dma STRM_POLL_US=0,973622895018176,973622895018896,973622895035356,973622912727023
c3_14q_decomp_p0-c3-25-r5-1789960397,2026-09-20T20:13:17,c3,build_13b440c3_20260918192735,0.001,7de69de,single,25,5,ok,,1,1024,2,4,17.12,17.5309,973623072279799,973623090033766,17.753967,1344,131328,65536,35,3617,1,c3_14q_decomp_p0,0,1,0,0,decomp; batch_server v7; dma STRM_POLL_US=0,973623072306429,973623072307049,973623072324719,973623090015056
c3_14q_decomp_p0-c3-25-r6-1789960398,2026-09-20T20:13:18,c3,build_13b440c3_20260918192735,0.001,7de69de,single,25,6,ok,,1,1024,2,4,17.12,17.5309,973623249674153,973623267424700,17.750547,1344,131328,65536,39,3636,1,c3_14q_decomp_p0,0,1,0,0,decomp; batch_server v7; dma STRM_POLL_US=0,973623249700873,973623249702003,973623249718653,973623267409830
c3_14q_decomp_p0-c3-25-r7-1789960398,2026-09-20T20:13:18,c3,build_13b440c3_20260918192735,0.001,7de69de,single,25,7,ok,,1,1024,2,4,17.12,17.5309,973623428697393,973623446443381,17.745988,1344,131328,65536,44,3612,1,c3_14q_decomp_p0,0,1,0,0,decomp; batch_server v7; dma STRM_POLL_US=0,973623428724434,973623428725084,973623428741784,973623446432461
c3_14q_decomp_p0-c3-25-r8-1789960398,2026-09-20T20:13:18,c3,build_13b440c3_20260918192735,0.001,7de69de,single,25,8,ok,,1,1024,2,4,17.12,17.5309,973623605420831,973623623165678,17.744847,1344,131328,65536,383,3999,1,c3_14q_decomp_p0,0,1,0,0,decomp; batch_server v7; dma STRM_POLL_US=0,973623605448081,973623605448731,973623605466251,973623623156128
c3_14q_decomp_p0-c3-25-r9-1789960398,2026-09-20T20:13:18,c3,build_13b440c3_20260918192735,0.001,7de69de,single,25,9,ok,,1,1024,2,4,17.12,17.5309,973623778825555,973623796576533,17.750978,1344,131328,65536,42,3475,1,c3_14q_decomp_p0,0,1,0,0,decomp; batch_server v7; dma STRM_POLL_US=0,973623778853236,973623778853866,973623778870856,973623796560873
c3_14q_decomp_p0-c3-8-r-1-1789960398,2026-09-20T20:13:18,c3,build_13b440c3_20260918192735,0.001,7de69de,single,8,-1,ok,,1,1024,2,5,17.97,18.4054,973623991679854,973624010316841,18.636987,1040,164096,81920,64,4378,1,c3_14q_decomp_p0,0,1,0,0,decomp; batch_server v7; dma STRM_POLL_US=0,973623991713784,973623991714394,973623991735115,973624010299300
c3_14q_decomp_p0-c3-8-r0-1789960399,2026-09-20T20:13:19,c3,build_13b440c3_20260918192735,0.001,7de69de,single,8,0,ok,,1,1024,2,5,17.97,18.4054,973624198572143,973624217207040,18.634897,1040,164096,81920,45,4311,1,c3_14q_decomp_p0,0,1,0,0,decomp; batch_server v7; dma STRM_POLL_US=0,973624198605424,973624198606084,973624198627494,973624217191420
c3_14q_decomp_p0-c3-8-r1-1789960399,2026-09-20T20:13:19,c3,build_13b440c3_20260918192735,0.001,7de69de,single,8,1,ok,,1,1024,2,5,17.97,18.4054,973624408617594,973624427249471,18.631877,1040,164096,81920,36,4533,1,c3_14q_decomp_p0,0,1,0,0,decomp; batch_server v7; dma STRM_POLL_US=0,973624408651134,973624408651835,973624408673095,973624427237410
c3_14q_decomp_p0-c3-8-r2-1789960399,2026-09-20T20:13:19,c3,build_13b440c3_20260918192735,0.001,7de69de,single,8,2,ok,,1,1024,2,5,17.97,18.4054,973624617240051,973624635873087,18.633036,1040,164096,81920,47,4564,1,c3_14q_decomp_p0,0,1,0,0,decomp; batch_server v7; dma STRM_POLL_US=0,973624617274321,973624617274941,973624617295521,973624635860397
c3_14q_decomp_p0-c3-8-r3-1789960399,2026-09-20T20:13:19,c3,build_13b440c3_20260918192735,0.001,7de69de,single,8,3,ok,,1,1024,2,5,17.97,18.4054,973624827745496,973624846383713,18.638217,1040,164096,81920,77,4512,1,c3_14q_decomp_p0,0,1,0,0,decomp; batch_server v7; dma STRM_POLL_US=0,973624827779466,973624827780166,973624827800717,973624846365992
c3_14q_decomp_p0-c3-8-r4-1789960399,2026-09-20T20:13:19,c3,build_13b440c3_20260918192735,0.001,7de69de,single,8,4,ok,,1,1024,2,5,17.97,18.4054,973625038114210,973625056750837,18.636627,1040,164096,81920,214,4907,1,c3_14q_decomp_p0,0,1,0,0,decomp; batch_server v7; dma STRM_POLL_US=0,973625038147780,973625038148430,973625038168891,973625056734656
c3_14q_decomp_p0-c3-8-r5-1789960400,2026-09-20T20:13:20,c3,build_13b440c3_20260918192735,0.001,7de69de,single,8,5,ok,,1,1024,2,5,17.97,18.4054,973625248277242,973625266914608,18.637366,1040,164096,81920,43,4614,1,c3_14q_decomp_p0,0,1,0,0,decomp; batch_server v7; dma STRM_POLL_US=0,973625248310312,973625248310972,973625248331643,973625266897328
c3_14q_decomp_p0-c3-8-r6-1789960400,2026-09-20T20:13:20,c3,build_13b440c3_20260918192735,0.001,7de69de,single,8,6,ok,,1,1024,2,5,17.97,18.4054,973625459291663,973625477928009,18.636346,1040,164096,81920,45,4536,1,c3_14q_decomp_p0,0,1,0,0,decomp; batch_server v7; dma STRM_POLL_US=0,973625459325213,973625459326123,973625459346683,973625477912219
c3_14q_decomp_p0-c3-8-r7-1789960400,2026-09-20T20:13:20,c3,build_13b440c3_20260918192735,0.001,7de69de,single,8,7,ok,,1,1024,2,5,17.97,18.4054,973625669726867,973625688356524,18.629657,1040,164096,81920,40,4649,1,c3_14q_decomp_p0,0,1,0,0,decomp; batch_server v7; dma STRM_POLL_US=0,973625669760258,973625669760998,973625669781888,973625688346763
c3_14q_decomp_p0-c3-8-r8-1789960400,2026-09-20T20:13:20,c3,build_13b440c3_20260918192735,0.001,7de69de,single,8,8,ok,,1,1024,2,5,17.97,18.4054,973625881128562,973625899767018,18.638456,1040,164096,81920,45,4529,1,c3_14q_decomp_p0,0,1,0,0,decomp; batch_server v7; dma STRM_POLL_US=0,973625881162522,973625881163142,973625881183352,973625899748458
c3_14q_decomp_p0-c3-8-r9-1789960400,2026-09-20T20:13:20,c3,build_13b440c3_20260918192735,0.001,7de69de,single,8,9,ok,,1,1024,2,5,17.97,18.4054,973626091301854,973626109932270,18.630416,1040,164096,81920,35,4638,1,c3_14q_decomp_p0,0,1,0,0,decomp; batch_server v7; dma STRM_POLL_US=0,973626091335214,973626091335864,973626091356874,973626109922760
c3_14q_decomp_p0-c3-13-r-1-1789960401,2026-09-20T20:13:21,c3,build_13b440c3_20260918192735,0.001,7de69de,single,13,-1,ok,,1,500,2,4,26.47,13.2360,973626283134992,973626296505726,13.370734,3008,131328,32000,51,1799,1,c3_14q_decomp_p0,0,1,0,0,decomp; batch_server v7; dma STRM_POLL_US=0,973626283162253,973626283162853,973626283179363,973626296493466
c3_14q_decomp_p0-c3-13-r0-1789960401,2026-09-20T20:13:21,c3,build_13b440c3_20260918192735,0.001,7de69de,single,13,0,ok,,1,500,2,4,26.47,13.2360,973626460276764,973626473652658,13.375894,3008,131328,32000,37,1755,1,c3_14q_decomp_p0,0,1,0,0,decomp; batch_server v7; dma STRM_POLL_US=0,973626460304484,973626460305084,973626460321654,973626473635778
c3_14q_decomp_p0-c3-13-r1-1789960401,2026-09-20T20:13:21,c3,build_13b440c3_20260918192735,0.001,7de69de,single,13,1,ok,,1,500,2,4,26.47,13.2360,973626638179273,973626651554237,13.374964,3008,131328,32000,39,1787,1,c3_14q_decomp_p0,0,1,0,0,decomp; batch_server v7; dma STRM_POLL_US=0,973626638206444,973626638207094,973626638224004,973626651537967
c3_14q_decomp_p0-c3-13-r2-1789960401,2026-09-20T20:13:21,c3,build_13b440c3_20260918192735,0.001,7de69de,single,13,2,ok,,1,500,2,4,26.47,13.2360,973626816187814,973626829561777,13.373963,3008,131328,32000,38,1776,1,c3_14q_decomp_p0,0,1,0,0,decomp; batch_server v7; dma STRM_POLL_US=0,973626816215224,973626816215884,973626816232374,973626829546477
c3_14q_decomp_p0-c3-13-r3-1789960401,2026-09-20T20:13:21,c3,build_13b440c3_20260918192735,0.001,7de69de,single,13,3,ok,,1,500,2,4,26.47,13.2360,973626994211824,973627007587338,13.375514,3008,131328,32000,61,1806,1,c3_14q_decomp_p0,0,1,0,0,decomp; batch_server v7; dma STRM_POLL_US=0,973626994239134,973626994239814,973626994256355,973627007570658
c3_14q_decomp_p0-c3-13-r4-1789960402,2026-09-20T20:13:22,c3,build_13b440c3_20260918192735,0.001,7de69de,single,13,4,ok,,1,500,2,4,26.47,13.2360,973627172016182,973627185384946,13.368764,3008,131328,32000,36,1773,1,c3_14q_decomp_p0,0,1,0,0,decomp; batch_server v7; dma STRM_POLL_US=0,973627172043363,973627172044513,973627172061163,973627185374546
c3_14q_decomp_p0-c3-13-r5-1789960402,2026-09-20T20:13:22,c3,build_13b440c3_20260918192735,0.001,7de69de,single,13,5,ok,,1,500,2,4,26.47,13.2360,973627349774940,973627363149354,13.374414,3008,131328,32000,35,1750,1,c3_14q_decomp_p0,0,1,0,0,decomp; batch_server v7; dma STRM_POLL_US=0,973627349801761,973627349802921,973627349819261,973627363134294
c3_14q_decomp_p0-c3-13-r6-1789960402,2026-09-20T20:13:22,c3,build_13b440c3_20260918192735,0.001,7de69de,single,13,6,ok,,1,500,2,4,26.47,13.2360,973627528528198,973627541911812,13.383614,3008,131328,32000,37,1767,1,c3_14q_decomp_p0,0,1,0,0,decomp; batch_server v7; dma STRM_POLL_US=0,973627528555548,973627528556248,973627528573259,973627541887382
c3_14q_decomp_p0-c3-13-r7-1789960402,2026-09-20T20:13:22,c3,build_13b440c3_20260918192735,0.001,7de69de,single,13,7,ok,,1,500,2,4,26.47,13.2360,973627707451678,973627720829541,13.377863,3008,131328,32000,37,1768,1,c3_14q_decomp_p0,0,1,0,0,decomp; batch_server v7; dma STRM_POLL_US=0,973627707479368,973627707480058,973627707497058,973627720810151
c3_14q_decomp_p0-c3-13-r8-1789960402,2026-09-20T20:13:22,c3,build_13b440c3_20260918192735,0.001,7de69de,single,13,8,ok,,1,500,2,4,26.47,13.2360,973627887918543,973627901291826,13.373283,3008,131328,32000,36,1753,1,c3_14q_decomp_p0,0,1,0,0,decomp; batch_server v7; dma STRM_POLL_US=0,973627887945663,973627887946323,973627887963383,973627901276546
c3_14q_decomp_p0-c3-13-r9-1789960402,2026-09-20T20:13:22,c3,build_13b440c3_20260918192735,0.001,7de69de,single,13,9,ok,,1,500,2,4,26.47,13.2360,973628066562399,973628079941513,13.379114,3008,131328,32000,63,1799,1,c3_14q_decomp_p0,0,1,0,0,decomp; batch_server v7; dma STRM_POLL_US=0,973628066589290,973628066589910,973628066607590,973628079920753
c3_14q_decomp_p0-c3-7-r-1-1789960403,2026-09-20T20:13:23,c3,build_13b440c3_20260918192735,0.001,7de69de,single,7,-1,ok,,1,8192,2,4,14.84,121.6020,973628250628030,973628373562450,122.93442,832,131328,524288,46,27134,1,c3_14q_decomp_p0,0,1,0,0,decomp; batch_server v7; dma STRM_POLL_US=0,973628250654961,973628250655621,973628250672561,973628373553010
c3_14q_decomp_p0-c3-7-r0-1789960403,2026-09-20T20:13:23,c3,build_13b440c3_20260918192735,0.001,7de69de,single,7,0,ok,,1,8192,2,4,14.84,121.6020,973628511536420,973628634472669,122.936249,832,131328,524288,462,28727,1,c3_14q_decomp_p0,0,1,0,0,decomp; batch_server v7; dma STRM_POLL_US=0,973628511563690,973628511564360,973628511580640,973628634461379
c3_14q_decomp_p0-c3-7-r1-1789960403,2026-09-20T20:13:23,c3,build_13b440c3_20260918192735,0.001,7de69de,single,7,1,ok,,1,8192,2,4,14.84,121.6020,973628770932014,973628893873574,122.94156,832,131328,524288,888,28931,1,c3_14q_decomp_p0,0,1,0,0,decomp; batch_server v7; dma STRM_POLL_US=0,973628770959334,973628770959994,973628770976545,973628893856524
c3_14q_decomp_p0-c3-7-r2-1789960403,2026-09-20T20:13:23,c3,build_13b440c3_20260918192735,0.001,7de69de,single,7,2,ok,,1,8192,2,4,14.84,121.6020,973629031280918,973629154216418,122.9355,832,131328,524288,356,28579,1,c3_14q_decomp_p0,0,1,0,0,decomp; batch_server v7; dma STRM_POLL_US=0,973629031307618,973629031308268,973629031326278,973629154205047
c3_14q_decomp_p0-c3-7-r3-1789960404,2026-09-20T20:13:24,c3,build_13b440c3_20260918192735,0.001,7de69de,single,7,3,ok,,1,8192,2,4,14.84,121.6020,973629301959355,973629424896475,122.93712,832,131328,524288,683,28724,1,c3_14q_decomp_p0,0,1,0,0,decomp; batch_server v7; dma STRM_POLL_US=0,973629301985975,973629301986615,973629302003986,973629424884085
c3_14q_decomp_p0-c3-7-r4-1789960404,2026-09-20T20:13:24,c3,build_13b440c3_20260918192735,0.001,7de69de,single,7,4,ok,,1,8192,2,4,14.84,121.6020,973629561824194,973629684760804,122.93661,832,131328,524288,334,27154,1,c3_14q_decomp_p0,0,1,0,0,decomp; batch_server v7; dma STRM_POLL_US=0,973629561851165,973629561851815,973629561868825,973629684748534
c3_14q_decomp_p0-c3-7-r5-1789960404,2026-09-20T20:13:24,c3,build_13b440c3_20260918192735,0.001,7de69de,single,7,5,ok,,1,8192,2,4,14.84,121.6020,973629820706063,973629943640383,122.93432,832,131328,524288,371,27275,1,c3_14q_decomp_p0,0,1,0,0,decomp; batch_server v7; dma STRM_POLL_US=0,973629820733384,973629820734174,973629820750374,973629943630593
c3_14q_decomp_p0-c3-7-r6-1789960404,2026-09-20T20:13:24,c3,build_13b440c3_20260918192735,0.001,7de69de,single,7,6,ok,,1,8192,2,4,14.84,121.6020,973630079806895,973630202743984,122.937089,832,131328,524288,702,27819,1,c3_14q_decomp_p0,0,1,0,0,decomp; batch_server v7; dma STRM_POLL_US=0,973630079833855,973630079834475,973630079851455,973630202731144
c3_14q_decomp_p0-c3-7-r7-1789960405,2026-09-20T20:13:25,c3,build_13b440c3_20260918192735,0.001,7de69de,single,7,7,ok,,1,8192,2,4,14.84,121.6020,973630339409861,973630462344431,122.93457,832,131328,524288,652,28724,1,c3_14q_decomp_p0,0,1,0,0,decomp; batch_server v7; dma STRM_POLL_US=0,973630339437092,973630339437912,973630339454762,973630462334761
c3_14q_decomp_p0-c3-7-r8-1789960405,2026-09-20T20:13:25,c3,build_13b440c3_20260918192735,0.001,7de69de,single,7,8,ok,,1,8192,2,4,14.84,121.6020,973630598078668,973630721026998,122.94833,832,131328,524288,345,27947,1,c3_14q_decomp_p0,0,1,0,0,decomp; batch_server v7; dma STRM_POLL_US=0,973630598105539,973630598106169,973630598123299,973630721003318
c3_14q_decomp_p0-c3-7-r9-1789960405,2026-09-20T20:13:25,c3,build_13b440c3_20260918192735,0.001,7de69de,single,7,9,ok,,1,8192,2,4,14.84,121.6020,973630856279891,973630979218110,122.938219,832,131328,524288,676,28561,1,c3_14q_decomp_p0,0,1,0,0,decomp; batch_server v7; dma STRM_POLL_US=0,973630856307351,973630856307981,973630856324481,973630979204840
c3_14q_decomp_p0-c3-4-r-1-1789960405,2026-09-20T20:13:25,c3,build_13b440c3_20260918192735,0.001,7de69de,single,4,-1,ok,,1,1000,2,2,8.94,8.9400,973631053343512,973631062474203,9.130691,512,65792,32000,38,1731,1,c3_14q_decomp_p0,0,1,0,0,decomp; batch_server v7; dma STRM_POLL_US=0,973631053357722,973631053358942,973631053367702,973631062463553
c3_14q_decomp_p0-c3-4-r0-1789960406,2026-09-20T20:13:26,c3,build_13b440c3_20260918192735,0.001,7de69de,single,4,0,ok,,1,1000,2,2,8.94,8.9400,973631131412243,973631140548964,9.136721,512,65792,32000,37,1766,1,c3_14q_decomp_p0,0,1,0,0,decomp; batch_server v7; dma STRM_POLL_US=0,973631131426973,973631131427613,973631131437753,973631140533124
c3_14q_decomp_p0-c3-4-r1-1789960406,2026-09-20T20:13:26,c3,build_13b440c3_20260918192735,0.001,7de69de,single,4,1,ok,,1,1000,2,2,8.94,8.9400,973631209298232,973631218443523,9.145291,512,65792,32000,40,1732,1,c3_14q_decomp_p0,0,1,0,0,decomp; batch_server v7; dma STRM_POLL_US=0,973631209312202,973631209312822,973631209322952,973631218418683
c3_14q_decomp_p0-c3-4-r2-1789960406,2026-09-20T20:13:26,c3,build_13b440c3_20260918192735,0.001,7de69de,single,4,2,ok,,1,1000,2,2,8.94,8.9400,973631286867257,973631296012559,9.145302,512,65792,32000,37,1768,1,c3_14q_decomp_p0,0,1,0,0,decomp; batch_server v7; dma STRM_POLL_US=0,973631286881628,973631286882278,973631286892928,973631295988849
c3_14q_decomp_p0-c3-4-r3-1789960406,2026-09-20T20:13:26,c3,build_13b440c3_20260918192735,0.001,7de69de,single,4,3,ok,,1,1000,2,2,8.94,8.9400,973631363988909,973631373129030,9.140121,512,65792,32000,37,1750,1,c3_14q_decomp_p0,0,1,0,0,decomp; batch_server v7; dma STRM_POLL_US=0,973631364013449,973631364014119,973631364020569,973631373111050
c3_14q_decomp_p0-c3-4-r4-1789960406,2026-09-20T20:13:26,c3,build_13b440c3_20260918192735,0.001,7de69de,single,4,4,ok,,1,1000,2,2,8.94,8.9400,973631442174081,973631451305352,9.131271,512,65792,32000,34,1730,1,c3_14q_decomp_p0,0,1,0,0,decomp; batch_server v7; dma STRM_POLL_US=0,973631442188671,973631442189301,973631442198181,973631451294922
c3_14q_decomp_p0-c3-4-r5-1789960406,2026-09-20T20:13:26,c3,build_13b440c3_20260918192735,0.001,7de69de,single,4,5,ok,,1,1000,2,2,8.94,8.9400,973631520330672,973631529471854,9.141182,512,65792,32000,36,1794,1,c3_14q_decomp_p0,0,1,0,0,decomp; batch_server v7; dma STRM_POLL_US=0,973631520344833,973631520345453,973631520354743,973631529451274
c3_14q_decomp_p0-c3-4-r6-1789960406,2026-09-20T20:13:26,c3,build_13b440c3_20260918192735,0.001,7de69de,single,4,6,ok,,1,1000,2,2,8.94,8.9400,973631598476374,973631607616575,9.140201,512,65792,32000,39,1739,1,c3_14q_decomp_p0,0,1,0,0,decomp; batch_server v7; dma STRM_POLL_US=0,973631598490694,973631598491314,973631598501544,973631607596995
c3_14q_decomp_p0-c3-4-r7-1789960406,2026-09-20T20:13:26,c3,build_13b440c3_20260918192735,0.001,7de69de,single,4,7,ok,,1,1000,2,2,8.94,8.9400,973631678483034,973631687619856,9.136822,512,65792,32000,48,1921,1,c3_14q_decomp_p0,0,1,0,0,decomp; batch_server v7; dma STRM_POLL_US=0,973631678497644,973631678498324,973631678508314,973631687604925
c3_14q_decomp_p0-c3-4-r8-1789960406,2026-09-20T20:13:26,c3,build_13b440c3_20260918192735,0.001,7de69de,single,4,8,ok,,1,1000,2,2,8.94,8.9400,973631757605836,973631766744277,9.138441,512,65792,32000,38,1733,1,c3_14q_decomp_p0,0,1,0,0,decomp; batch_server v7; dma STRM_POLL_US=0,973631757620266,973631757621016,973631757630176,973631766726497
c3_14q_decomp_p0-c3-4-r9-1789960406,2026-09-20T20:13:26,c3,build_13b440c3_20260918192735,0.001,7de69de,single,4,9,ok,,1,1000,2,2,8.94,8.9400,973631836062520,973631845200902,9.138382,512,65792,32000,35,1728,1,c3_14q_decomp_p0,0,1,0,0,decomp; batch_server v7; dma STRM_POLL_US=0,973631836077340,973631836078140,973631836086440,973631845183171
c3_14q_decomp_p0-c3-3-r-1-1789960406,2026-09-20T20:13:26,c3,build_13b440c3_20260918192735,0.001,7de69de,single,3,-1,ok,,1,4000,2,2,8.58,34.3360,973631917186262,973631952183972,34.99771,448,65792,128000,46,6711,1,c3_14q_decomp_p0,0,1,0,0,decomp; batch_server v7; dma STRM_POLL_US=0,973631917201152,973631917201812,973631917210662,973631952170701
c3_14q_decomp_p0-c3-3-r0-1789960406,2026-09-20T20:13:26,c3,build_13b440c3_20260918192735,0.001,7de69de,single,3,0,ok,,1,4000,2,2,8.58,34.3360,973632022085931,973632057087721,35.00179,448,65792,128000,47,6942,1,c3_14q_decomp_p0,0,1,0,0,decomp; batch_server v7; dma STRM_POLL_US=0,973632022100351,973632022100981,973632022110141,973632057070631
c3_14q_decomp_p0-c3-3-r1-1789960407,2026-09-20T20:13:27,c3,build_13b440c3_20260918192735,0.001,7de69de,single,3,1,ok,,1,4000,2,2,8.58,34.3360,973632126828838,973632161825508,34.99667,448,65792,128000,380,7093,1,c3_14q_decomp_p0,0,1,0,0,decomp; batch_server v7; dma STRM_POLL_US=0,973632126843268,973632126844078,973632126852849,973632161813568
c3_14q_decomp_p0-c3-3-r2-1789960407,2026-09-20T20:13:27,c3,build_13b440c3_20260918192735,0.001,7de69de,single,3,2,ok,,1,4000,2,2,8.58,34.3360,973632230802978,973632265797328,34.99435,448,65792,128000,267,6927,1,c3_14q_decomp_p0,0,1,0,0,decomp; batch_server v7; dma STRM_POLL_US=0,973632230817318,973632230817978,973632230826808,973632265787358
c3_14q_decomp_p0-c3-3-r3-1789960407,2026-09-20T20:13:27,c3,build_13b440c3_20260918192735,0.001,7de69de,single,3,3,ok,,1,4000,2,2,8.58,34.3360,973632335334074,973632370331554,34.99748,448,65792,128000,48,6696,1,c3_14q_decomp_p0,0,1,0,0,decomp; batch_server v7; dma STRM_POLL_US=0,973632335348294,973632335348974,973632335358274,973632370320514
c3_14q_decomp_p0-c3-3-r4-1789960407,2026-09-20T20:13:27,c3,build_13b440c3_20260918192735,0.001,7de69de,single,3,4,ok,,1,4000,2,2,8.58,34.3360,973632439314754,973632474309954,34.9952,448,65792,128000,429,7037,1,c3_14q_decomp_p0,0,1,0,0,decomp; batch_server v7; dma STRM_POLL_US=0,973632439328934,973632439329674,973632439339804,973632474300304
c3_14q_decomp_p0-c3-3-r5-1789960407,2026-09-20T20:13:27,c3,build_13b440c3_20260918192735,0.001,7de69de,single,3,5,ok,,1,4000,2,2,8.58,34.3360,973632543876389,973632578873799,34.99741,448,65792,128000,48,6644,1,c3_14q_decomp_p0,0,1,0,0,decomp; batch_server v7; dma STRM_POLL_US=0,973632543891120,973632543891780,973632543900900,973632578860659
c3_14q_decomp_p0-c3-3-r6-1789960407,2026-09-20T20:13:27,c3,build_13b440c3_20260918192735,0.001,7de69de,single,3,6,ok,,1,4000,2,2,8.58,34.3360,973632648971561,973632683971521,34.99996,448,65792,128000,52,6643,1,c3_14q_decomp_p0,0,1,0,0,decomp; batch_server v7; dma STRM_POLL_US=0,973632648986321,973632648986971,973632648996931,973632683956290
c3_14q_decomp_p0-c3-3-r7-1789960407,2026-09-20T20:13:27,c3,build_13b440c3_20260918192735,0.001,7de69de,single,3,7,ok,,1,4000,2,2,8.58,34.3360,973632754771619,973632789776829,35.00521,448,65792,128000,45,7048,1,c3_14q_decomp_p0,0,1,0,0,decomp; batch_server v7; dma STRM_POLL_US=0,973632754785549,973632754786199,973632754796559,973632789756909
c3_14q_decomp_p0-c3-3-r8-1789960407,2026-09-20T20:13:27,c3,build_13b440c3_20260918192735,0.001,7de69de,single,3,8,ok,,1,4000,2,2,8.58,34.3360,973632859535257,973632894536807,35.00155,448,65792,128000,411,7016,1,c3_14q_decomp_p0,0,1,0,0,decomp; batch_server v7; dma STRM_POLL_US=0,973632859549497,973632859550167,973632859559337,973632894519716
c3_14q_decomp_p0-c3-3-r9-1789960407,2026-09-20T20:13:27,c3,build_13b440c3_20260918192735,0.001,7de69de,single,3,9,ok,,1,4000,2,2,8.58,34.3360,973632965810839,973633000809229,34.99839,448,65792,128000,47,6849,1,c3_14q_decomp_p0,0,1,0,0,decomp; batch_server v7; dma STRM_POLL_US=0,973632965825030,973632965825680,973632965834830,973633000794739
c3_14q_decomp_p0-c3-2-r-1-1789960408,2026-09-20T20:13:28,c3,build_13b440c3_20260918192735,0.001,7de69de,single,2,-1,ok,,1,8192,2,3,11.71,95.9611,973633108579847,973633205865500,97.285653,624,98560,393216,394,20908,1,c3_14q_decomp_p0,0,1,0,0,decomp; batch_server v7; dma STRM_POLL_US=0,973633108600718,973633108601378,973633108614998,973633205854100
c3_14q_decomp_p0-c3-2-r0-1789960408,2026-09-20T20:13:28,c3,build_13b440c3_20260918192735,0.001,7de69de,single,2,0,ok,,1,8192,2,3,11.71,95.9611,973633309918311,973633407203244,97.284933,624,98560,393216,356,20833,1,c3_14q_decomp_p0,0,1,0,0,decomp; batch_server v7; dma STRM_POLL_US=0,973633309938881,973633309939541,973633309952791,973633407191414
c3_14q_decomp_p0-c3-2-r1-1789960408,2026-09-20T20:13:28,c3,build_13b440c3_20260918192735,0.001,7de69de,single,2,1,ok,,1,8192,2,3,11.71,95.9611,973633510622738,973633607909691,97.286953,624,98560,393216,354,21294,1,c3_14q_decomp_p0,0,1,0,0,decomp; batch_server v7; dma STRM_POLL_US=0,973633510643839,973633510644419,973633510657169,973633607896181
c3_14q_decomp_p0-c3-2-r2-1789960408,2026-09-20T20:13:28,c3,build_13b440c3_20260918192735,0.001,7de69de,single,2,2,ok,,1,8192,2,3,11.71,95.9611,973633710161034,973633807448887,97.287853,624,98560,393216,1014,22045,1,c3_14q_decomp_p0,0,1,0,0,decomp; batch_server v7; dma STRM_POLL_US=0,973633710181594,973633710182334,973633710195584,973633807434747
c3_14q_decomp_p0-c3-2-r3-1789960408,2026-09-20T20:13:28,c3,build_13b440c3_20260918192735,0.001,7de69de,single,2,3,ok,,1,8192,2,3,11.71,95.9611,973633911763970,973634009055304,97.291334,624,98560,393216,59,20402,1,c3_14q_decomp_p0,0,1,0,0,decomp; batch_server v7; dma STRM_POLL_US=0,973633911784801,973633911785881,973633911798581,973634009037683
c3_14q_decomp_p0-c3-2-r4-1789960409,2026-09-20T20:13:29,c3,build_13b440c3_20260918192735,0.001,7de69de,single,2,4,ok,,1,8192,2,3,11.71,95.9611,973634111674860,973634208965533,97.290673,624,98560,393216,326,20937,1,c3_14q_decomp_p0,0,1,0,0,decomp; batch_server v7; dma STRM_POLL_US=0,973634111695460,973634111696280,973634111709350,973634208948643
c3_14q_decomp_p0-c3-2-r5-1789960409,2026-09-20T20:13:29,c3,build_13b440c3_20260918192735,0.001,7de69de,single,2,5,ok,,1,8192,2,3,11.71,95.9611,973634312921673,973634410212216,97.290543,624,98560,393216,374,20692,1,c3_14q_decomp_p0,0,1,0,0,decomp; batch_server v7; dma STRM_POLL_US=0,973634312942693,973634312943393,973634312956193,973634410195786
c3_14q_decomp_p0-c3-2-r6-1789960409,2026-09-20T20:13:29,c3,build_13b440c3_20260918192735,0.001,7de69de,single,2,6,ok,,1,8192,2,3,11.71,95.9611,973634514418248,973634611710691,97.292443,624,98560,393216,351,20954,1,c3_14q_decomp_p0,0,1,0,0,decomp; batch_server v7; dma STRM_POLL_US=0,973634514439388,973634514440108,973634514453318,973634611691641
c3_14q_decomp_p0-c3-2-r7-1789960409,2026-09-20T20:13:29,c3,build_13b440c3_20260918192735,0.001,7de69de,single,2,7,ok,,1,8192,2,3,11.71,95.9611,973634715861743,973634813146446,97.284703,624,98560,393216,333,21207,1,c3_14q_decomp_p0,0,1,0,0,decomp; batch_server v7; dma STRM_POLL_US=0,973634715882393,973634715883003,973634715896443,973634813136276
c3_14q_decomp_p0-c3-2-r8-1789960409,2026-09-20T20:13:29,c3,build_13b440c3_20260918192735,0.001,7de69de,single,2,8,ok,,1,8192,2,3,11.71,95.9611,973634916589280,973635013877063,97.287783,624,98560,393216,483,20878,1,c3_14q_decomp_p0,0,1,0,0,decomp; batch_server v7; dma STRM_POLL_US=0,973634916610200,973634916610830,973634916623551,973635013863033
c3_14q_decomp_p0-c3-2-r9-1789960410,2026-09-20T20:13:30,c3,build_13b440c3_20260918192735,0.001,7de69de,single,2,9,ok,,1,8192,2,3,11.71,95.9611,973635117482620,973635214769983,97.287363,624,98560,393216,326,21051,1,c3_14q_decomp_p0,0,1,0,0,decomp; batch_server v7; dma STRM_POLL_US=0,973635117504150,973635117504810,973635117517510,973635214756942
c3_14q_decomp_p0-c3-1-r-1-1789960410,2026-09-20T20:13:30,c3,build_13b440c3_20260918192735,0.001,7de69de,single,1,-1,ok,,1,24576,2,2,8.58,210.9604,973635288160907,973635502990535,214.829628,416,65792,786432,722,41608,1,c3_14q_decomp_p0,0,1,0,0,decomp; batch_server v7; dma STRM_POLL_US=0,973635288175267,973635288176507,973635288185827,973635502978615
c3_14q_decomp_p0-c3-1-r0-1789960410,2026-09-20T20:13:30,c3,build_13b440c3_20260918192735,0.001,7de69de,single,1,0,ok,,1,24576,2,2,8.58,210.9604,973635575815904,973635790652862,214.836958,416,65792,786432,562,41996,1,c3_14q_decomp_p0,0,1,0,0,decomp; batch_server v7; dma STRM_POLL_US=0,973635575830414,973635575831104,973635575841104,973635790635652
c3_14q_decomp_p0-c3-1-r1-1789960410,2026-09-20T20:13:30,c3,build_13b440c3_20260918192735,0.001,7de69de,single,1,1,ok,,1,24576,2,2,8.58,210.9604,973635861807574,973636076635773,214.828199,416,65792,786432,344,41605,1,c3_14q_decomp_p0,0,1,0,0,decomp; batch_server v7; dma STRM_POLL_US=0,973635861822594,973635861823254,973635861832934,973636076625762
c3_14q_decomp_p0-c3-1-r2-1789960411,2026-09-20T20:13:31,c3,build_13b440c3_20260918192735,0.001,7de69de,single,1,2,ok,,1,24576,2,2,8.58,210.9604,973636148763874,973636363594343,214.830469,416,65792,786432,354,41608,1,c3_14q_decomp_p0,0,1,0,0,decomp; batch_server v7; dma STRM_POLL_US=0,973636148778574,973636148779214,973636148789044,973636363582832
c3_14q_decomp_p0-c3-1-r3-1789960411,2026-09-20T20:13:31,c3,build_13b440c3_20260918192735,0.001,7de69de,single,1,3,ok,,1,24576,2,2,8.58,210.9604,973636433980897,973636648813145,214.832248,416,65792,786432,358,41533,1,c3_14q_decomp_p0,0,1,0,0,decomp; batch_server v7; dma STRM_POLL_US=0,973636433995017,973636433995687,973636434005437,973636648799325
c3_14q_decomp_p0-c3-1-r4-1789960411,2026-09-20T20:13:31,c3,build_13b440c3_20260918192735,0.001,7de69de,single,1,4,ok,,1,24576,2,2,8.58,210.9604,973636721366621,973636936200170,214.833549,416,65792,786432,906,42739,1,c3_14q_decomp_p0,0,1,0,0,decomp; batch_server v7; dma STRM_POLL_US=0,973636721381091,973636721381791,973636721392071,973636936186059
c3_14q_decomp_p0-c3-1-r5-1789960411,2026-09-20T20:13:31,c3,build_13b440c3_20260918192735,0.001,7de69de,single,1,5,ok,,1,24576,2,2,8.58,210.9604,973637006766335,973637221600874,214.834539,416,65792,786432,400,42067,1,c3_14q_decomp_p0,0,1,0,0,decomp; batch_server v7; dma STRM_POLL_US=0,973637006780935,973637006781595,973637006791106,973637221584254
c3_14q_decomp_p0-c3-1-r6-1789960412,2026-09-20T20:13:32,c3,build_13b440c3_20260918192735,0.001,7de69de,single,1,6,ok,,1,24576,2,2,8.58,210.9604,973637291449083,973637506284971,214.835888,416,65792,786432,514,41420,1,c3_14q_decomp_p0,0,1,0,0,decomp; batch_server v7; dma STRM_POLL_US=0,973637291463213,973637291463863,973637291473313,973637506267941
c3_14q_decomp_p0-c3-1-r7-1789960412,2026-09-20T20:13:32,c3,build_13b440c3_20260918192735,0.001,7de69de,single,1,7,ok,,1,24576,2,2,8.58,210.9604,973637575355302,973637790184921,214.829619,416,65792,786432,722,42218,1,c3_14q_decomp_p0,0,1,0,0,decomp; batch_server v7; dma STRM_POLL_US=0,973637575370052,973637575370742,973637575379882,973637790173241
c3_14q_decomp_p0-c3-1-r8-1789960412,2026-09-20T20:13:32,c3,build_13b440c3_20260918192735,0.001,7de69de,single,1,8,ok,,1,24576,2,2,8.58,210.9604,973637861224231,973638076512854,215.288623,416,65792,786432,890,41812,1,c3_14q_decomp_p0,0,1,0,0,decomp; batch_server v7; dma STRM_POLL_US=0,973637861238871,973637861239691,973637861249351,973638076043430
c3_14q_decomp_p0-c3-1-r9-1789960413,2026-09-20T20:13:33,c3,build_13b440c3_20260918192735,0.001,7de69de,single,1,9,ok,,1,24576,2,2,8.58,210.9604,973638190484264,973638405318543,214.834279,416,65792,786432,554,42271,1,c3_14q_decomp_p0,0,1,0,0,decomp; batch_server v7; dma STRM_POLL_US=0,973638190499164,973638190499834,973638190509175,973638405302893
c3_14q_decomp_p0-c3-21-r-1-1789960413,2026-09-20T20:13:33,c3,build_13b440c3_20260918192735,0.001,7de69de,single,21,-1,ok,,1,10000,2,12,43.24,432.4000,973638824869839,973639258972771,434.102932,3392,393472,1920000,684,103839,1,c3_14q_decomp_p0,0,1,0,0,decomp; batch_server v7; dma STRM_POLL_US=0,973638824947380,973638824948050,973638824993770,973639258954081
c3_14q_decomp_p0-c3-21-r0-1789960414,2026-09-20T20:13:34,c3,build_13b440c3_20260918192735,0.001,7de69de,single,21,0,ok,,1,10000,2,12,43.24,432.4000,973639687119913,973640121215685,434.095772,3392,393472,1920000,400,102844,1,c3_14q_decomp_p0,0,1,0,0,decomp; batch_server v7; dma STRM_POLL_US=0,973639687197434,973639687198194,973639687244264,973640121203445
c3_14q_decomp_p0-c3-21-r1-1789960415,2026-09-20T20:13:35,c3,build_13b440c3_20260918192735,0.001,7de69de,single,21,1,ok,,1,10000,2,12,43.24,432.4000,973640521652140,973640955747761,434.095621,3392,393472,1920000,664,103404,1,c3_14q_decomp_p0,0,1,0,0,decomp; batch_server v7; dma STRM_POLL_US=0,973640521729640,973640521730290,973640521776371,973640955736141
c3_14q_decomp_p0-c3-21-r2-1789960415,2026-09-20T20:13:35,c3,build_13b440c3_20260918192735,0.001,7de69de,single,21,2,ok,,1,10000,2,12,43.24,432.4000,973641354317088,973641788931724,434.614636,3392,393472,1920000,515,102272,1,c3_14q_decomp_p0,0,1,0,0,decomp; batch_server v7; dma STRM_POLL_US=0,973641354394798,973641354395838,973641354441939,973641788400909
c3_14q_decomp_p0-c3-21-r3-1789960416,2026-09-20T20:13:36,c3,build_13b440c3_20260918192735,0.001,7de69de,single,21,3,ok,,1,10000,2,12,43.24,432.4000,973642191133097,973642625227609,434.094512,3392,393472,1920000,967,103988,1,c3_14q_decomp_p0,0,1,0,0,decomp; batch_server v7; dma STRM_POLL_US=0,973642191210898,973642191211518,973642191257828,973642625217059
c3_14q_decomp_p0-c3-21-r4-1789960417,2026-09-20T20:13:37,c3,build_13b440c3_20260918192735,0.001,7de69de,single,21,4,ok,,1,10000,2,12,43.24,432.4000,973643025472062,973643459575473,434.103411,3392,393472,1920000,494,104471,1,c3_14q_decomp_p0,0,1,0,0,decomp; batch_server v7; dma STRM_POLL_US=0,973643025550003,973643025550753,973643025597073,973643459556473
c3_14q_decomp_p0-c3-21-r5-1789960418,2026-09-20T20:13:38,c3,build_13b440c3_20260918192735,0.001,7de69de,single,21,5,ok,,1,10000,2,12,43.24,432.4000,973643860472673,973644294568545,434.095872,3392,393472,1920000,681,103223,1,c3_14q_decomp_p0,0,1,0,0,decomp; batch_server v7; dma STRM_POLL_US=0,973643860550124,973643860550814,973643860597814,973644294556325
c3_14q_decomp_p0-c3-21-r6-1789960419,2026-09-20T20:13:39,c3,build_13b440c3_20260918192735,0.001,7de69de,single,21,6,ok,,1,10000,2,12,43.24,432.4000,973644706967479,973645141064491,434.097012,3392,393472,1920000,656,103649,1,c3_14q_decomp_p0,0,1,0,0,decomp; batch_server v7; dma STRM_POLL_US=0,973644707045260,973644707045990,973644707092051,973645141050971
c3_14q_decomp_p0-c3-21-r7-1789960420,2026-09-20T20:13:40,c3,build_13b440c3_20260918192735,0.001,7de69de,single,21,7,ok,,1,10000,2,12,43.24,432.4000,973645543373395,973645977466886,434.093491,3392,393472,1920000,664,102711,1,c3_14q_decomp_p0,0,1,0,0,decomp; batch_server v7; dma STRM_POLL_US=0,973645543452015,973645543452705,973645543497466,973645977457396
c3_14q_decomp_p0-c3-21-r8-1789960420,2026-09-20T20:13:40,c3,build_13b440c3_20260918192735,0.001,7de69de,single,21,8,ok,,1,10000,2,12,43.24,432.4000,973646378056013,973646812158355,434.102342,3392,393472,1920000,669,104056,1,c3_14q_decomp_p0,0,1,0,0,decomp; batch_server v7; dma STRM_POLL_US=0,973646378134334,973646378134994,973646378180894,973646812140504
c3_14q_decomp_p0-c3-21-r9-1789960421,2026-09-20T20:13:41,c3,build_13b440c3_20260918192735,0.001,7de69de,single,21,9,ok,,1,10000,2,12,43.24,432.4000,973647211043514,973647645138196,434.094682,3392,393472,1920000,690,104840,1,c3_14q_decomp_p0,0,1,0,0,decomp; batch_server v7; dma STRM_POLL_US=0,973647211121445,973647211122205,973647211168015,973647645127545
c3_14q_decomp_p0-c3-23-r-1-1789960422,2026-09-20T20:13:42,c3,build_13b440c3_20260918192735,0.001,7de69de,single,23,-1,ok,,1,4000,2,12,42.85,171.4080,973648047613101,973648219791473,172.178372,3136,393472,768000,648,42205,1,c3_14q_decomp_p0,0,1,0,0,decomp; batch_server v7; dma STRM_POLL_US=0,973648047690512,973648047691102,973648047738262,973648219769553
c3_14q_decomp_p0-c3-23-r0-1789960423,2026-09-20T20:13:43,c3,build_13b440c3_20260918192735,0.001,7de69de,single,23,0,ok,,1,4000,2,12,42.85,171.4080,973648602737063,973648774904925,172.167862,3136,393472,768000,655,42440,1,c3_14q_decomp_p0,0,1,0,0,decomp; batch_server v7; dma STRM_POLL_US=0,973648602814474,973648602815214,973648602860964,973648774892795
c3_14q_decomp_p0-c3-23-r1-1789960423,2026-09-20T20:13:43,c3,build_13b440c3_20260918192735,0.001,7de69de,single,23,1,ok,,1,4000,2,12,42.85,171.4080,973649156217699,973649328628003,172.410304,3136,393472,768000,52,39865,1,c3_14q_decomp_p0,0,1,0,0,decomp; batch_server v7; dma STRM_POLL_US=0,973649156295050,973649156295710,973649156341380,973649328373141
c3_14q_decomp_p0-c3-23-r2-1789960424,2026-09-20T20:13:44,c3,build_13b440c3_20260918192735,0.001,7de69de,single,23,2,ok,,1,4000,2,12,42.85,171.4080,973649711327901,973649883494873,172.166972,3136,393472,768000,672,41464,1,c3_14q_decomp_p0,0,1,0,0,decomp; batch_server v7; dma STRM_POLL_US=0,973649711405251,973649711405931,973649711452592,973649883483833
c3_14q_decomp_p0-c3-23-r3-1789960424,2026-09-20T20:13:44,c3,build_13b440c3_20260918192735,0.001,7de69de,single,23,3,ok,,1,4000,2,12,42.85,171.4080,973650264503743,973650436675565,172.171822,3136,393472,768000,519,41384,1,c3_14q_decomp_p0,0,1,0,0,decomp; batch_server v7; dma STRM_POLL_US=0,973650264581434,973650264582104,973650264628555,973650436660215
c3_14q_decomp_p0-c3-23-r4-1789960425,2026-09-20T20:13:45,c3,build_13b440c3_20260918192735,0.001,7de69de,single,23,4,ok,,1,4000,2,12,42.85,171.4080,973650815118140,973650987289562,172.171422,3136,393472,768000,401,41327,1,c3_14q_decomp_p0,0,1,0,0,decomp; batch_server v7; dma STRM_POLL_US=0,973650815196321,973650815197081,973650815242992,973650987274982
c3_14q_decomp_p0-c3-23-r5-1789960426,2026-09-20T20:13:46,c3,build_13b440c3_20260918192735,0.001,7de69de,single,23,5,ok,,1,4000,2,12,42.85,171.4080,973651367436224,973651539611316,172.175092,3136,393472,768000,473,40830,1,c3_14q_decomp_p0,0,1,0,0,decomp; batch_server v7; dma STRM_POLL_US=0,973651367513775,973651367514395,973651367559896,973651539592616
c3_14q_decomp_p0-c3-23-r6-1789960426,2026-09-20T20:13:46,c3,build_13b440c3_20260918192735,0.001,7de69de,single,23,6,ok,,1,4000,2,12,42.85,171.4080,973651921628297,973652093795139,172.166842,3136,393472,768000,342,40747,1,c3_14q_decomp_p0,0,1,0,0,decomp; batch_server v7; dma STRM_POLL_US=0,973651921705768,973651921706378,973651921753238,973652093784699
c3_14q_decomp_p0-c3-23-r7-1789960427,2026-09-20T20:13:47,c3,build_13b440c3_20260918192735,0.001,7de69de,single,23,7,ok,,1,4000,2,12,42.85,171.4080,973652474836970,973652647005832,172.168862,3136,393472,768000,334,40649,1,c3_14q_decomp_p0,0,1,0,0,decomp; batch_server v7; dma STRM_POLL_US=0,973652474914411,973652474915141,973652474961681,973652646993402
c3_14q_decomp_p0-c3-23-r8-1789960427,2026-09-20T20:13:47,c3,build_13b440c3_20260918192735,0.001,7de69de,single,23,8,ok,,1,4000,2,12,42.85,171.4080,973653026545088,973653198712390,172.167302,3136,393472,768000,61,39644,1,c3_14q_decomp_p0,0,1,0,0,decomp; batch_server v7; dma STRM_POLL_US=0,973653026623049,973653026623709,973653026669209,973653198701300
c3_14q_decomp_p0-c3-23-r9-1789960428,2026-09-20T20:13:48,c3,build_13b440c3_20260918192735,0.001,7de69de,single,23,9,ok,,1,4000,2,12,42.85,171.4080,973653580445888,973653752618130,172.172242,3136,393472,768000,312,39860,1,c3_14q_decomp_p0,0,1,0,0,decomp; batch_server v7; dma STRM_POLL_US=0,973653580523679,973653580524459,973653580571039,973653752602060
c3_14q_decomp_p0-c3-22-r-1-1789960428,2026-09-20T20:13:48,c3,build_13b440c3_20260918192735,0.001,7de69de,single,22,-1,ok,,1,400,2,14,50.12,20.0496,973654241292767,973654261564550,20.271783,4192,458752,89600,50,4910,1,c3_14q_decomp_p0,0,1,0,0,decomp; batch_server v7; dma STRM_POLL_US=0,973654241382918,973654241383578,973654241437019,973654261549770
c3_14q_decomp_p0-c3-22-r0-1789960429,2026-09-20T20:13:49,c3,build_13b440c3_20260918192735,0.001,7de69de,single,22,0,ok,,1,400,2,14,50.12,20.0496,973654740722233,973654760991305,20.269072,4192,458752,89600,47,4880,1,c3_14q_decomp_p0,0,1,0,0,decomp; batch_server v7; dma STRM_POLL_US=0,973654740813723,973654740814393,973654740867504,973654760978935
c3_14q_decomp_p0-c3-22-r1-1789960429,2026-09-20T20:13:49,c3,build_13b440c3_20260918192735,0.001,7de69de,single,22,1,ok,,1,400,2,14,50.12,20.0496,973655237540741,973655257806584,20.265843,4192,458752,89600,652,5327,1,c3_14q_decomp_p0,0,1,0,0,decomp; batch_server v7; dma STRM_POLL_US=0,973655237630672,973655237631322,973655237685053,973655257796844
c3_14q_decomp_p0-c3-22-r2-1789960430,2026-09-20T20:13:50,c3,build_13b440c3_20260918192735,0.001,7de69de,single,22,2,ok,,1,400,2,14,50.12,20.0496,973655739358260,973655759634783,20.276523,4192,458752,89600,62,4972,1,c3_14q_decomp_p0,0,1,0,0,decomp; batch_server v7; dma STRM_POLL_US=0,973655739449681,973655739450331,973655739503312,973655759614743
c3_14q_decomp_p0-c3-22-r3-1789960430,2026-09-20T20:13:50,c3,build_13b440c3_20260918192735,0.001,7de69de,single,22,3,ok,,1,400,2,14,50.12,20.0496,973656239032908,973656259307231,20.274323,4192,458752,89600,48,4956,1,c3_14q_decomp_p0,0,1,0,0,decomp; batch_server v7; dma STRM_POLL_US=0,973656239123599,973656239124259,973656239177949,973656259289661
c3_14q_decomp_p0-c3-22-r4-1789960431,2026-09-20T20:13:51,c3,build_13b440c3_20260918192735,0.001,7de69de,single,22,4,ok,,1,400,2,14,50.12,20.0496,973656740282431,973656760552644,20.270213,4192,458752,89600,53,4992,1,c3_14q_decomp_p0,0,1,0,0,decomp; batch_server v7; dma STRM_POLL_US=0,973656740372562,973656740373292,973656740426893,973656760538994
c3_14q_decomp_p0-c3-22-r5-1789960431,2026-09-20T20:13:51,c3,build_13b440c3_20260918192735,0.001,7de69de,single,22,5,ok,,1,400,2,14,50.12,20.0496,973657241972469,973657262239532,20.267063,4192,458752,89600,47,4858,1,c3_14q_decomp_p0,0,1,0,0,decomp; batch_server v7; dma STRM_POLL_US=0,973657242062890,973657242063530,973657242116980,973657262229382
c3_14q_decomp_p0-c3-22-r6-1789960432,2026-09-20T20:13:52,c3,build_13b440c3_20260918192735,0.001,7de69de,single,22,6,ok,,1,400,2,14,50.12,20.0496,973657744256223,973657764524355,20.268132,4192,458752,89600,47,5102,1,c3_14q_decomp_p0,0,1,0,0,decomp; batch_server v7; dma STRM_POLL_US=0,973657744346493,973657744347433,973657744401124,973657764513035
c3_14q_decomp_p0-c3-22-r7-1789960432,2026-09-20T20:13:52,c3,build_13b440c3_20260918192735,0.001,7de69de,single,22,7,ok,,1,400,2,14,50.12,20.0496,973658244772718,973658265046091,20.273373,4192,458752,89600,49,4955,1,c3_14q_decomp_p0,0,1,0,0,decomp; batch_server v7; dma STRM_POLL_US=0,973658244862919,973658244863759,973658244916960,973658265029661
c3_14q_decomp_p0-c3-22-r8-1789960433,2026-09-20T20:13:53,c3,build_13b440c3_20260918192735,0.001,7de69de,single,22,8,ok,,1,400,2,14,50.12,20.0496,973658743812900,973658764077982,20.265082,4192,458752,89600,61,4932,1,c3_14q_decomp_p0,0,1,0,0,decomp; batch_server v7; dma STRM_POLL_US=0,973658743903091,973658743903901,973658743957501,973658764069262
c3_14q_decomp_p0-c3-22-r9-1789960433,2026-09-20T20:13:53,c3,build_13b440c3_20260918192735,0.001,7de69de,single,22,9,ok,,1,400,2,14,50.12,20.0496,973659242325856,973659262597858,20.272002,4192,458752,89600,66,4895,1,c3_14q_decomp_p0,0,1,0,0,decomp; batch_server v7; dma STRM_POLL_US=0,973659242415956,973659242416706,973659242469817,973659262582838
c3_14q_decomp_p0-c3-19-r-1-1789960434,2026-09-20T20:13:54,c3,build_13b440c3_20260918192735,0.001,7de69de,single,19,-1,ok,,1,4096,2,14,46.42,190.1199,973659766099204,973659957018874,190.91967,3968,458752,917504,637,50284,1,c3_14q_decomp_p0,0,1,0,0,decomp; batch_server v7; dma STRM_POLL_US=0,973659766189155,973659766189795,973659766243796,973659957002093
c3_14q_decomp_p0-c3-19-r0-1789960434,2026-09-20T20:13:54,c3,build_13b440c3_20260918192735,0.001,7de69de,single,19,0,ok,,1,4096,2,14,46.42,190.1199,973660417360118,973660608291527,190.931409,3968,458752,917504,470,50308,1,c3_14q_decomp_p0,0,1,0,0,decomp; batch_server v7; dma STRM_POLL_US=0,973660417450419,973660417451079,973660417504849,973660608263027
c3_14q_decomp_p0-c3-19-r1-1789960435,2026-09-20T20:13:55,c3,build_13b440c3_20260918192735,0.001,7de69de,single,19,1,ok,,1,4096,2,14,46.42,190.1199,973661074550411,973661265469020,190.918609,3968,458752,917504,668,48503,1,c3_14q_decomp_p0,0,1,0,0,decomp; batch_server v7; dma STRM_POLL_US=0,973661074641102,973661074641862,973661074693862,973661265452690
c3_14q_decomp_p0-c3-19-r2-1789960436,2026-09-20T20:13:56,c3,build_13b440c3_20260918192735,0.001,7de69de,single,19,2,ok,,1,4096,2,14,46.42,190.1199,973661728059027,973661918975846,190.916819,3968,458752,917504,667,51347,1,c3_14q_decomp_p0,0,1,0,0,decomp; batch_server v7; dma STRM_POLL_US=0,973661728150018,973661728150878,973661728203228,973661918962426
c3_14q_decomp_p0-c3-19-r3-1789960436,2026-09-20T20:13:56,c3,build_13b440c3_20260918192735,0.001,7de69de,single,19,3,ok,,1,4096,2,14,46.42,190.1199,973662383036378,973662573954637,190.918259,3968,458752,917504,419,47696,1,c3_14q_decomp_p0,0,1,0,0,decomp; batch_server v7; dma STRM_POLL_US=0,973662383126428,973662383127188,973662383180029,973662573939127
c3_14q_decomp_p0-c3-19-r4-1789960437,2026-09-20T20:13:57,c3,build_13b440c3_20260918192735,0.001,7de69de,single,19,4,ok,,1,4096,2,14,46.42,190.1199,973663033424722,973663224479923,191.055201,3968,458752,917504,639,50976,1,c3_14q_decomp_p0,0,1,0,0,decomp; batch_server v7; dma STRM_POLL_US=0,973663033515753,973663033516403,973663033569194,973663224328072
c3_14q_decomp_p0-c3-19-r5-1789960438,2026-09-20T20:13:58,c3,build_13b440c3_20260918192735,0.001,7de69de,single,19,5,ok,,1,4096,2,14,46.42,190.1199,973663689274712,973663880723357,191.448645,3968,458752,917504,633,49985,1,c3_14q_decomp_p0,0,1,0,0,decomp; batch_server v7; dma STRM_POLL_US=0,973663689365113,973663689365763,973663689419253,973663880182311
c3_14q_decomp_p0-c3-19-r6-1789960438,2026-09-20T20:13:58,c3,build_13b440c3_20260918192735,0.001,7de69de,single,19,6,ok,,1,4096,2,14,46.42,190.1199,973664343451445,973664534364694,190.913249,3968,458752,917504,333,48905,1,c3_14q_decomp_p0,0,1,0,0,decomp; batch_server v7; dma STRM_POLL_US=0,973664343541756,973664343543026,973664343595496,973664534355074
c3_14q_decomp_p0-c3-19-r7-1789960439,2026-09-20T20:13:59,c3,build_13b440c3_20260918192735,0.001,7de69de,single,19,7,ok,,1,4096,2,14,46.42,190.1199,973665001213593,973665192130623,190.91703,3968,458752,917504,201,47492,1,c3_14q_decomp_p0,0,1,0,0,decomp; batch_server v7; dma STRM_POLL_US=0,973665001304824,973665001305494,973665001358315,973665192116923
c3_14q_decomp_p0-c3-19-r8-1789960440,2026-09-20T20:14:00,c3,build_13b440c3_20260918192735,0.001,7de69de,single,19,8,ok,,1,4096,2,14,46.42,190.1199,973665653566578,973665844489077,190.922499,3968,458752,917504,603,48834,1,c3_14q_decomp_p0,0,1,0,0,decomp; batch_server v7; dma STRM_POLL_US=0,973665653657879,973665653658539,973665653710999,973665844469457
c3_14q_decomp_p0-c3-19-r9-1789960440,2026-09-20T20:14:00,c3,build_13b440c3_20260918192735,0.001,7de69de,single,19,9,ok,,1,4096,2,14,46.42,190.1199,973666306152675,973666497071184,190.918509,3968,458752,917504,314,47932,1,c3_14q_decomp_p0,0,1,0,0,decomp; batch_server v7; dma STRM_POLL_US=0,973666306242516,973666306243446,973666306297626,973666497055964
c3_14q_decomp_p0-c3-24-r-1-1789960441,2026-09-20T20:14:01,c3,build_13b440c3_20260918192735,0.001,7de69de,single,24,-1,ok,,1,1024,2,6,59.48,60.9034,973666745916363,973666807055155,61.138792,10080,196864,98304,47,5292,1,c3_14q_decomp_p0,0,1,0,0,decomp; batch_server v7; dma STRM_POLL_US=0,973666745955674,973666745956274,973666745981474,973666807044005
c3_14q_decomp_p0-c3-24-r0-1789960441,2026-09-20T20:14:01,c3,build_13b440c3_20260918192735,0.001,7de69de,single,24,0,ok,,1,1024,2,6,59.48,60.9034,973667011345808,973667072488089,61.142281,10080,196864,98304,51,5282,1,c3_14q_decomp_p0,0,1,0,0,decomp; batch_server v7; dma STRM_POLL_US=0,973667011385218,973667011385838,973667011410459,973667072473059
c3_14q_decomp_p0-c3-24-r1-1789960442,2026-09-20T20:14:02,c3,build_13b440c3_20260918192735,0.001,7de69de,single,24,1,ok,,1,1024,2,6,59.48,60.9034,973667276975835,973667338114176,61.138341,10080,196864,98304,53,5375,1,c3_14q_decomp_p0,0,1,0,0,decomp; batch_server v7; dma STRM_POLL_US=0,973667277015385,973667277016125,973667277041215,973667338104196
c3_14q_decomp_p0-c3-24-r2-1789960442,2026-09-20T20:14:02,c3,build_13b440c3_20260918192735,0.001,7de69de,single,24,2,ok,,1,1024,2,6,59.48,60.9034,973667540375589,973667601517621,61.142032,10080,196864,98304,47,5300,1,c3_14q_decomp_p0,0,1,0,0,decomp; batch_server v7; dma STRM_POLL_US=0,973667540414889,973667540415539,973667540440710,973667601503770
c3_14q_decomp_p0-c3-24-r3-1789960442,2026-09-20T20:14:02,c3,build_13b440c3_20260918192735,0.001,7de69de,single,24,3,ok,,1,1024,2,6,59.48,60.9034,973667825877874,973667887017076,61.139202,10080,196864,98304,60,5303,1,c3_14q_decomp_p0,0,1,0,0,decomp; batch_server v7; dma STRM_POLL_US=0,973667825918045,973667825918705,973667825942465,973667887005886
c3_14q_decomp_p0-c3-24-r4-1789960442,2026-09-20T20:14:02,c3,build_13b440c3_20260918192735,0.001,7de69de,single,24,4,ok,,1,1024,2,6,59.48,60.9034,973668108383050,973668169521291,61.138241,10080,196864,98304,47,5309,1,c3_14q_decomp_p0,0,1,0,0,decomp; batch_server v7; dma STRM_POLL_US=0,973668108422340,973668108422960,973668108448261,973668169510911
c3_14q_decomp_p0-c3-24-r5-1789960443,2026-09-20T20:14:03,c3,build_13b440c3_20260918192735,0.001,7de69de,single,24,5,ok,,1,1024,2,6,59.48,60.9034,973668372018407,973668433158358,61.139951,10080,196864,98304,53,5339,1,c3_14q_decomp_p0,0,1,0,0,decomp; batch_server v7; dma STRM_POLL_US=0,973668372058497,973668372059147,973668372083107,973668433146028
c3_14q_decomp_p0-c3-24-r6-1789960443,2026-09-20T20:14:03,c3,build_13b440c3_20260918192735,0.001,7de69de,single,24,6,ok,,1,1024,2,6,59.48,60.9034,973668636626713,973668697770845,61.144132,10080,196864,98304,49,5278,1,c3_14q_decomp_p0,0,1,0,0,decomp; batch_server v7; dma STRM_POLL_US=0,973668636666294,973668636666954,973668636692154,973668697755125
c3_14q_decomp_p0-c3-24-r7-1789960443,2026-09-20T20:14:03,c3,build_13b440c3_20260918192735,0.001,7de69de,single,24,7,ok,,1,1024,2,6,59.48,60.9034,973668920867756,973668982010888,61.143132,10080,196864,98304,681,6413,1,c3_14q_decomp_p0,0,1,0,0,decomp; batch_server v7; dma STRM_POLL_US=0,973668920907326,973668920907996,973668920933387,973668981996437
c3_14q_decomp_p0-c3-24-r8-1789960444,2026-09-20T20:14:04,c3,build_13b440c3_20260918192735,0.001,7de69de,single,24,8,ok,,1,1024,2,6,59.48,60.9034,973669205396552,973669266541233,61.144681,10080,196864,98304,46,5291,1,c3_14q_decomp_p0,0,1,0,0,decomp; batch_server v7; dma STRM_POLL_US=0,973669205436092,973669205436752,973669205461062,973669266524563
c3_14q_decomp_p0-c3-24-r9-1789960444,2026-09-20T20:14:04,c3,build_13b440c3_20260918192735,0.001,7de69de,single,24,9,ok,,1,1024,2,6,59.48,60.9034,973669489866407,973669551011218,61.144811,10080,196864,98304,57,5282,1,c3_14q_decomp_p0,0,1,0,0,decomp; batch_server v7; dma STRM_POLL_US=0,973669489906447,973669489907067,973669489930818,973669550994488
c3_14q_decomp_p200-c3-10-r-1-1789960449,2026-09-20T20:14:09,c3,build_13b440c3_20260918192735,0.001,7de69de,single,10,-1,ok,,1,32,2,8,27.36,0.8756,973674282209578,973674283192538,0.98296,1664,262400,4096,47,266,1,c3_14q_decomp_p200,0,1,0,0,decomp; batch_server v7; dma STRM_POLL_US=200,973674282261728,973674282262378,973674282294479,973674283174267
c3_14q_decomp_p200-c3-10-r0-1789960449,2026-09-20T20:14:09,c3,build_13b440c3_20260918192735,0.001,7de69de,single,10,0,ok,,1,32,2,8,27.36,0.8756,973674589755204,973674590743874,0.98867,1664,262400,4096,50,278,1,c3_14q_decomp_p200,0,1,0,0,decomp; batch_server v7; dma STRM_POLL_US=200,973674589808694,973674589809354,973674589839825,973674590720633
c3_14q_decomp_p200-c3-10-r1-1789960449,2026-09-20T20:14:09,c3,build_13b440c3_20260918192735,0.001,7de69de,single,10,1,ok,,1,32,2,8,27.36,0.8756,973674897378080,973674898360930,0.98285,1664,262400,4096,40,264,1,c3_14q_decomp_p200,0,1,0,0,decomp; batch_server v7; dma STRM_POLL_US=200,973674897431121,973674897431821,973674897462201,973674898342800
c3_14q_decomp_p200-c3-10-r2-1789960449,2026-09-20T20:14:09,c3,build_13b440c3_20260918192735,0.001,7de69de,single,10,2,ok,,1,32,2,8,27.36,0.8756,973675205474632,973675206458392,0.98376,1664,262400,4096,46,274,1,c3_14q_decomp_p200,0,1,0,0,decomp; batch_server v7; dma STRM_POLL_US=200,973675205526962,973675205527672,973675205559633,973675206439402
c3_14q_decomp_p200-c3-10-r3-1789960450,2026-09-20T20:14:10,c3,build_13b440c3_20260918192735,0.001,7de69de,single,10,3,ok,,1,32,2,8,27.36,0.8756,973675513935667,973675514926397,0.99073,1664,262400,4096,42,263,1,c3_14q_decomp_p200,0,1,0,0,decomp; batch_server v7; dma STRM_POLL_US=200,973675513987778,973675513988438,973675514020398,973675514900477
c3_14q_decomp_p200-c3-10-r4-1789960450,2026-09-20T20:14:10,c3,build_13b440c3_20260918192735,0.001,7de69de,single,10,4,ok,,1,32,2,8,27.36,0.8756,973675820741346,973675821717055,0.975709,1664,262400,4096,45,255,1,c3_14q_decomp_p200,0,1,0,0,decomp; batch_server v7; dma STRM_POLL_US=200,973675820794106,973675820794766,973675820825556,973675821706215
c3_14q_decomp_p200-c3-10-r5-1789960450,2026-09-20T20:14:10,c3,build_13b440c3_20260918192735,0.001,7de69de,single,10,5,ok,,1,32,2,8,27.36,0.8756,973676129304142,973676130287502,0.98336,1664,262400,4096,51,274,1,c3_14q_decomp_p200,0,1,0,0,decomp; batch_server v7; dma STRM_POLL_US=200,973676129356852,973676129357472,973676129388733,973676130269101
c3_14q_decomp_p200-c3-10-r6-1789960451,2026-09-20T20:14:11,c3,build_13b440c3_20260918192735,0.001,7de69de,single,10,6,ok,,1,32,2,8,27.36,0.8756,973676437457474,973676438434433,0.976959,1664,262400,4096,37,255,1,c3_14q_decomp_p200,0,1,0,0,decomp; batch_server v7; dma STRM_POLL_US=200,973676437510194,973676437511144,973676437541235,973676438421923
c3_14q_decomp_p200-c3-10-r7-1789960451,2026-09-20T20:14:11,c3,build_13b440c3_20260918192735,0.001,7de69de,single,10,7,ok,,1,32,2,8,27.36,0.8756,973676745970459,973676746953209,0.98275,1664,262400,4096,35,237,1,c3_14q_decomp_p200,0,1,0,0,decomp; batch_server v7; dma STRM_POLL_US=200,973676746022960,973676746023590,973676746055260,973676746935879
c3_14q_decomp_p200-c3-10-r8-1789960451,2026-09-20T20:14:11,c3,build_13b440c3_20260918192735,0.001,7de69de,single,10,8,ok,,1,32,2,8,27.36,0.8756,973677052259333,973677053238532,0.979199,1664,262400,4096,35,246,1,c3_14q_decomp_p200,0,1,0,0,decomp; batch_server v7; dma STRM_POLL_US=200,973677052312373,973677052312963,973677052344574,973677053225022
c3_14q_decomp_p200-c3-10-r9-1789960452,2026-09-20T20:14:12,c3,build_13b440c3_20260918192735,0.001,7de69de,single,10,9,ok,,1,32,2,8,27.36,0.8756,973677358152332,973677359135362,0.98303,1664,262400,4096,36,245,1,c3_14q_decomp_p200,0,1,0,0,decomp; batch_server v7; dma STRM_POLL_US=200,973677358205153,973677358205923,973677358237453,973677359117252
c3_14q_decomp_p200-c3-9-r-1-1789960452,2026-09-20T20:14:12,c3,build_13b440c3_20260918192735,0.001,7de69de,single,9,-1,ok,,1,128,2,6,21.10,2.7013,973677609471266,973677612267544,2.796278,1248,196864,12288,39,746,1,c3_14q_decomp_p200,0,1,0,0,decomp; batch_server v7; dma STRM_POLL_US=200,973677609511636,973677609512336,973677609536616,973677612257704
c3_14q_decomp_p200-c3-9-r0-1789960452,2026-09-20T20:14:12,c3,build_13b440c3_20260918192735,0.001,7de69de,single,9,0,ok,,1,128,2,6,21.10,2.7013,973677893841690,973677896637218,2.795528,1248,196864,12288,40,745,1,c3_14q_decomp_p200,0,1,0,0,decomp; batch_server v7; dma STRM_POLL_US=200,973677893881690,973677893882330,973677893906790,973677896627638
c3_14q_decomp_p200-c3-9-r1-1789960452,2026-09-20T20:14:12,c3,build_13b440c3_20260918192735,0.001,7de69de,single,9,1,ok,,1,128,2,6,21.10,2.7013,973678138738259,973678141537027,2.798768,1248,196864,12288,38,726,1,c3_14q_decomp_p200,0,1,0,0,decomp; batch_server v7; dma STRM_POLL_US=200,973678138777590,973678138778730,973678138803580,973678141525117
c3_14q_decomp_p200-c3-9-r2-1789960453,2026-09-20T20:14:13,c3,build_13b440c3_20260918192735,0.001,7de69de,single,9,2,ok,,1,128,2,6,21.10,2.7013,973678382146424,973678384942872,2.796448,1248,196864,12288,39,748,1,c3_14q_decomp_p200,0,1,0,0,decomp; batch_server v7; dma STRM_POLL_US=200,973678382186614,973678382187274,973678382211454,973678384932671
c3_14q_decomp_p200-c3-9-r3-1789960453,2026-09-20T20:14:13,c3,build_13b440c3_20260918192735,0.001,7de69de,single,9,3,ok,,1,128,2,6,21.10,2.7013,973678665703510,973678668504838,2.801328,1248,196864,12288,41,758,1,c3_14q_decomp_p200,0,1,0,0,decomp; batch_server v7; dma STRM_POLL_US=200,973678665743890,973678665745020,973678665768800,973678668489787
c3_14q_decomp_p200-c3-9-r4-1789960453,2026-09-20T20:14:13,c3,build_13b440c3_20260918192735,0.001,7de69de,single,9,4,ok,,1,128,2,6,21.10,2.7013,973678907625449,973678910426397,2.800948,1248,196864,12288,44,757,1,c3_14q_decomp_p200,0,1,0,0,decomp; batch_server v7; dma STRM_POLL_US=200,973678907665600,973678907666240,973678907690190,973678910411427
c3_14q_decomp_p200-c3-9-r5-1789960453,2026-09-20T20:14:13,c3,build_13b440c3_20260918192735,0.001,7de69de,single,9,5,ok,,1,128,2,6,21.10,2.7013,973679152644250,973679155445398,2.801148,1248,196864,12288,35,749,1,c3_14q_decomp_p200,0,1,0,0,decomp; batch_server v7; dma STRM_POLL_US=200,973679152684070,973679152684710,973679152709550,973679155430798
c3_14q_decomp_p200-c3-9-r6-1789960454,2026-09-20T20:14:14,c3,build_13b440c3_20260918192735,0.001,7de69de,single,9,6,ok,,1,128,2,6,21.10,2.7013,973679435330957,973679438129245,2.798288,1248,196864,12288,47,783,1,c3_14q_decomp_p200,0,1,0,0,decomp; batch_server v7; dma STRM_POLL_US=200,973679435371398,973679435372188,973679435395878,973679438116885
c3_14q_decomp_p200-c3-9-r7-1789960454,2026-09-20T20:14:14,c3,build_13b440c3_20260918192735,0.001,7de69de,single,9,7,ok,,1,128,2,6,21.10,2.7013,973679679723751,973679682522279,2.798528,1248,196864,12288,45,772,1,c3_14q_decomp_p200,0,1,0,0,decomp; batch_server v7; dma STRM_POLL_US=200,973679679763372,973679679763972,973679679787682,973679682509829
c3_14q_decomp_p200-c3-9-r8-1789960454,2026-09-20T20:14:14,c3,build_13b440c3_20260918192735,0.001,7de69de,single,9,8,ok,,1,128,2,6,21.10,2.7013,973679962550500,973679965353878,2.803378,1248,196864,12288,42,756,1,c3_14q_decomp_p200,0,1,0,0,decomp; batch_server v7; dma STRM_POLL_US=200,973679962590701,973679962591341,973679962615181,973679965336488
c3_14q_decomp_p200-c3-9-r9-1789960455,2026-09-20T20:14:15,c3,build_13b440c3_20260918192735,0.001,7de69de,single,9,9,ok,,1,128,2,6,21.10,2.7013,973680205878314,973680208681152,2.802838,1248,196864,12288,46,740,1,c3_14q_decomp_p200,0,1,0,0,decomp; batch_server v7; dma STRM_POLL_US=200,973680205918164,973680205918834,973680205943424,973680208664132
c3_14q_decomp_p200-c3-12-r-1-1789960455,2026-09-20T20:14:15,c3,build_13b440c3_20260918192735,0.001,7de69de,single,12,-1,ok,,1,10000,2,1,5.43,54.3000,973680327811493,973680383699382,55.887889,192,33024,160000,352,8714,1,c3_14q_decomp_p200,0,1,0,0,decomp; batch_server v7; dma STRM_POLL_US=200,973680327819143,973680327819883,973680327825683,973680383684732
c3_14q_decomp_p200-c3-12-r0-1789960455,2026-09-20T20:14:15,c3,build_13b440c3_20260918192735,0.001,7de69de,single,12,0,ok,,1,10000,2,1,5.43,54.3000,973680418527821,973680474419880,55.892059,192,33024,160000,226,8633,1,c3_14q_decomp_p200,0,1,0,0,decomp; batch_server v7; dma STRM_POLL_US=200,973680418535511,973680418536211,973680418543241,973680474402079
c3_14q_decomp_p200-c3-12-r1-1789960455,2026-09-20T20:14:15,c3,build_13b440c3_20260918192735,0.001,7de69de,single,12,1,ok,,1,10000,2,1,5.43,54.3000,973680510124827,973680566014056,55.889229,192,33024,160000,45,8419,1,c3_14q_decomp_p200,0,1,0,0,decomp; batch_server v7; dma STRM_POLL_US=200,973680510132767,973680510133457,973680510139857,973680565999406
c3_14q_decomp_p200-c3-12-r2-1789960455,2026-09-20T20:14:15,c3,build_13b440c3_20260918192735,0.001,7de69de,single,12,2,ok,,1,10000,2,1,5.43,54.3000,973680600823724,973680656718253,55.894529,192,33024,160000,49,8448,1,c3_14q_decomp_p200,0,1,0,0,decomp; batch_server v7; dma STRM_POLL_US=200,973680600831884,973680600832574,973680600837904,973680656698353
c3_14q_decomp_p200-c3-12-r3-1789960455,2026-09-20T20:14:15,c3,build_13b440c3_20260918192735,0.001,7de69de,single,12,3,ok,,1,10000,2,1,5.43,54.3000,973680691581702,973680747474531,55.892829,192,33024,160000,68,8514,1,c3_14q_decomp_p200,0,1,0,0,decomp; batch_server v7; dma STRM_POLL_US=200,973680691589492,973680691590362,973680691596912,973680747456740
c3_14q_decomp_p200-c3-12-r4-1789960455,2026-09-20T20:14:15,c3,build_13b440c3_20260918192735,0.001,7de69de,single,12,4,ok,,1,10000,2,1,5.43,54.3000,973680782524001,973680838418990,55.894989,192,33024,160000,382,8711,1,c3_14q_decomp_p200,0,1,0,0,decomp; batch_server v7; dma STRM_POLL_US=200,973680782532291,973680782532941,973680782539601,973680838398900
c3_14q_decomp_p200-c3-12-r5-1789960455,2026-09-20T20:14:15,c3,build_13b440c3_20260918192735,0.001,7de69de,single,12,5,ok,,1,10000,2,1,5.43,54.3000,973680873633512,973680929521991,55.888479,192,33024,160000,234,8658,1,c3_14q_decomp_p200,0,1,0,0,decomp; batch_server v7; dma STRM_POLL_US=200,973680873641232,973680873641902,973680873647483,973680929507321
c3_14q_decomp_p200-c3-12-r6-1789960455,2026-09-20T20:14:15,c3,build_13b440c3_20260918192735,0.001,7de69de,single,12,6,ok,,1,10000,2,1,5.43,54.3000,973680964665083,973681020555762,55.890679,192,33024,160000,798,9092,1,c3_14q_decomp_p200,0,1,0,0,decomp; batch_server v7; dma STRM_POLL_US=200,973680964672903,973680964673533,973680964680593,973681020539822
c3_14q_decomp_p200-c3-12-r7-1789960456,2026-09-20T20:14:16,c3,build_13b440c3_20260918192735,0.001,7de69de,single,12,7,ok,,1,10000,2,1,5.43,54.3000,973681056943626,973681112831675,55.888049,192,33024,160000,38,8389,1,c3_14q_decomp_p200,0,1,0,0,decomp; batch_server v7; dma STRM_POLL_US=200,973681056951596,973681056952236,973681056959126,973681112818155
c3_14q_decomp_p200-c3-12-r8-1789960456,2026-09-20T20:14:16,c3,build_13b440c3_20260918192735,0.001,7de69de,single,12,8,ok,,1,10000,2,1,5.43,54.3000,973681148755734,973681204734434,55.9787,192,33024,160000,342,9473,1,c3_14q_decomp_p200,0,1,0,0,decomp; batch_server v7; dma STRM_POLL_US=200,973681148763594,973681148764304,973681148771084,973681204630153
c3_14q_decomp_p200-c3-12-r9-1789960456,2026-09-20T20:14:16,c3,build_13b440c3_20260918192735,0.001,7de69de,single,12,9,ok,,1,10000,2,1,5.43,54.3000,973681240307560,973681296193069,55.885509,192,33024,160000,586,9020,1,c3_14q_decomp_p200,0,1,0,0,decomp; batch_server v7; dma STRM_POLL_US=200,973681240315400,973681240316010,973681240323150,973681296182589
