run_id,wall_time,mode,bitfile,wns_ns,software_commit,workload,workload_id,repeat,status,exclusion_reason,n_circuits,shots,rps,n_active_ch,per_shot_us,qpu_ms,t_start_ns,t_end_ns,elapsed_ms,cmd_bytes_logical,cmd_bytes_transferred,readout_bytes,send_block_us_max,send_block_us_total,seamless,tag,pool_tables,n_groups,cnr,cnr_wait_cycles,note,loop_n,interval_us,period_us,period_src,calib_n,cmd_bytes_max,n_units,n_segments,seg_dur_us
c3_14q_phys1-c3-phys1_prefill16-r-1-1789950489,2026-09-20T17:28:08,c3,build_13b440c3_20260918192735,0.001,7de69de,phys,phys1_prefill16,-1,ok,,1,1,50000,1,5182400.00,5182.4000,963714068389778,963719250720229,5182.330451,160,33024,400000,680,26293,1,c3_14q_phys1,0,1,0,0,,50000,100.000,103.6480,compile,,160,,,
c3_14q_phys1-c3-phys1_prefill16-r0-1789950494,2026-09-20T17:28:14,c3,build_13b440c3_20260918192735,0.001,7de69de,phys,phys1_prefill16,0,ok,,1,1,50000,1,5182400.00,5182.4000,963719297513887,963724479840719,5182.326832,160,33024,400000,751,27535,1,c3_14q_phys1,0,1,0,0,,50000,100.000,103.6480,compile,,160,,,
c3_14q_phys1-c3-phys1_prefill16-r1-1789950499,2026-09-20T17:28:19,c3,build_13b440c3_20260918192735,0.001,7de69de,phys,phys1_prefill16,1,ok,,1,1,50000,1,5182400.00,5182.4000,963724524719058,963729707043329,5182.324271,160,33024,400000,458,25381,1,c3_14q_phys1,0,1,0,0,,50000,100.000,103.6480,compile,,160,,,
c3_14q_phys1-c3-phys1_prefill16-r2-1789950504,2026-09-20T17:28:24,c3,build_13b440c3_20260918192735,0.001,7de69de,phys,phys1_prefill16,2,ok,,1,1,50000,1,5182400.00,5182.4000,963729750961068,963734933281790,5182.320722,160,33024,400000,659,26427,1,c3_14q_phys1,0,1,0,0,,50000,100.000,103.6480,compile,,160,,,
c3_14q_phys1-c3-phys2_prefill16-r-1-1789950510,2026-09-20T17:28:30,c3,build_13b440c3_20260918192735,0.001,7de69de,phys,phys2_prefill16,-1,ok,,1,1,32,1,188.93,0.1889,963735419101548,963735419388371,0.286823,1664,33024,256,34,34,1,c3_14q_phys1,0,1,0,0,,32,1.000,5.9040,compile,,1664,,,
c3_14q_phys1-c3-phys2_prefill16-r0-1789950510,2026-09-20T17:28:30,c3,build_13b440c3_20260918192735,0.001,7de69de,phys,phys2_prefill16,0,ok,,1,1,32,1,188.93,0.1889,963735473496663,963735473776195,0.279532,1664,33024,256,34,34,1,c3_14q_phys1,0,1,0,0,,32,1.000,5.9040,compile,,1664,,,
c3_14q_phys1-c3-phys2_prefill16-r1-1789950510,2026-09-20T17:28:30,c3,build_13b440c3_20260918192735,0.001,7de69de,phys,phys2_prefill16,1,ok,,1,1,32,1,188.93,0.1889,963735526420332,963735526708655,0.288323,1664,33024,256,34,34,1,c3_14q_phys1,0,1,0,0,,32,1.000,5.9040,compile,,1664,,,
c3_14q_phys1-c3-phys2_prefill16-r2-1789950510,2026-09-20T17:28:30,c3,build_13b440c3_20260918192735,0.001,7de69de,phys,phys2_prefill16,2,ok,,1,1,32,1,188.93,0.1889,963735579131739,963735579424152,0.292413,1664,33024,256,34,34,1,c3_14q_phys1,0,1,0,0,,32,1.000,5.9040,compile,,1664,,,
c3_14q_phys1-c3-phys3_prefill16-r-1-1789950510,2026-09-20T17:28:30,c3,build_13b440c3_20260918192735,0.001,7de69de,phys,phys3_prefill16,-1,ok,,1,1,50000,1,100182400.00,100182.4000,963735993980168,963836174328948,100180.34878,160,33024,400000,926,72226,1,c3_14q_phys1,0,1,0,0,,50000,2000.000,2003.6480,compile,,160,,,
c3_14q_phys1-c3-phys3_prefill16-r0-1789950611,2026-09-20T17:30:11,c3,build_13b440c3_20260918192735,0.001,7de69de,phys,phys3_prefill16,0,ok,,1,1,50000,1,100182400.00,100182.4000,963836218716272,963936399066022,100180.34975,160,33024,400000,1410,72098,1,c3_14q_phys1,0,1,0,0,,50000,2000.000,2003.6480,compile,,160,,,
c3_14q_phys1-c3-phys3_prefill16-r1-1789950711,2026-09-20T17:31:51,c3,build_13b440c3_20260918192735,0.001,7de69de,phys,phys3_prefill16,1,ok,,1,1,50000,1,100182400.00,100182.4000,963936441557447,964036621907556,100180.350109,160,33024,400000,727,70375,1,c3_14q_phys1,0,1,0,0,,50000,2000.000,2003.6480,compile,,160,,,
c3_14q_phys1-c3-phys3_prefill16-r2-1789950811,2026-09-20T17:33:31,c3,build_13b440c3_20260918192735,0.001,7de69de,phys,phys3_prefill16,2,ok,,1,1,50000,1,100182400.00,100182.4000,964036667020907,964136847367067,100180.34616,160,33024,400000,745,72643,1,c3_14q_phys1,0,1,0,0,,50000,2000.000,2003.6480,compile,,160,,,
c3_14q_phys1-c3-phys4_prefill16-r-1-1789950912,2026-09-20T17:35:12,c3,build_13b440c3_20260918192735,0.001,7de69de,phys,phys4_prefill16,-1,ok,,1,1,8000,1,71456.00,71.4560,964137319161506,964137390641851,71.480345,160,33024,64000,32,3558,1,c3_14q_phys1,0,1,0,0,,8000,6.000,8.9320,compile,,160,,,
c3_14q_phys1-c3-phys4_prefill16-r0-1789950912,2026-09-20T17:35:12,c3,build_13b440c3_20260918192735,0.001,7de69de,phys,phys4_prefill16,0,ok,,1,1,8000,1,71456.00,71.4560,964137432578220,964137504410339,71.832119,160,33024,64000,36,3523,1,c3_14q_phys1,0,1,0,0,,8000,6.000,8.9320,compile,,160,,,
c3_14q_phys1-c3-phys4_prefill16-r1-1789950912,2026-09-20T17:35:12,c3,build_13b440c3_20260918192735,0.001,7de69de,phys,phys4_prefill16,1,ok,,1,1,8000,1,71456.00,71.4560,964137546834373,964137618310088,71.475715,160,33024,64000,51,3566,1,c3_14q_phys1,0,1,0,0,,8000,6.000,8.9320,compile,,160,,,
c3_14q_phys1-c3-phys4_prefill16-r2-1789950912,2026-09-20T17:35:12,c3,build_13b440c3_20260918192735,0.001,7de69de,phys,phys4_prefill16,2,ok,,1,1,8000,1,71456.00,71.4560,964137660431099,964137731912384,71.481285,160,33024,64000,33,3573,1,c3_14q_phys1,0,1,0,0,,8000,6.000,8.9320,compile,,160,,,
c3_14q_physcal1-c3-phys1_n101000_prefill16-r-1-1789950913,2026-09-20T17:35:13,c3,build_13b440c3_20260918192735,0.001,7de69de,phys_cal,phys1_n101000_prefill16,-1,ok,,1,1,101000,1,10468448.00,10468.4480,964138175855864,964148644225864,10468.37,160,33024,808000,729,51712,1,c3_14q_physcal1,0,1,0,0,calib block=0 seq=0,101000,100.000,103.6480,compile,101000,160,,,
c3_14q_physcal1-c3-phys1_n101000_prefill16-r0-1789950923,2026-09-20T17:35:23,c3,build_13b440c3_20260918192735,0.001,7de69de,phys_cal,phys1_n101000_prefill16,0,ok,,1,1,101000,1,10468448.00,10468.4480,964148690462267,964159158832297,10468.37003,160,33024,808000,688,52138,1,c3_14q_physcal1,0,1,0,0,calib block=0 seq=0,101000,100.000,103.6480,compile,101000,160,,,
c3_14q_physcal1-c3-phys1_n51000_prefill16-r-1-1789950934,2026-09-20T17:35:34,c3,build_13b440c3_20260918192735,0.001,7de69de,phys_cal,phys1_n51000_prefill16,-1,ok,,1,1,51000,1,5286048.00,5286.0480,964159636140610,964164922131759,5285.991149,160,33024,408000,445,25353,1,c3_14q_physcal1,0,1,0,0,calib block=0 seq=1,51000,100.000,103.6480,compile,51000,160,,,
c3_14q_physcal1-c3-phys1_n51000_prefill16-r0-1789950939,2026-09-20T17:35:39,c3,build_13b440c3_20260918192735,0.001,7de69de,phys_cal,phys1_n51000_prefill16,0,ok,,1,1,51000,1,5286048.00,5286.0480,964164967290410,964170253261308,5285.970898,160,33024,408000,895,27101,1,c3_14q_physcal1,0,1,0,0,calib block=0 seq=1,51000,100.000,103.6480,compile,51000,160,,,
c3_14q_physcal1-c3-phys1_n1000_prefill16-r-1-1789950945,2026-09-20T17:35:45,c3,build_13b440c3_20260918192735,0.001,7de69de,phys_cal,phys1_n1000_prefill16,-1,ok,,1,1,1000,1,103648.00,103.6480,964170732350390,964170835928076,103.577686,160,33024,8000,40,518,1,c3_14q_physcal1,0,1,0,0,calib block=0 seq=2,1000,100.000,103.6480,compile,1000,160,,,
c3_14q_physcal1-c3-phys1_n1000_prefill16-r0-1789950945,2026-09-20T17:35:45,c3,build_13b440c3_20260918192735,0.001,7de69de,phys_cal,phys1_n1000_prefill16,0,ok,,1,1,1000,1,103648.00,103.6480,964170880609573,964170984441381,103.831808,160,33024,8000,35,509,1,c3_14q_physcal1,0,1,0,0,calib block=0 seq=2,1000,100.000,103.6480,compile,1000,160,,,
c3_14q_physcal1-c3-phys1_n51000_prefill16-r-1-1789950946,2026-09-20T17:35:46,c3,build_13b440c3_20260918192735,0.001,7de69de,phys_cal,phys1_n51000_prefill16,-1,ok,,1,1,51000,1,5286048.00,5286.0480,964171408482412,964176694454950,5285.972538,160,33024,408000,436,25502,1,c3_14q_physcal1,0,1,0,0,calib block=1 seq=3,51000,100.000,103.6480,compile,51000,160,,,
c3_14q_physcal1-c3-phys1_n51000_prefill16-r0-1789950951,2026-09-20T17:35:51,c3,build_13b440c3_20260918192735,0.001,7de69de,phys_cal,phys1_n51000_prefill16,0,ok,,1,1,51000,1,5286048.00,5286.0480,964176739361719,964182025333307,5285.971588,160,33024,408000,1338,26902,1,c3_14q_physcal1,0,1,0,0,calib block=1 seq=3,51000,100.000,103.6480,compile,51000,160,,,
c3_14q_physcal1-c3-phys1_n101000_prefill16-r-1-1789950957,2026-09-20T17:35:57,c3,build_13b440c3_20260918192735,0.001,7de69de,phys_cal,phys1_n101000_prefill16,-1,ok,,1,1,101000,1,10468448.00,10468.4480,964182514987355,964192983361165,10468.37381,160,33024,808000,630,52568,1,c3_14q_physcal1,0,1,0,0,calib block=1 seq=4,101000,100.000,103.6480,compile,101000,160,,,
c3_14q_physcal1-c3-phys1_n101000_prefill16-r0-1789950967,2026-09-20T17:36:07,c3,build_13b440c3_20260918192735,0.001,7de69de,phys_cal,phys1_n101000_prefill16,0,ok,,1,1,101000,1,10468448.00,10468.4480,964193028811599,964203497176249,10468.36465,160,33024,808000,501,51510,1,c3_14q_physcal1,0,1,0,0,calib block=1 seq=4,101000,100.000,103.6480,compile,101000,160,,,
c3_14q_physcal1-c3-phys1_n1000_prefill16-r-1-1789950978,2026-09-20T17:36:18,c3,build_13b440c3_20260918192735,0.001,7de69de,phys_cal,phys1_n1000_prefill16,-1,ok,,1,1,1000,1,103648.00,103.6480,964203980817526,964204084399742,103.582216,160,33024,8000,35,511,1,c3_14q_physcal1,0,1,0,0,calib block=1 seq=5,1000,100.000,103.6480,compile,1000,160,,,
c3_14q_physcal1-c3-phys1_n1000_prefill16-r0-1789950979,2026-09-20T17:36:19,c3,build_13b440c3_20260918192735,0.001,7de69de,phys_cal,phys1_n1000_prefill16,0,ok,,1,1,1000,1,103648.00,103.6480,964204129889727,964204233467153,103.577426,160,33024,8000,35,510,1,c3_14q_physcal1,0,1,0,0,calib block=1 seq=5,1000,100.000,103.6480,compile,1000,160,,,
c3_14q_physcal1-c3-phys1_n51000_prefill16-r-1-1789950979,2026-09-20T17:36:19,c3,build_13b440c3_20260918192735,0.001,7de69de,phys_cal,phys1_n51000_prefill16,-1,ok,,1,1,51000,1,5286048.00,5286.0480,964204665172031,964209951144379,5285.972348,160,33024,408000,665,25659,1,c3_14q_physcal1,0,1,0,0,calib block=2 seq=6,51000,100.000,103.6480,compile,51000,160,,,
c3_14q_physcal1-c3-phys1_n51000_prefill16-r0-1789950984,2026-09-20T17:36:24,c3,build_13b440c3_20260918192735,0.001,7de69de,phys_cal,phys1_n51000_prefill16,0,ok,,1,1,51000,1,5286048.00,5286.0480,964209995607644,964215281582692,5285.975048,160,33024,408000,463,26336,1,c3_14q_physcal1,0,1,0,0,calib block=2 seq=6,51000,100.000,103.6480,compile,51000,160,,,
c3_14q_physcal1-c3-phys1_n1000_prefill16-r-1-1789950990,2026-09-20T17:36:30,c3,build_13b440c3_20260918192735,0.001,7de69de,phys_cal,phys1_n1000_prefill16,-1,ok,,1,1,1000,1,103648.00,103.6480,964215754941846,964215858524492,103.582646,160,33024,8000,41,514,1,c3_14q_physcal1,0,1,0,0,calib block=2 seq=7,1000,100.000,103.6480,compile,1000,160,,,
c3_14q_physcal1-c3-phys1_n1000_prefill16-r0-1789950990,2026-09-20T17:36:30,c3,build_13b440c3_20260918192735,0.001,7de69de,phys_cal,phys1_n1000_prefill16,0,ok,,1,1,1000,1,103648.00,103.6480,964215899599653,964216003175939,103.576286,160,33024,8000,34,505,1,c3_14q_physcal1,0,1,0,0,calib block=2 seq=7,1000,100.000,103.6480,compile,1000,160,,,
c3_14q_physcal1-c3-phys1_n101000_prefill16-r-1-1789950991,2026-09-20T17:36:31,c3,build_13b440c3_20260918192735,0.001,7de69de,phys_cal,phys1_n101000_prefill16,-1,ok,,1,1,101000,1,10468448.00,10468.4480,964216435471412,964226903836042,10468.36463,160,33024,808000,676,52589,1,c3_14q_physcal1,0,1,0,0,calib block=2 seq=8,101000,100.000,103.6480,compile,101000,160,,,
c3_14q_physcal1-c3-phys1_n101000_prefill16-r0-1789951001,2026-09-20T17:36:41,c3,build_13b440c3_20260918192735,0.001,7de69de,phys_cal,phys1_n101000_prefill16,0,ok,,1,1,101000,1,10468448.00,10468.4480,964226949247306,964237417620036,10468.37273,160,33024,808000,452,50820,1,c3_14q_physcal1,0,1,0,0,calib block=2 seq=8,101000,100.000,103.6480,compile,101000,160,,,
c3_14q_physcal1-c3-phys3_n3970_prefill16-r-1-1789951012,2026-09-20T17:36:52,c3,build_13b440c3_20260918192735,0.001,7de69de,phys_cal,phys3_n3970_prefill16,-1,ok,,1,1,3970,1,7954482.56,7954.4826,964237895248574,964245847757201,7952.508627,160,33024,31760,94,5415,1,c3_14q_physcal1,0,1,0,0,calib block=0 seq=9,3970,2000.000,2003.6480,compile,3970,160,,,
c3_14q_physcal1-c3-phys3_n3970_prefill16-r0-1789951020,2026-09-20T17:37:00,c3,build_13b440c3_20260918192735,0.001,7de69de,phys_cal,phys3_n3970_prefill16,0,ok,,1,1,3970,1,7954482.56,7954.4826,964245890900732,964253843404240,7952.503508,160,33024,31760,1392,7841,1,c3_14q_physcal1,0,1,0,0,calib block=0 seq=9,3970,2000.000,2003.6480,compile,3970,160,,,
c3_14q_physcal1-c3-phys3_n1000_prefill16-r-1-1789951029,2026-09-20T17:37:09,c3,build_13b440c3_20260918192735,0.001,7de69de,phys_cal,phys3_n1000_prefill16,-1,ok,,1,1,1000,1,2003648.00,2003.6480,964254319548632,964256321252312,2001.70368,160,33024,8000,1331,2615,1,c3_14q_physcal1,0,1,0,0,calib block=0 seq=10,1000,2000.000,2003.6480,compile,1000,160,,,
c3_14q_physcal1-c3-phys3_n1000_prefill16-r0-1789951031,2026-09-20T17:37:11,c3,build_13b440c3_20260918192735,0.001,7de69de,phys_cal,phys3_n1000_prefill16,0,ok,,1,1,1000,1,2003648.00,2003.6480,964256365491045,964258367199635,2001.70859,160,33024,8000,94,1383,1,c3_14q_physcal1,0,1,0,0,calib block=0 seq=10,1000,2000.000,2003.6480,compile,1000,160,,,
c3_14q_physcal1-c3-phys3_n6941_prefill16-r-1-1789951033,2026-09-20T17:37:13,c3,build_13b440c3_20260918192735,0.001,7de69de,phys_cal,phys3_n6941_prefill16,-1,ok,,1,1,6941,1,13907320.77,13907.3208,964258849356447,964272754713393,13905.356946,160,33024,55528,480,9773,1,c3_14q_physcal1,0,1,0,0,calib block=0 seq=11,6941,2000.000,2003.6480,compile,6941,160,,,
c3_14q_physcal1-c3-phys3_n6941_prefill16-r0-1789951047,2026-09-20T17:37:27,c3,build_13b440c3_20260918192735,0.001,7de69de,phys_cal,phys3_n6941_prefill16,0,ok,,1,1,6941,1,13907320.77,13907.3208,964272799234098,964286704586283,13905.352185,160,33024,55528,719,10532,1,c3_14q_physcal1,0,1,0,0,calib block=0 seq=11,6941,2000.000,2003.6480,compile,6941,160,,,
c3_14q_physcal1-c3-phys3_n3970_prefill16-r-1-1789951062,2026-09-20T17:37:42,c3,build_13b440c3_20260918192735,0.001,7de69de,phys_cal,phys3_n3970_prefill16,-1,ok,,1,1,3970,1,7954482.56,7954.4826,964287179753445,964295132655207,7952.901762,160,33024,31760,95,5437,1,c3_14q_physcal1,0,1,0,0,calib block=1 seq=12,3970,2000.000,2003.6480,compile,3970,160,,,
c3_14q_physcal1-c3-phys3_n3970_prefill16-r0-1789951070,2026-09-20T17:37:50,c3,build_13b440c3_20260918192735,0.001,7de69de,phys_cal,phys3_n3970_prefill16,0,ok,,1,1,3970,1,7954482.56,7954.4826,964295176593976,964303129097654,7952.503678,160,33024,31760,95,5361,1,c3_14q_physcal1,0,1,0,0,calib block=1 seq=12,3970,2000.000,2003.6480,compile,3970,160,,,
c3_14q_physcal1-c3-phys3_n6941_prefill16-r-1-1789951078,2026-09-20T17:37:58,c3,build_13b440c3_20260918192735,0.001,7de69de,phys_cal,phys3_n6941_prefill16,-1,ok,,1,1,6941,1,13907320.77,13907.3208,964303607127255,964317512484130,13905.356875,160,33024,55528,714,10699,1,c3_14q_physcal1,0,1,0,0,calib block=1 seq=13,6941,2000.000,2003.6480,compile,6941,160,,,
c3_14q_physcal1-c3-phys3_n6941_prefill16-r0-1789951092,2026-09-20T17:38:12,c3,build_13b440c3_20260918192735,0.001,7de69de,phys_cal,phys3_n6941_prefill16,0,ok,,1,1,6941,1,13907320.77,13907.3208,964317556614941,964331461972137,13905.357196,160,33024,55528,699,10003,1,c3_14q_physcal1,0,1,0,0,calib block=1 seq=13,6941,2000.000,2003.6480,compile,6941,160,,,
c3_14q_physcal1-c3-phys3_n1000_prefill16-r-1-1789951106,2026-09-20T17:38:26,c3,build_13b440c3_20260918192735,0.001,7de69de,phys_cal,phys3_n1000_prefill16,-1,ok,,1,1,1000,1,2003648.00,2003.6480,964331923436772,964333925138222,2001.70145,160,33024,8000,93,1397,1,c3_14q_physcal1,0,1,0,0,calib block=1 seq=14,1000,2000.000,2003.6480,compile,1000,160,,,
c3_14q_physcal1-c3-phys3_n1000_prefill16-r0-1789951108,2026-09-20T17:38:28,c3,build_13b440c3_20260918192735,0.001,7de69de,phys_cal,phys3_n1000_prefill16,0,ok,,1,1,1000,1,2003648.00,2003.6480,964333969560426,964335971266887,2001.706461,160,33024,8000,98,1385,1,c3_14q_physcal1,0,1,0,0,calib block=1 seq=14,1000,2000.000,2003.6480,compile,1000,160,,,
c3_14q_physcal1-c3-phys3_n6941_prefill16-r-1-1789951111,2026-09-20T17:38:31,c3,build_13b440c3_20260918192735,0.001,7de69de,phys_cal,phys3_n6941_prefill16,-1,ok,,1,1,6941,1,13907320.77,13907.3208,964336443511550,964350348867035,13905.355485,160,33024,55528,932,10846,1,c3_14q_physcal1,0,1,0,0,calib block=2 seq=15,6941,2000.000,2003.6480,compile,6941,160,,,
c3_14q_physcal1-c3-phys3_n6941_prefill16-r0-1789951125,2026-09-20T17:38:45,c3,build_13b440c3_20260918192735,0.001,7de69de,phys_cal,phys3_n6941_prefill16,0,ok,,1,1,6941,1,13907320.77,13907.3208,964350392852005,964364298209360,13905.357355,160,33024,55528,98,9435,1,c3_14q_physcal1,0,1,0,0,calib block=2 seq=15,6941,2000.000,2003.6480,compile,6941,160,,,
c3_14q_physcal1-c3-phys3_n1000_prefill16-r-1-1789951139,2026-09-20T17:38:59,c3,build_13b440c3_20260918192735,0.001,7de69de,phys_cal,phys3_n1000_prefill16,-1,ok,,1,1,1000,1,2003648.00,2003.6480,964364768527324,964366770238594,2001.71127,160,33024,8000,107,1375,1,c3_14q_physcal1,0,1,0,0,calib block=2 seq=16,1000,2000.000,2003.6480,compile,1000,160,,,
c3_14q_physcal1-c3-phys3_n1000_prefill16-r0-1789951141,2026-09-20T17:39:01,c3,build_13b440c3_20260918192735,0.001,7de69de,phys_cal,phys3_n1000_prefill16,0,ok,,1,1,1000,1,2003648.00,2003.6480,964366814519137,964368816655282,2002.136145,160,33024,8000,103,1393,1,c3_14q_physcal1,0,1,0,0,calib block=2 seq=16,1000,2000.000,2003.6480,compile,1000,160,,,
c3_14q_physcal1-c3-phys3_n3970_prefill16-r-1-1789951144,2026-09-20T17:39:04,c3,build_13b440c3_20260918192735,0.001,7de69de,phys_cal,phys3_n3970_prefill16,-1,ok,,1,1,3970,1,7954482.56,7954.4826,964369291569052,964377244081279,7952.512227,160,33024,31760,95,5383,1,c3_14q_physcal1,0,1,0,0,calib block=2 seq=17,3970,2000.000,2003.6480,compile,3970,160,,,
c3_14q_physcal1-c3-phys3_n3970_prefill16-r0-1789951152,2026-09-20T17:39:12,c3,build_13b440c3_20260918192735,0.001,7de69de,phys_cal,phys3_n3970_prefill16,0,ok,,1,1,3970,1,7954482.56,7954.4826,964377288277991,964385240853399,7952.575408,160,33024,31760,101,5465,1,c3_14q_physcal1,0,1,0,0,calib block=2 seq=17,3970,2000.000,2003.6480,compile,3970,160,,,
c3_14q_physcal1-c3-phys4_n231769_prefill16-r-1-1789951160,2026-09-20T17:39:20,c3,build_13b440c3_20260918192735,0.001,7de69de,phys_cal,phys4_n231769_prefill16,-1,ok,,1,1,231769,1,2070160.71,2070.1607,964385708317825,964387778498900,2070.181075,160,33024,1854152,454,108362,1,c3_14q_physcal1,0,1,0,0,calib block=0 seq=18,231769,6.000,8.9320,compile,231769,160,,,
c3_14q_physcal1-c3-phys4_n231769_prefill16-r0-1789951162,2026-09-20T17:39:22,c3,build_13b440c3_20260918192735,0.001,7de69de,phys_cal,phys4_n231769_prefill16,0,ok,,1,1,231769,1,2070160.71,2070.1607,964387826332698,964389896518153,2070.185455,160,33024,1854152,877,106759,1,c3_14q_physcal1,0,1,0,0,calib block=0 seq=18,231769,6.000,8.9320,compile,231769,160,,,
c3_14q_physcal1-c3-phys4_n462539_prefill16-r-1-1789951165,2026-09-20T17:39:25,c3,build_13b440c3_20260918192735,0.001,7de69de,phys_cal,phys4_n462539_prefill16,-1,ok,,1,1,462539,1,4131398.35,4131.3983,964390379880018,964394511299058,4131.41904,160,33024,3700312,870,214980,1,c3_14q_physcal1,0,1,0,0,calib block=0 seq=19,462539,6.000,8.9320,compile,462539,160,,,
c3_14q_physcal1-c3-phys4_n462539_prefill16-r0-1789951169,2026-09-20T17:39:29,c3,build_13b440c3_20260918192735,0.001,7de69de,phys_cal,phys4_n462539_prefill16,0,ok,,1,1,462539,1,4131398.35,4131.3983,964394561293058,964398692706069,4131.413011,160,33024,3700312,927,216394,1,c3_14q_physcal1,0,1,0,0,calib block=0 seq=19,462539,6.000,8.9320,compile,462539,160,,,
c3_14q_physcal1-c3-phys4_n1000_prefill16-r-1-1789951174,2026-09-20T17:39:34,c3,build_13b440c3_20260918192735,0.001,7de69de,phys_cal,phys4_n1000_prefill16,-1,ok,,1,1,1000,1,8932.00,8.9320,964399176994502,964399185950242,8.95574,160,33024,8000,34,474,1,c3_14q_physcal1,0,1,0,0,calib block=0 seq=20,1000,6.000,8.9320,compile,1000,160,,,
c3_14q_physcal1-c3-phys4_n1000_prefill16-r0-1789951174,2026-09-20T17:39:34,c3,build_13b440c3_20260918192735,0.001,7de69de,phys_cal,phys4_n1000_prefill16,0,ok,,1,1,1000,1,8932.00,8.9320,964399228216385,964399237170094,8.953709,160,33024,8000,33,469,1,c3_14q_physcal1,0,1,0,0,calib block=0 seq=20,1000,6.000,8.9320,compile,1000,160,,,
c3_14q_physcal1-c3-phys4_n1000_prefill16-r-1-1789951174,2026-09-20T17:39:34,c3,build_13b440c3_20260918192735,0.001,7de69de,phys_cal,phys4_n1000_prefill16,-1,ok,,1,1,1000,1,8932.00,8.9320,964399685973913,964399694934073,8.96016,160,33024,8000,35,474,1,c3_14q_physcal1,0,1,0,0,calib block=1 seq=21,1000,6.000,8.9320,compile,1000,160,,,
c3_14q_physcal1-c3-phys4_n1000_prefill16-r0-1789951174,2026-09-20T17:39:34,c3,build_13b440c3_20260918192735,0.001,7de69de,phys_cal,phys4_n1000_prefill16,0,ok,,1,1,1000,1,8932.00,8.9320,964399736560039,964399745518209,8.95817,160,33024,8000,33,472,1,c3_14q_physcal1,0,1,0,0,calib block=1 seq=21,1000,6.000,8.9320,compile,1000,160,,,
c3_14q_physcal1-c3-phys4_n231769_prefill16-r-1-1789951175,2026-09-20T17:39:35,c3,build_13b440c3_20260918192735,0.001,7de69de,phys_cal,phys4_n231769_prefill16,-1,ok,,1,1,231769,1,2070160.71,2070.1607,964400153873053,964402224054508,2070.181455,160,33024,1854152,877,107419,1,c3_14q_physcal1,0,1,0,0,calib block=1 seq=22,231769,6.000,8.9320,compile,231769,160,,,
c3_14q_physcal1-c3-phys4_n231769_prefill16-r0-1789951177,2026-09-20T17:39:37,c3,build_13b440c3_20260918192735,0.001,7de69de,phys_cal,phys4_n231769_prefill16,0,ok,,1,1,231769,1,2070160.71,2070.1607,964402271230840,964404341415575,2070.184735,160,33024,1854152,851,111103,1,c3_14q_physcal1,0,1,0,0,calib block=1 seq=22,231769,6.000,8.9320,compile,231769,160,,,
c3_14q_physcal1-c3-phys4_n462539_prefill16-r-1-1789951179,2026-09-20T17:39:39,c3,build_13b440c3_20260918192735,0.001,7de69de,phys_cal,phys4_n462539_prefill16,-1,ok,,1,1,462539,1,4131398.35,4131.3983,964404819010691,964408950429692,4131.419001,160,33024,3700312,1103,216816,1,c3_14q_physcal1,0,1,0,0,calib block=1 seq=23,462539,6.000,8.9320,compile,462539,160,,,
c3_14q_physcal1-c3-phys4_n462539_prefill16-r0-1789951183,2026-09-20T17:39:43,c3,build_13b440c3_20260918192735,0.001,7de69de,phys_cal,phys4_n462539_prefill16,0,ok,,1,1,462539,1,4131398.35,4131.3983,964408995175950,964413126595230,4131.41928,160,33024,3700312,988,216408,1,c3_14q_physcal1,0,1,0,0,calib block=1 seq=23,462539,6.000,8.9320,compile,462539,160,,,
c3_14q_physcal1-c3-phys4_n1000_prefill16-r-1-1789951188,2026-09-20T17:39:48,c3,build_13b440c3_20260918192735,0.001,7de69de,phys_cal,phys4_n1000_prefill16,-1,ok,,1,1,1000,1,8932.00,8.9320,964413611729542,964413620680982,8.95144,160,33024,8000,33,468,1,c3_14q_physcal1,0,1,0,0,calib block=2 seq=24,1000,6.000,8.9320,compile,1000,160,,,
c3_14q_physcal1-c3-phys4_n1000_prefill16-r0-1789951188,2026-09-20T17:39:48,c3,build_13b440c3_20260918192735,0.001,7de69de,phys_cal,phys4_n1000_prefill16,0,ok,,1,1,1000,1,8932.00,8.9320,964413664424609,964413673389169,8.96456,160,33024,8000,33,471,1,c3_14q_physcal1,0,1,0,0,calib block=2 seq=24,1000,6.000,8.9320,compile,1000,160,,,
c3_14q_physcal1-c3-phys4_n231769_prefill16-r-1-1789951189,2026-09-20T17:39:49,c3,build_13b440c3_20260918192735,0.001,7de69de,phys_cal,phys4_n231769_prefill16,-1,ok,,1,1,231769,1,2070160.71,2070.1607,964414098001356,964416168743606,2070.74225,160,33024,1854152,636,106698,1,c3_14q_physcal1,0,1,0,0,calib block=2 seq=25,231769,6.000,8.9320,compile,231769,160,,,
c3_14q_physcal1-c3-phys4_n231769_prefill16-r0-1789951191,2026-09-20T17:39:51,c3,build_13b440c3_20260918192735,0.001,7de69de,phys_cal,phys4_n231769_prefill16,0,ok,,1,1,231769,1,2070160.71,2070.1607,964416215288632,964418285469467,2070.180835,160,33024,1854152,889,109079,1,c3_14q_physcal1,0,1,0,0,calib block=2 seq=25,231769,6.000,8.9320,compile,231769,160,,,
c3_14q_physcal1-c3-phys4_n462539_prefill16-r-1-1789951193,2026-09-20T17:39:53,c3,build_13b440c3_20260918192735,0.001,7de69de,phys_cal,phys4_n462539_prefill16,-1,ok,,1,1,462539,1,4131398.35,4131.3983,964418762191575,964422893607466,4131.415891,160,33024,3700312,870,216702,1,c3_14q_physcal1,0,1,0,0,calib block=2 seq=26,462539,6.000,8.9320,compile,462539,160,,,
c3_14q_physcal1-c3-phys4_n462539_prefill16-r0-1789951197,2026-09-20T17:39:57,c3,build_13b440c3_20260918192735,0.001,7de69de,phys_cal,phys4_n462539_prefill16,0,ok,,1,1,462539,1,4131398.35,4131.3983,964422944215422,964427075634062,4131.41864,160,33024,3700312,668,216653,1,c3_14q_physcal1,0,1,0,0,calib block=2 seq=26,462539,6.000,8.9320,compile,462539,160,,,
c3_14q_phys4_start16-c3-phys5_prefill16-r-1-1789951202,2026-09-20T17:40:02,c3,build_13b440c3_20260918192735,0.001,7de69de,phys,phys5_prefill16,-1,ok,,1,1024,1,1,248.54,254.5091,964428774964538,964429030335622,255.371084,32368,167772416,8192,43,597,1,c3_14q_phys4_start16,1,1,0,1,,1024,1.000,248.5440,compile-segments,,32768,5120,5,50.114;49.114;49.114;49.114;51.088
c3_14q_phys4_start16-c3-phys5_prefill16-r0-1789951204,2026-09-20T17:40:04,c3,build_13b440c3_20260918192735,0.001,7de69de,phys,phys5_prefill16,0,ok,,1,1024,1,1,248.54,254.5091,964429115145851,964429370515755,255.369904,32368,167772416,8192,40,590,1,c3_14q_phys4_start16,1,1,0,1,,1024,1.000,248.5440,compile-segments,,32768,5120,5,50.114;49.114;49.114;49.114;51.088
c3_14q_phys4_start16-c3-phys5_prefill16-r1-1789951204,2026-09-20T17:40:04,c3,build_13b440c3_20260918192735,0.001,7de69de,phys,phys5_prefill16,1,ok,,1,1024,1,1,248.54,254.5091,964429432275672,964429687646747,255.371075,32368,167772416,8192,491,1041,1,c3_14q_phys4_start16,1,1,0,1,,1024,1.000,248.5440,compile-segments,,32768,5120,5,50.114;49.114;49.114;49.114;51.088
c3_14q_phys4_start16-c3-phys5_prefill16-r2-1789951204,2026-09-20T17:40:04,c3,build_13b440c3_20260918192735,0.001,7de69de,phys,phys5_prefill16,2,ok,,1,1024,1,1,248.54,254.5091,964429755010780,964430010385314,255.374534,32368,167772416,8192,41,587,1,c3_14q_phys4_start16,1,1,0,1,,1024,1.000,248.5440,compile-segments,,32768,5120,5,50.114;49.114;49.114;49.114;51.088
c3_14q_phys4_start16-c3-phys6_prefill16-r-1-1789951205,2026-09-20T17:40:05,c3,build_13b440c3_20260918192735,0.001,7de69de,phys,phys6_prefill16,-1,ok,,1,5000,1,2,432.48,2162.4200,964431656775131,964433821625453,2164.850322,51296,983040256,80000,61,5515,1,c3_14q_phys4_start16,1,1,0,1,,5000,1.000,432.4840,compile-segments,,27312,15000,3,146.958;145.958;139.568
c3_14q_phys4_start16-c3-phys6_prefill16-r0-1789951208,2026-09-20T17:40:08,c3,build_13b440c3_20260918192735,0.001,7de69de,phys,phys6_prefill16,0,ok,,1,5000,1,2,432.48,2162.4200,964434016832275,964436181674317,2164.842042,51296,983040256,80000,47,5507,1,c3_14q_phys4_start16,1,1,0,1,,5000,1.000,432.4840,compile-segments,,27312,15000,3,146.958;145.958;139.568
c3_14q_phys4_start16-c3-phys6_prefill16-r1-1789951211,2026-09-20T17:40:11,c3,build_13b440c3_20260918192735,0.001,7de69de,phys,phys6_prefill16,1,ok,,1,5000,1,2,432.48,2162.4200,964436404890109,964438569741591,2164.851482,51296,983040256,80000,48,5520,1,c3_14q_phys4_start16,1,1,0,1,,5000,1.000,432.4840,compile-segments,,27312,15000,3,146.958;145.958;139.568
c3_14q_phys4_start16-c3-phys6_prefill16-r2-1789951213,2026-09-20T17:40:13,c3,build_13b440c3_20260918192735,0.001,7de69de,phys,phys6_prefill16,2,ok,,1,5000,1,2,432.48,2162.4200,964438764212656,964440929062208,2164.849552,51296,983040256,80000,45,5589,1,c3_14q_phys4_start16,1,1,0,1,,5000,1.000,432.4840,compile-segments,,27312,15000,3,146.958;145.958;139.568
scope_phys4_n1-c3-phys4_prefill16-r-1-1789951226,2026-09-20T17:40:26,c3,build_13b440c3_20260918192735,0.001,7de69de,phys,phys4_prefill16,-1,ok,,1,1,8000,1,71456.00,71.4560,964452009702762,964452081181367,71.478605,160,33024,64000,53,3600,1,scope_phys4_n1,1,1,0,0,scope cadence (native carrier); SCOPE_QUBIT_OFFSET=8; PEAKDETECT CONSTANT 12.5MS/s 8e-3 s/div,8000,6.000,8.9320,compile,,160,,,
scope_phys4_n1-c3-phys4_prefill16-r0-1789951227,2026-09-20T17:40:27,c3,build_13b440c3_20260918192735,0.001,7de69de,phys,phys4_prefill16,0,ok,,1,1,8000,1,71456.00,71.4560,964452130390859,964452201872094,71.481235,160,33024,64000,35,3596,1,scope_phys4_n1,1,1,0,0,scope cadence (native carrier); SCOPE_QUBIT_OFFSET=8; PEAKDETECT CONSTANT 12.5MS/s 8e-3 s/div,8000,6.000,8.9320,compile,,160,,,
scope_phys4_n2-c3-phys4_prefill16-r-1-1789951237,2026-09-20T17:40:37,c3,build_13b440c3_20260918192735,0.001,7de69de,phys,phys4_prefill16,-1,ok,,1,1,8000,1,71456.00,71.4560,964462165975830,964462237454125,71.478295,160,33024,64000,41,3543,1,scope_phys4_n2,1,1,0,0,scope cadence (native carrier); SCOPE_QUBIT_OFFSET=8; PEAKDETECT CONSTANT 12.5MS/s 8e-3 s/div,8000,6.000,8.9320,compile,,160,,,
scope_phys4_n2-c3-phys4_prefill16-r0-1789951237,2026-09-20T17:40:37,c3,build_13b440c3_20260918192735,0.001,7de69de,phys,phys4_prefill16,0,ok,,1,1,8000,1,71456.00,71.4560,964462286022551,964462357502916,71.480365,160,33024,64000,37,3568,1,scope_phys4_n2,1,1,0,0,scope cadence (native carrier); SCOPE_QUBIT_OFFSET=8; PEAKDETECT CONSTANT 12.5MS/s 8e-3 s/div,8000,6.000,8.9320,compile,,160,,,
scope_phys4_n3-c3-phys4_prefill16-r-1-1789951247,2026-09-20T17:40:47,c3,build_13b440c3_20260918192735,0.001,7de69de,phys,phys4_prefill16,-1,ok,,1,1,8000,1,71456.00,71.4560,964472087979846,964472159458311,71.478465,160,33024,64000,41,3559,1,scope_phys4_n3,1,1,0,0,scope cadence (native carrier); SCOPE_QUBIT_OFFSET=8; PEAKDETECT CONSTANT 12.5MS/s 8e-3 s/div,8000,6.000,8.9320,compile,,160,,,
scope_phys4_n3-c3-phys4_prefill16-r0-1789951247,2026-09-20T17:40:47,c3,build_13b440c3_20260918192735,0.001,7de69de,phys,phys4_prefill16,0,ok,,1,1,8000,1,71456.00,71.4560,964472209884765,964472281359980,71.475215,160,33024,64000,34,3580,1,scope_phys4_n3,1,1,0,0,scope cadence (native carrier); SCOPE_QUBIT_OFFSET=8; PEAKDETECT CONSTANT 12.5MS/s 8e-3 s/div,8000,6.000,8.9320,compile,,160,,,
scope_phys3_n1-c3-phys3_prefill16-r-1-1789951257,2026-09-20T17:40:57,c3,build_13b440c3_20260918192735,0.001,7de69de,phys,phys3_prefill16,-1,ok,,1,1,50000,1,100182400.00,100182.4000,964482253049243,964582433396692,100180.347449,160,33024,400000,925,70910,1,scope_phys3_n1,1,1,0,0,scope cadence (native carrier); SCOPE_QUBIT_OFFSET=8; PEAKDETECT CONSTANT 12.5MS/s 100e-3 s/div,50000,2000.000,2003.6480,compile,,160,,,
scope_phys3_n1-c3-phys3_prefill16-r0-1789951357,2026-09-20T17:42:37,c3,build_13b440c3_20260918192735,0.001,7de69de,phys,phys3_prefill16,0,ok,,1,1,50000,1,100182400.00,100182.4000,964582486372752,964682666719452,100180.3467,160,33024,400000,1319,73560,1,scope_phys3_n1,1,1,0,0,scope cadence (native carrier); SCOPE_QUBIT_OFFSET=8; PEAKDETECT CONSTANT 12.5MS/s 100e-3 s/div,50000,2000.000,2003.6480,compile,,160,,,
scope_phys5_n1-c3-phys5_prefill16-r-1-1789951467,2026-09-20T17:44:27,c3,build_13b440c3_20260918192735,0.001,7de69de,phys,phys5_prefill16,-1,ok,,1,1024,1,1,248.54,254.5091,964693164483076,964693419856330,255.373254,32368,167772416,8192,426,980,1,scope_phys5_n1,1,1,0,1,scope cadence (native carrier); SCOPE_QUBIT_OFFSET=8; PEAKDETECT CONSTANT 12.5MS/s 100e-3 s/div,1024,1.000,248.5440,compile-segments,,32768,5120,5,50.114;49.114;49.114;49.114;51.088
scope_phys5_n1-c3-phys5_prefill16-r0-1789951468,2026-09-20T17:44:28,c3,build_13b440c3_20260918192735,0.001,7de69de,phys,phys5_prefill16,0,ok,,1,1024,1,1,248.54,254.5091,964693513446116,964693768821290,255.375174,32368,167772416,8192,42,592,1,scope_phys5_n1,1,1,0,1,scope cadence (native carrier); SCOPE_QUBIT_OFFSET=8; PEAKDETECT CONSTANT 12.5MS/s 100e-3 s/div,1024,1.000,248.5440,compile-segments,,32768,5120,5,50.114;49.114;49.114;49.114;51.088
scope_phys5_n2-c3-phys5_prefill16-r-1-1789951480,2026-09-20T17:44:40,c3,build_13b440c3_20260918192735,0.001,7de69de,phys,phys5_prefill16,-1,ok,,1,1024,1,1,248.54,254.5091,964706488308605,964706743683979,255.375374,32368,167772416,8192,40,593,1,scope_phys5_n2,1,1,0,1,scope cadence (native carrier); SCOPE_QUBIT_OFFSET=8; PEAKDETECT CONSTANT 12.5MS/s 100e-3 s/div,1024,1.000,248.5440,compile-segments,,32768,5120,5,50.114;49.114;49.114;49.114;51.088
scope_phys5_n2-c3-phys5_prefill16-r0-1789951481,2026-09-20T17:44:41,c3,build_13b440c3_20260918192735,0.001,7de69de,phys,phys5_prefill16,0,ok,,1,1024,1,1,248.54,254.5091,964706837853521,964707093226245,255.372724,32368,167772416,8192,40,581,1,scope_phys5_n2,1,1,0,1,scope cadence (native carrier); SCOPE_QUBIT_OFFSET=8; PEAKDETECT CONSTANT 12.5MS/s 100e-3 s/div,1024,1.000,248.5440,compile-segments,,32768,5120,5,50.114;49.114;49.114;49.114;51.088
scope_phys5_n3-c3-phys5_prefill16-r-1-1789951493,2026-09-20T17:44:53,c3,build_13b440c3_20260918192735,0.001,7de69de,phys,phys5_prefill16,-1,ok,,1,1024,1,1,248.54,254.5091,964719550512547,964719805883861,255.371314,32368,167772416,8192,49,597,1,scope_phys5_n3,1,1,0,1,scope cadence (native carrier); SCOPE_QUBIT_OFFSET=8; PEAKDETECT CONSTANT 12.5MS/s 100e-3 s/div,1024,1.000,248.5440,compile-segments,,32768,5120,5,50.114;49.114;49.114;49.114;51.088
scope_phys5_n3-c3-phys5_prefill16-r0-1789951494,2026-09-20T17:44:54,c3,build_13b440c3_20260918192735,0.001,7de69de,phys,phys5_prefill16,0,ok,,1,1024,1,1,248.54,254.5091,964719897881741,964720153257066,255.375325,32368,167772416,8192,40,576,1,scope_phys5_n3,1,1,0,1,scope cadence (native carrier); SCOPE_QUBIT_OFFSET=8; PEAKDETECT CONSTANT 12.5MS/s 100e-3 s/div,1024,1.000,248.5440,compile-segments,,32768,5120,5,50.114;49.114;49.114;49.114;51.088
