idx,name,n_qubits,shots,checkpoint,n,n_ref,tvd_p95,hf_p05,tvd_median,p_false_fail,evaluable
1,Bell state (GHZ-2),2,24576,3,7371,2457,0.024,0.999,0.007,0.0,1
1,Bell state (GHZ-2),2,24576,4,9828,2457,0.021,1.0,0.006,0.0,1
1,Bell state (GHZ-2),2,24576,5,12285,2457,0.02,1.0,0.008,0.0,1
1,Bell state (GHZ-2),2,24576,6,14742,2457,0.021,1.0,0.007,0.0,1
1,Bell state (GHZ-2),2,24576,7,17199,2457,0.022,1.0,0.008,0.0,1
1,Bell state (GHZ-2),2,24576,8,19656,2457,0.019,1.0,0.007,0.0,1
1,Bell state (GHZ-2),2,24576,9,22113,2457,0.021,1.0,0.007,0.0,1
1,Bell state (GHZ-2),2,24576,10,24576,2457,0.021,1.0,0.006,0.0,1
2,GHZ-3,3,8192,3,2457,819,0.039,0.998,0.012,0.0,1
2,GHZ-3,3,8192,4,3276,819,0.041,0.998,0.015,0.0,1
2,GHZ-3,3,8192,5,4095,819,0.037,0.999,0.013,0.0,1
2,GHZ-3,3,8192,6,4914,819,0.04,0.998,0.015,0.0,1
2,GHZ-3,3,8192,7,5733,819,0.035,0.999,0.013,0.0,1
2,GHZ-3,3,8192,8,6552,819,0.038,0.999,0.015,0.0,1
2,GHZ-3,3,8192,9,7371,819,0.036,0.999,0.013,0.0,1
2,GHZ-3,3,8192,10,8192,819,0.037,0.999,0.011,0.0,1
3,VQE HeH+ 2Q,2,4000,3,1200,400,0.0,1.0,0.0,0.0,1
3,VQE HeH+ 2Q,2,4000,4,1600,400,0.0,1.0,0.0,0.0,1
3,VQE HeH+ 2Q,2,4000,5,2000,400,0.0,1.0,0.0,0.0,1
3,VQE HeH+ 2Q,2,4000,6,2400,400,0.0,1.0,0.0,0.0,1
3,VQE HeH+ 2Q,2,4000,7,2800,400,0.0,1.0,0.0,0.0,1
3,VQE HeH+ 2Q,2,4000,8,3200,400,0.0,1.0,0.0,0.0,1
3,VQE HeH+ 2Q,2,4000,9,3600,400,0.0,1.0,0.0,0.0,1
3,VQE HeH+ 2Q,2,4000,10,4000,400,0.0,1.0,0.0,0.0,1
4,GHZ-4,4,8192,3,2457,819,0.039,0.999,0.013,0.0,1
4,GHZ-4,4,8192,4,3276,819,0.04,0.998,0.014,0.0,1
4,GHZ-4,4,8192,5,4095,819,0.035,0.999,0.011,0.0,1
4,GHZ-4,4,8192,6,4914,819,0.039,0.998,0.013,0.0,1
4,GHZ-4,4,8192,7,5733,819,0.034,0.999,0.014,0.0,1
4,GHZ-4,4,8192,8,6552,819,0.036,0.999,0.015,0.0,1
4,GHZ-4,4,8192,9,7371,819,0.038,0.999,0.01,0.0,1
4,GHZ-4,4,8192,10,8192,819,0.036,0.999,0.012,0.0,1
5,GHZ-5,5,1024,3,306,102,0.108,0.988,0.036,0.0,1
5,GHZ-5,5,1024,4,408,102,0.12,0.985,0.042,0.0,1
5,GHZ-5,5,1024,5,510,102,0.094,0.991,0.033,0.0,1
5,GHZ-5,5,1024,6,612,102,0.095,0.991,0.038,0.0,1
5,GHZ-5,5,1024,7,714,102,0.102,0.99,0.036,0.0,1
5,GHZ-5,5,1024,8,816,102,0.123,0.985,0.039,0.0,1
5,GHZ-5,5,1024,9,918,102,0.095,0.991,0.032,0.0,1
5,GHZ-5,5,1024,10,1024,102,0.105,0.989,0.035,0.0,1
6,GHZ-6,6,128,3,36,100,0.188,0.964,0.059,0.0,1
6,GHZ-6,6,128,4,48,100,0.179,0.966,0.055,0.0,1
6,GHZ-6,6,128,5,60,100,0.16,0.974,0.057,0.0,1
6,GHZ-6,6,128,6,72,100,0.158,0.975,0.052,0.0,1
6,GHZ-6,6,128,7,84,100,0.14,0.98,0.051,0.0,1
6,GHZ-6,6,128,8,96,100,0.144,0.979,0.051,0.0,1
6,GHZ-6,6,128,9,108,100,0.136,0.982,0.043,0.0,1
6,GHZ-6,6,128,10,128,100,0.128,0.984,0.052,0.0,1
7,GHZ-8,8,32,3,9,100,0.298,0.906,0.106,0.0,1
7,GHZ-8,8,32,4,12,100,0.29,0.911,0.103,0.0,1
7,GHZ-8,8,32,5,15,100,0.29,0.911,0.1,0.0,1
7,GHZ-8,8,32,6,18,100,0.243,0.938,0.091,0.0,1
7,GHZ-8,8,32,7,21,100,0.247,0.938,0.081,0.0,1
7,GHZ-8,8,32,8,24,100,0.228,0.946,0.082,0.0,1
7,GHZ-8,8,32,9,27,100,0.224,0.948,0.073,0.0,1
7,GHZ-8,8,32,10,32,100,0.22,0.949,0.07,0.0,1
8,QFT 4Q,4,500,3,150,100,0.254,0.896,0.193,0.0,1
8,QFT 4Q,4,500,4,200,100,0.25,0.906,0.185,0.0,1
8,QFT 4Q,4,500,5,250,100,0.25,0.904,0.188,0.0,1
8,QFT 4Q,4,500,6,300,100,0.233,0.907,0.183,0.0,1
8,QFT 4Q,4,500,7,350,100,0.232,0.911,0.169,0.0,1
8,QFT 4Q,4,500,8,400,100,0.238,0.911,0.175,0.0,1
8,QFT 4Q,4,500,9,450,100,0.228,0.922,0.17,0.0,1
8,QFT 4Q,4,500,10,500,100,0.224,0.916,0.168,0.0,1
14,VQE BeH2 14Q,14,4096,3,1227,409,0.98,0.001,0.973,1.0,0
14,VQE BeH2 14Q,14,4096,4,1636,409,0.979,0.002,0.974,1.0,0
14,VQE BeH2 14Q,14,4096,5,2045,409,0.979,0.002,0.974,1.0,0
14,VQE BeH2 14Q,14,4096,6,2454,409,0.978,0.003,0.974,1.0,0
14,VQE BeH2 14Q,14,4096,7,2863,409,0.979,0.003,0.973,1.0,0
14,VQE BeH2 14Q,14,4096,8,3272,409,0.978,0.003,0.973,1.0,0
14,VQE BeH2 14Q,14,4096,9,3681,409,0.978,0.004,0.973,1.0,0
14,VQE BeH2 14Q,14,4096,10,4096,409,0.978,0.004,0.973,1.0,0
15,Shor N=15 5Q,5,1000,3,300,100,0.153,0.968,0.08,0.0,1
15,Shor N=15 5Q,5,1000,4,400,100,0.15,0.97,0.078,0.0,1
15,Shor N=15 5Q,5,1000,5,500,100,0.136,0.975,0.078,0.0,1
15,Shor N=15 5Q,5,1000,6,600,100,0.13,0.979,0.073,0.0,1
15,Shor N=15 5Q,5,1000,7,700,100,0.12,0.979,0.073,0.0,1
15,Shor N=15 5Q,5,1000,8,800,100,0.136,0.975,0.068,0.0,1
15,Shor N=15 5Q,5,1000,9,900,100,0.124,0.979,0.063,0.0,1
15,Shor N=15 5Q,5,1000,10,1000,100,0.125,0.98,0.069,0.0,1
16,QAOA 2Q p=1,2,1000,3,300,100,0.153,0.968,0.08,0.0,1
16,QAOA 2Q p=1,2,1000,4,400,100,0.15,0.97,0.078,0.0,1
16,QAOA 2Q p=1,2,1000,5,500,100,0.136,0.975,0.078,0.0,1
16,QAOA 2Q p=1,2,1000,6,600,100,0.13,0.979,0.073,0.0,1
16,QAOA 2Q p=1,2,1000,7,700,100,0.12,0.979,0.073,0.0,1
16,QAOA 2Q p=1,2,1000,8,800,100,0.136,0.975,0.068,0.0,1
16,QAOA 2Q p=1,2,1000,9,900,100,0.124,0.979,0.063,0.0,1
16,QAOA 2Q p=1,2,1000,10,1000,100,0.125,0.98,0.069,0.0,1
17,Quantum teleportation 3Q,3,1024,3,306,102,0.137,0.975,0.075,0.0,1
17,Quantum teleportation 3Q,3,1024,4,408,102,0.125,0.979,0.071,0.0,1
17,Quantum teleportation 3Q,3,1024,5,510,102,0.124,0.979,0.073,0.0,1
17,Quantum teleportation 3Q,3,1024,6,612,102,0.119,0.98,0.063,0.0,1
17,Quantum teleportation 3Q,3,1024,7,714,102,0.137,0.976,0.071,0.0,1
17,Quantum teleportation 3Q,3,1024,8,816,102,0.131,0.978,0.069,0.0,1
17,Quantum teleportation 3Q,3,1024,9,918,102,0.138,0.975,0.071,0.0,1
17,Quantum teleportation 3Q,3,1024,10,1024,102,0.126,0.979,0.065,0.0,1
18,Deutsch-Jozsa 3Q,3,1024,3,306,102,0.111,0.987,0.038,0.0,1
18,Deutsch-Jozsa 3Q,3,1024,4,408,102,0.098,0.99,0.039,0.0,1
18,Deutsch-Jozsa 3Q,3,1024,5,510,102,0.104,0.989,0.037,0.0,1
18,Deutsch-Jozsa 3Q,3,1024,6,612,102,0.113,0.987,0.033,0.0,1
18,Deutsch-Jozsa 3Q,3,1024,7,714,102,0.097,0.991,0.032,0.0,1
18,Deutsch-Jozsa 3Q,3,1024,8,816,102,0.108,0.988,0.034,0.0,1
18,Deutsch-Jozsa 3Q,3,1024,9,918,102,0.095,0.991,0.034,0.0,1
18,Deutsch-Jozsa 3Q,3,1024,10,1024,102,0.098,0.99,0.035,0.0,1
19,Bernstein-Vazirani 5Q,5,1024,3,306,102,0.108,0.988,0.036,0.0,1
19,Bernstein-Vazirani 5Q,5,1024,4,408,102,0.12,0.985,0.042,0.0,1
19,Bernstein-Vazirani 5Q,5,1024,5,510,102,0.094,0.991,0.033,0.0,1
19,Bernstein-Vazirani 5Q,5,1024,6,612,102,0.095,0.991,0.038,0.0,1
19,Bernstein-Vazirani 5Q,5,1024,7,714,102,0.102,0.99,0.036,0.0,1
19,Bernstein-Vazirani 5Q,5,1024,8,816,102,0.123,0.985,0.039,0.0,1
19,Bernstein-Vazirani 5Q,5,1024,9,918,102,0.095,0.991,0.032,0.0,1
19,Bernstein-Vazirani 5Q,5,1024,10,1024,102,0.105,0.989,0.035,0.0,1
20,VQE 1Q eigensolver,1,10000,3,3000,1000,0.033,0.999,0.012,0.0,1
20,VQE 1Q eigensolver,1,10000,4,4000,1000,0.037,0.999,0.011,0.0,1
20,VQE 1Q eigensolver,1,10000,5,5000,1000,0.036,0.999,0.011,0.0,1
20,VQE 1Q eigensolver,1,10000,6,6000,1000,0.032,0.999,0.013,0.0,1
20,VQE 1Q eigensolver,1,10000,7,7000,1000,0.026,0.999,0.011,0.0,1
20,VQE 1Q eigensolver,1,10000,8,8000,1000,0.033,0.999,0.01,0.0,1
20,VQE 1Q eigensolver,1,10000,9,9000,1000,0.034,0.999,0.01,0.0,1
20,VQE 1Q eigensolver,1,10000,10,10000,1000,0.031,0.999,0.01,0.0,1
21,QAOA MaxCut 12Q,12,10000,3,3000,1000,0.677,0.209,0.659,1.0,0
21,QAOA MaxCut 12Q,12,10000,4,4000,1000,0.667,0.236,0.652,1.0,0
21,QAOA MaxCut 12Q,12,10000,5,5000,1000,0.663,0.25,0.651,1.0,0
21,QAOA MaxCut 12Q,12,10000,6,6000,1000,0.66,0.264,0.646,1.0,0
21,QAOA MaxCut 12Q,12,10000,7,7000,1000,0.66,0.271,0.645,1.0,0
21,QAOA MaxCut 12Q,12,10000,8,8000,1000,0.656,0.278,0.644,1.0,0
21,QAOA MaxCut 12Q,12,10000,9,9000,1000,0.656,0.284,0.644,1.0,0
21,QAOA MaxCut 12Q,12,10000,10,10000,1000,0.656,0.286,0.643,1.0,0
22,QML Image Class 14Q,14,400,3,120,100,1.0,0.0,0.992,1.0,0
22,QML Image Class 14Q,14,400,4,160,100,1.0,0.0,0.994,1.0,0
22,QML Image Class 14Q,14,400,5,200,100,1.0,0.0,0.995,1.0,0
22,QML Image Class 14Q,14,400,6,240,100,1.0,0.0,0.992,1.0,0
22,QML Image Class 14Q,14,400,7,280,100,1.0,0.0,0.993,1.0,0
22,QML Image Class 14Q,14,400,8,320,100,1.0,0.0,0.994,1.0,0
22,QML Image Class 14Q,14,400,9,360,100,1.0,0.0,0.994,1.0,0
22,QML Image Class 14Q,14,400,10,400,100,1.0,0.0,0.995,1.0,0
23,VQE SrH PDM 12Q,12,4000,3,1200,400,0.0,1.0,0.0,0.0,1
23,VQE SrH PDM 12Q,12,4000,4,1600,400,0.0,1.0,0.0,0.0,1
23,VQE SrH PDM 12Q,12,4000,5,2000,400,0.0,1.0,0.0,0.0,1
23,VQE SrH PDM 12Q,12,4000,6,2400,400,0.0,1.0,0.0,0.0,1
23,VQE SrH PDM 12Q,12,4000,7,2800,400,0.0,1.0,0.0,0.0,1
23,VQE SrH PDM 12Q,12,4000,8,3200,400,0.0,1.0,0.0,0.0,1
23,VQE SrH PDM 12Q,12,4000,9,3600,400,0.0,1.0,0.0,0.0,1
23,VQE SrH PDM 12Q,12,4000,10,4000,400,0.0,1.0,0.0,0.0,1
24,Grover 6Q,6,1024,3,306,102,0.412,0.638,0.353,0.0,0
24,Grover 6Q,6,1024,4,408,102,0.392,0.649,0.346,0.0,0
24,Grover 6Q,6,1024,5,510,102,0.39,0.66,0.341,0.0,0
24,Grover 6Q,6,1024,6,612,102,0.386,0.66,0.337,0.0,0
24,Grover 6Q,6,1024,7,714,102,0.388,0.659,0.335,0.0,0
24,Grover 6Q,6,1024,8,816,102,0.381,0.661,0.328,0.0,0
24,Grover 6Q,6,1024,9,918,102,0.382,0.669,0.331,0.0,0
24,Grover 6Q,6,1024,10,1024,102,0.379,0.666,0.325,0.0,0
25,QSVM Radar 4Q,4,1024,3,306,102,0.213,0.89,0.15,0.0,1
25,QSVM Radar 4Q,4,1024,4,408,102,0.206,0.906,0.146,0.0,1
25,QSVM Radar 4Q,4,1024,5,510,102,0.206,0.902,0.143,0.0,1
25,QSVM Radar 4Q,4,1024,6,612,102,0.203,0.913,0.141,0.0,1
25,QSVM Radar 4Q,4,1024,7,714,102,0.198,0.897,0.144,0.0,1
25,QSVM Radar 4Q,4,1024,8,816,102,0.186,0.915,0.138,0.0,1
25,QSVM Radar 4Q,4,1024,9,918,102,0.193,0.91,0.139,0.0,1
25,QSVM Radar 4Q,4,1024,10,1024,102,0.187,0.915,0.138,0.0,1
