idx,name,n_qubits,backend,backend_qubits,seed,shots,ref_shots,final_tvd,final_hf,grade,stop_cp_paper,stop_shots_paper,stop_correct_paper,stop_cp_tvd_only,stop_correct_tvd_only,transpiled_depth,transpiled_2q,sim_s,qiskit,qiskit_aer,qiskit_ibm_runtime
1,Bell state (GHZ-2),2,FakeTorino,133,0,24576,2457,0.1893,0.8107,PASS,,,CORRECT,,CORRECT,8,2,1.3,2.3.1,0.17.2,0.46.1
1,Bell state (GHZ-2),2,FakeTorino,133,1,24576,2457,0.1873,0.8127,PASS,,,CORRECT,,CORRECT,8,2,1.5,2.3.1,0.17.2,0.46.1
1,Bell state (GHZ-2),2,FakeTorino,133,2,24576,2457,0.186,0.8139,PASS,,,CORRECT,,CORRECT,8,2,1.3,2.3.1,0.17.2,0.46.1
1,Bell state (GHZ-2),2,FakeTorino,133,3,24576,2457,0.1856,0.8143,PASS,,,CORRECT,,CORRECT,8,2,1.4,2.3.1,0.17.2,0.46.1
1,Bell state (GHZ-2),2,FakeTorino,133,4,24576,2457,0.1843,0.8157,PASS,,,CORRECT,,CORRECT,8,2,1.6,2.3.1,0.17.2,0.46.1
1,Bell state (GHZ-2),2,FakeTorino,133,5,24576,2457,0.1827,0.8173,PASS,,,CORRECT,,CORRECT,8,2,1.2,2.3.1,0.17.2,0.46.1
1,Bell state (GHZ-2),2,FakeTorino,133,6,24576,2457,0.1893,0.8107,PASS,,,CORRECT,,CORRECT,8,2,1.3,2.3.1,0.17.2,0.46.1
1,Bell state (GHZ-2),2,FakeTorino,133,7,24576,2457,0.1859,0.8141,PASS,,,CORRECT,,CORRECT,8,2,1.6,2.3.1,0.17.2,0.46.1
1,Bell state (GHZ-2),2,FakeTorino,133,8,24576,2457,0.1832,0.8167,PASS,,,CORRECT,,CORRECT,8,2,1.4,2.3.1,0.17.2,0.46.1
1,Bell state (GHZ-2),2,FakeTorino,133,9,24576,2457,0.1844,0.8155,PASS,,,CORRECT,,CORRECT,8,2,1.3,2.3.1,0.17.2,0.46.1
1,Bell state (GHZ-2),2,FakeTorino,133,10,24576,2457,0.1803,0.8197,PASS,,,CORRECT,,CORRECT,8,2,1.2,2.3.1,0.17.2,0.46.1
1,Bell state (GHZ-2),2,FakeTorino,133,11,24576,2457,0.1842,0.8158,PASS,,,CORRECT,,CORRECT,8,2,1.4,2.3.1,0.17.2,0.46.1
1,Bell state (GHZ-2),2,FakeTorino,133,12,24576,2457,0.1879,0.8121,PASS,,,CORRECT,,CORRECT,8,2,1.3,2.3.1,0.17.2,0.46.1
1,Bell state (GHZ-2),2,FakeTorino,133,13,24576,2457,0.1886,0.8114,PASS,,,CORRECT,,CORRECT,8,2,1.5,2.3.1,0.17.2,0.46.1
1,Bell state (GHZ-2),2,FakeTorino,133,14,24576,2457,0.1822,0.8177,PASS,,,CORRECT,,CORRECT,8,2,1.6,2.3.1,0.17.2,0.46.1
1,Bell state (GHZ-2),2,FakeTorino,133,15,24576,2457,0.1833,0.8167,PASS,,,CORRECT,,CORRECT,8,2,1.4,2.3.1,0.17.2,0.46.1
1,Bell state (GHZ-2),2,FakeTorino,133,16,24576,2457,0.186,0.814,PASS,,,CORRECT,,CORRECT,8,2,2.3,2.3.1,0.17.2,0.46.1
1,Bell state (GHZ-2),2,FakeTorino,133,17,24576,2457,0.1859,0.8141,PASS,,,CORRECT,,CORRECT,8,2,2.0,2.3.1,0.17.2,0.46.1
1,Bell state (GHZ-2),2,FakeTorino,133,18,24576,2457,0.1849,0.815,PASS,,,CORRECT,,CORRECT,8,2,1.7,2.3.1,0.17.2,0.46.1
1,Bell state (GHZ-2),2,FakeTorino,133,19,24576,2457,0.1823,0.8177,PASS,,,CORRECT,,CORRECT,8,2,2.3,2.3.1,0.17.2,0.46.1
2,GHZ-3,3,FakeTorino,133,0,8192,819,0.2308,0.7691,PASS,,,CORRECT,,CORRECT,12,2,1.6,2.3.1,0.17.2,0.46.1
2,GHZ-3,3,FakeTorino,133,1,8192,819,0.2312,0.7687,PASS,,,CORRECT,,CORRECT,12,2,1.9,2.3.1,0.17.2,0.46.1
2,GHZ-3,3,FakeTorino,133,2,8192,819,0.2278,0.7721,PASS,,,CORRECT,,CORRECT,12,2,1.9,2.3.1,0.17.2,0.46.1
2,GHZ-3,3,FakeTorino,133,3,8192,819,0.2367,0.763,PASS,,,CORRECT,,CORRECT,12,2,2.8,2.3.1,0.17.2,0.46.1
2,GHZ-3,3,FakeTorino,133,4,8192,819,0.2267,0.7732,PASS,,,CORRECT,,CORRECT,12,2,2.1,2.3.1,0.17.2,0.46.1
2,GHZ-3,3,FakeTorino,133,5,8192,819,0.2354,0.7644,PASS,,,CORRECT,,CORRECT,12,2,1.6,2.3.1,0.17.2,0.46.1
2,GHZ-3,3,FakeTorino,133,6,8192,819,0.2346,0.7654,PASS,,,CORRECT,,CORRECT,12,2,1.3,2.3.1,0.17.2,0.46.1
2,GHZ-3,3,FakeTorino,133,7,8192,819,0.2283,0.7717,PASS,,,CORRECT,,CORRECT,12,2,2.2,2.3.1,0.17.2,0.46.1
2,GHZ-3,3,FakeTorino,133,8,8192,819,0.2296,0.7703,PASS,,,CORRECT,,CORRECT,12,2,1.9,2.3.1,0.17.2,0.46.1
2,GHZ-3,3,FakeTorino,133,9,8192,819,0.2356,0.7642,PASS,,,CORRECT,,CORRECT,12,2,2.6,2.3.1,0.17.2,0.46.1
2,GHZ-3,3,FakeTorino,133,10,8192,819,0.2333,0.7666,PASS,,,CORRECT,,CORRECT,12,2,2.8,2.3.1,0.17.2,0.46.1
2,GHZ-3,3,FakeTorino,133,11,8192,819,0.2297,0.7702,PASS,,,CORRECT,,CORRECT,12,2,1.8,2.3.1,0.17.2,0.46.1
2,GHZ-3,3,FakeTorino,133,12,8192,819,0.2349,0.765,PASS,,,CORRECT,,CORRECT,12,2,2.6,2.3.1,0.17.2,0.46.1
2,GHZ-3,3,FakeTorino,133,13,8192,819,0.2399,0.7601,PASS,,,CORRECT,,CORRECT,12,2,1.4,2.3.1,0.17.2,0.46.1
2,GHZ-3,3,FakeTorino,133,14,8192,819,0.2346,0.7651,PASS,,,CORRECT,,CORRECT,12,2,1.4,2.3.1,0.17.2,0.46.1
2,GHZ-3,3,FakeTorino,133,15,8192,819,0.2285,0.7714,PASS,,,CORRECT,,CORRECT,12,2,2.0,2.3.1,0.17.2,0.46.1
2,GHZ-3,3,FakeTorino,133,16,8192,819,0.2307,0.7692,PASS,,,CORRECT,,CORRECT,12,2,2.2,2.3.1,0.17.2,0.46.1
2,GHZ-3,3,FakeTorino,133,17,8192,819,0.2286,0.7714,PASS,,,CORRECT,,CORRECT,12,2,1.8,2.3.1,0.17.2,0.46.1
2,GHZ-3,3,FakeTorino,133,18,8192,819,0.2273,0.7726,PASS,,,CORRECT,,CORRECT,12,2,1.5,2.3.1,0.17.2,0.46.1
2,GHZ-3,3,FakeTorino,133,19,8192,819,0.2313,0.7686,PASS,,,CORRECT,,CORRECT,12,2,1.4,2.3.1,0.17.2,0.46.1
3,VQE HeH+ 2Q,2,FakeTorino,133,0,4000,400,0.1965,0.8035,PASS,,,CORRECT,,CORRECT,8,2,2.4,2.3.1,0.17.2,0.46.1
3,VQE HeH+ 2Q,2,FakeTorino,133,1,4000,400,0.1903,0.8097,PASS,,,CORRECT,,CORRECT,8,2,2.0,2.3.1,0.17.2,0.46.1
3,VQE HeH+ 2Q,2,FakeTorino,133,2,4000,400,0.1945,0.8055,PASS,,,CORRECT,,CORRECT,8,2,1.6,2.3.1,0.17.2,0.46.1
3,VQE HeH+ 2Q,2,FakeTorino,133,3,4000,400,0.196,0.804,PASS,,,CORRECT,,CORRECT,8,2,1.6,2.3.1,0.17.2,0.46.1
3,VQE HeH+ 2Q,2,FakeTorino,133,4,4000,400,0.1998,0.8003,PASS,,,CORRECT,,CORRECT,8,2,2.8,2.3.1,0.17.2,0.46.1
3,VQE HeH+ 2Q,2,FakeTorino,133,5,4000,400,0.188,0.812,PASS,,,CORRECT,,CORRECT,8,2,2.3,2.3.1,0.17.2,0.46.1
3,VQE HeH+ 2Q,2,FakeTorino,133,6,4000,400,0.1855,0.8145,PASS,,,CORRECT,,CORRECT,8,2,2.5,2.3.1,0.17.2,0.46.1
3,VQE HeH+ 2Q,2,FakeTorino,133,7,4000,400,0.1847,0.8153,PASS,,,CORRECT,,CORRECT,8,2,1.4,2.3.1,0.17.2,0.46.1
3,VQE HeH+ 2Q,2,FakeTorino,133,8,4000,400,0.1915,0.8085,PASS,,,CORRECT,,CORRECT,8,2,3.1,2.3.1,0.17.2,0.46.1
3,VQE HeH+ 2Q,2,FakeTorino,133,9,4000,400,0.1883,0.8117,PASS,,,CORRECT,,CORRECT,8,2,1.6,2.3.1,0.17.2,0.46.1
3,VQE HeH+ 2Q,2,FakeTorino,133,10,4000,400,0.1935,0.8065,PASS,,,CORRECT,,CORRECT,8,2,3.2,2.3.1,0.17.2,0.46.1
3,VQE HeH+ 2Q,2,FakeTorino,133,11,4000,400,0.1943,0.8057,PASS,,,CORRECT,,CORRECT,8,2,1.6,2.3.1,0.17.2,0.46.1
3,VQE HeH+ 2Q,2,FakeTorino,133,12,4000,400,0.1918,0.8082,PASS,,,CORRECT,,CORRECT,8,2,1.4,2.3.1,0.17.2,0.46.1
3,VQE HeH+ 2Q,2,FakeTorino,133,13,4000,400,0.1863,0.8137,PASS,,,CORRECT,,CORRECT,8,2,3.2,2.3.1,0.17.2,0.46.1
3,VQE HeH+ 2Q,2,FakeTorino,133,14,4000,400,0.1853,0.8147,PASS,,,CORRECT,,CORRECT,8,2,1.7,2.3.1,0.17.2,0.46.1
3,VQE HeH+ 2Q,2,FakeTorino,133,15,4000,400,0.181,0.819,PASS,,,CORRECT,,CORRECT,8,2,1.4,2.3.1,0.17.2,0.46.1
3,VQE HeH+ 2Q,2,FakeTorino,133,16,4000,400,0.1938,0.8062,PASS,,,CORRECT,,CORRECT,8,2,3.1,2.3.1,0.17.2,0.46.1
3,VQE HeH+ 2Q,2,FakeTorino,133,17,4000,400,0.184,0.816,PASS,,,CORRECT,,CORRECT,8,2,2.5,2.3.1,0.17.2,0.46.1
3,VQE HeH+ 2Q,2,FakeTorino,133,18,4000,400,0.1865,0.8135,PASS,,,CORRECT,,CORRECT,8,2,1.6,2.3.1,0.17.2,0.46.1
3,VQE HeH+ 2Q,2,FakeTorino,133,19,4000,400,0.188,0.812,PASS,,,CORRECT,,CORRECT,8,2,1.5,2.3.1,0.17.2,0.46.1
4,GHZ-4,4,FakeTorino,133,0,8192,819,0.2444,0.7556,PASS,,,CORRECT,,CORRECT,16,3,3.5,2.3.1,0.17.2,0.46.1
4,GHZ-4,4,FakeTorino,133,1,8192,819,0.2544,0.7456,PASS,,,CORRECT,,CORRECT,16,3,1.9,2.3.1,0.17.2,0.46.1
4,GHZ-4,4,FakeTorino,133,2,8192,819,0.2522,0.7477,PASS,,,CORRECT,,CORRECT,16,3,2.3,2.3.1,0.17.2,0.46.1
4,GHZ-4,4,FakeTorino,133,3,8192,819,0.2393,0.7607,PASS,,,CORRECT,,CORRECT,16,3,1.8,2.3.1,0.17.2,0.46.1
4,GHZ-4,4,FakeTorino,133,4,8192,819,0.246,0.7539,PASS,,,CORRECT,,CORRECT,16,3,1.5,2.3.1,0.17.2,0.46.1
4,GHZ-4,4,FakeTorino,133,5,8192,819,0.2428,0.7572,PASS,,,CORRECT,,CORRECT,16,3,1.3,2.3.1,0.17.2,0.46.1
4,GHZ-4,4,FakeTorino,133,6,8192,819,0.2505,0.7495,PASS,,,CORRECT,,CORRECT,16,3,1.7,2.3.1,0.17.2,0.46.1
4,GHZ-4,4,FakeTorino,133,7,8192,819,0.2426,0.7574,PASS,,,CORRECT,,CORRECT,16,3,1.1,2.3.1,0.17.2,0.46.1
4,GHZ-4,4,FakeTorino,133,8,8192,819,0.238,0.7619,PASS,,,CORRECT,,CORRECT,16,3,2.0,2.3.1,0.17.2,0.46.1
4,GHZ-4,4,FakeTorino,133,9,8192,819,0.2444,0.7556,PASS,,,CORRECT,,CORRECT,16,3,1.4,2.3.1,0.17.2,0.46.1
4,GHZ-4,4,FakeTorino,133,10,8192,819,0.2483,0.7517,PASS,,,CORRECT,,CORRECT,16,3,1.6,2.3.1,0.17.2,0.46.1
4,GHZ-4,4,FakeTorino,133,11,8192,819,0.2454,0.7546,PASS,,,CORRECT,,CORRECT,16,3,1.3,2.3.1,0.17.2,0.46.1
4,GHZ-4,4,FakeTorino,133,12,8192,819,0.246,0.7539,PASS,,,CORRECT,,CORRECT,16,3,1.4,2.3.1,0.17.2,0.46.1
4,GHZ-4,4,FakeTorino,133,13,8192,819,0.2535,0.7464,PASS,,,CORRECT,,CORRECT,16,3,1.4,2.3.1,0.17.2,0.46.1
4,GHZ-4,4,FakeTorino,133,14,8192,819,0.2424,0.7573,PASS,,,CORRECT,,CORRECT,16,3,1.5,2.3.1,0.17.2,0.46.1
4,GHZ-4,4,FakeTorino,133,15,8192,819,0.2373,0.7625,PASS,,,CORRECT,,CORRECT,16,3,1.6,2.3.1,0.17.2,0.46.1
4,GHZ-4,4,FakeTorino,133,16,8192,819,0.2505,0.7495,PASS,,,CORRECT,,CORRECT,16,3,1.2,2.3.1,0.17.2,0.46.1
4,GHZ-4,4,FakeTorino,133,17,8192,819,0.2479,0.752,PASS,,,CORRECT,,CORRECT,16,3,1.1,2.3.1,0.17.2,0.46.1
4,GHZ-4,4,FakeTorino,133,18,8192,819,0.2515,0.7482,PASS,,,CORRECT,,CORRECT,16,3,1.4,2.3.1,0.17.2,0.46.1
4,GHZ-4,4,FakeTorino,133,19,8192,819,0.2477,0.7522,PASS,,,CORRECT,,CORRECT,16,3,1.7,2.3.1,0.17.2,0.46.1
5,GHZ-5,5,FakeTorino,133,0,1024,102,0.3125,0.6875,MARGINAL,,,CORRECT,,CORRECT,20,4,1.5,2.3.1,0.17.2,0.46.1
5,GHZ-5,5,FakeTorino,133,1,1024,102,0.2705,0.7292,PASS,,,CORRECT,,CORRECT,20,4,1.5,2.3.1,0.17.2,0.46.1
5,GHZ-5,5,FakeTorino,133,2,1024,102,0.2979,0.7014,PASS,,,CORRECT,,CORRECT,20,4,1.4,2.3.1,0.17.2,0.46.1
5,GHZ-5,5,FakeTorino,133,3,1024,102,0.2998,0.7001,PASS,,,CORRECT,,CORRECT,20,4,1.7,2.3.1,0.17.2,0.46.1
5,GHZ-5,5,FakeTorino,133,4,1024,102,0.2988,0.7009,PASS,,,CORRECT,,CORRECT,20,4,1.4,2.3.1,0.17.2,0.46.1
5,GHZ-5,5,FakeTorino,133,5,1024,102,0.2949,0.705,PASS,,,CORRECT,,CORRECT,20,4,1.9,2.3.1,0.17.2,0.46.1
5,GHZ-5,5,FakeTorino,133,6,1024,102,0.293,0.7067,PASS,,,CORRECT,,CORRECT,20,4,2.0,2.3.1,0.17.2,0.46.1
5,GHZ-5,5,FakeTorino,133,7,1024,102,0.2979,0.7011,PASS,,,CORRECT,,CORRECT,20,4,1.3,2.3.1,0.17.2,0.46.1
5,GHZ-5,5,FakeTorino,133,8,1024,102,0.2988,0.7001,PASS,,,CORRECT,,CORRECT,20,4,1.5,2.3.1,0.17.2,0.46.1
5,GHZ-5,5,FakeTorino,133,9,1024,102,0.2988,0.7012,PASS,,,CORRECT,,CORRECT,20,4,1.4,2.3.1,0.17.2,0.46.1
5,GHZ-5,5,FakeTorino,133,10,1024,102,0.3018,0.6978,MARGINAL,,,CORRECT,,CORRECT,20,4,1.4,2.3.1,0.17.2,0.46.1
5,GHZ-5,5,FakeTorino,133,11,1024,102,0.3037,0.696,MARGINAL,,,CORRECT,,CORRECT,20,4,1.5,2.3.1,0.17.2,0.46.1
5,GHZ-5,5,FakeTorino,133,12,1024,102,0.2891,0.7109,PASS,,,CORRECT,,CORRECT,20,4,1.9,2.3.1,0.17.2,0.46.1
5,GHZ-5,5,FakeTorino,133,13,1024,102,0.2939,0.7033,PASS,,,CORRECT,,CORRECT,20,4,2.2,2.3.1,0.17.2,0.46.1
5,GHZ-5,5,FakeTorino,133,14,1024,102,0.3027,0.697,MARGINAL,,,CORRECT,,CORRECT,20,4,2.1,2.3.1,0.17.2,0.46.1
5,GHZ-5,5,FakeTorino,133,15,1024,102,0.3125,0.6875,MARGINAL,,,CORRECT,,CORRECT,20,4,1.5,2.3.1,0.17.2,0.46.1
5,GHZ-5,5,FakeTorino,133,16,1024,102,0.2949,0.7051,PASS,,,CORRECT,,CORRECT,20,4,2.1,2.3.1,0.17.2,0.46.1
5,GHZ-5,5,FakeTorino,133,17,1024,102,0.293,0.7069,PASS,,,CORRECT,,CORRECT,20,4,1.6,2.3.1,0.17.2,0.46.1
5,GHZ-5,5,FakeTorino,133,18,1024,102,0.3311,0.6689,MARGINAL,,,CORRECT,,CORRECT,20,4,1.5,2.3.1,0.17.2,0.46.1
5,GHZ-5,5,FakeTorino,133,19,1024,102,0.2979,0.7005,PASS,,,CORRECT,,CORRECT,20,4,1.8,2.3.1,0.17.2,0.46.1
6,GHZ-6,6,FakeTorino,133,0,128,100,0.25,0.7454,PASS,,,CORRECT,,CORRECT,24,5,2.7,2.3.1,0.17.2,0.46.1
6,GHZ-6,6,FakeTorino,133,1,128,100,0.3203,0.6791,MARGINAL,,,CORRECT,,CORRECT,24,5,1.4,2.3.1,0.17.2,0.46.1
6,GHZ-6,6,FakeTorino,133,2,128,100,0.3281,0.6693,MARGINAL,,,CORRECT,,CORRECT,24,5,1.6,2.3.1,0.17.2,0.46.1
6,GHZ-6,6,FakeTorino,133,3,128,100,0.2891,0.7085,PASS,,,CORRECT,,CORRECT,24,5,3.4,2.3.1,0.17.2,0.46.1
6,GHZ-6,6,FakeTorino,133,4,128,100,0.3594,0.6379,MARGINAL,,,CORRECT,,CORRECT,24,5,2.3,2.3.1,0.17.2,0.46.1
6,GHZ-6,6,FakeTorino,133,5,128,100,0.3438,0.6562,MARGINAL,,,CORRECT,,CORRECT,24,5,1.5,2.3.1,0.17.2,0.46.1
6,GHZ-6,6,FakeTorino,133,6,128,100,0.25,0.75,PASS,,,CORRECT,,CORRECT,24,5,2.1,2.3.1,0.17.2,0.46.1
6,GHZ-6,6,FakeTorino,133,7,128,100,0.2969,0.7028,PASS,,,CORRECT,,CORRECT,24,5,2.7,2.3.1,0.17.2,0.46.1
6,GHZ-6,6,FakeTorino,133,8,128,100,0.2891,0.7063,PASS,,,CORRECT,,CORRECT,24,5,2.0,2.3.1,0.17.2,0.46.1
6,GHZ-6,6,FakeTorino,133,9,128,100,0.3594,0.6324,MARGINAL,,,CORRECT,,CORRECT,24,5,1.7,2.3.1,0.17.2,0.46.1
6,GHZ-6,6,FakeTorino,133,10,128,100,0.3203,0.6797,MARGINAL,,,CORRECT,,CORRECT,24,5,2.2,2.3.1,0.17.2,0.46.1
6,GHZ-6,6,FakeTorino,133,11,128,100,0.2891,0.7109,PASS,,,CORRECT,,CORRECT,24,5,1.4,2.3.1,0.17.2,0.46.1
6,GHZ-6,6,FakeTorino,133,12,128,100,0.2734,0.7153,PASS,,,CORRECT,,CORRECT,24,5,1.5,2.3.1,0.17.2,0.46.1
6,GHZ-6,6,FakeTorino,133,13,128,100,0.3594,0.6369,MARGINAL,,,CORRECT,,CORRECT,24,5,1.9,2.3.1,0.17.2,0.46.1
6,GHZ-6,6,FakeTorino,133,14,128,100,0.3516,0.6388,MARGINAL,,,CORRECT,,CORRECT,24,5,1.6,2.3.1,0.17.2,0.46.1
6,GHZ-6,6,FakeTorino,133,15,128,100,0.3906,0.6089,MARGINAL,,,CORRECT,,CORRECT,24,5,1.3,2.3.1,0.17.2,0.46.1
6,GHZ-6,6,FakeTorino,133,16,128,100,0.2656,0.7529,PASS,,,CORRECT,,CORRECT,24,5,1.7,2.3.1,0.17.2,0.46.1
6,GHZ-6,6,FakeTorino,133,17,128,100,0.2969,0.7031,PASS,,,CORRECT,,CORRECT,24,5,2.5,2.3.1,0.17.2,0.46.1
6,GHZ-6,6,FakeTorino,133,18,128,100,0.25,0.7383,PASS,,,CORRECT,,CORRECT,24,5,1.2,2.3.1,0.17.2,0.46.1
6,GHZ-6,6,FakeTorino,133,19,128,100,0.3438,0.6545,MARGINAL,,,CORRECT,,CORRECT,24,5,2.2,2.3.1,0.17.2,0.46.1
7,GHZ-8,8,FakeTorino,133,0,32,100,0.4062,0.593,MARGINAL,,,CORRECT,,CORRECT,32,7,2.1,2.3.1,0.17.2,0.46.1
7,GHZ-8,8,FakeTorino,133,1,32,100,0.4062,0.591,MARGINAL,,,CORRECT,,CORRECT,32,7,1.3,2.3.1,0.17.2,0.46.1
7,GHZ-8,8,FakeTorino,133,2,32,100,0.4062,0.5865,MARGINAL,,,CORRECT,,CORRECT,32,7,1.5,2.3.1,0.17.2,0.46.1
7,GHZ-8,8,FakeTorino,133,3,32,100,0.4062,0.5865,MARGINAL,,,CORRECT,,CORRECT,32,7,2.5,2.3.1,0.17.2,0.46.1
7,GHZ-8,8,FakeTorino,133,4,32,100,0.4062,0.59,MARGINAL,,,CORRECT,,CORRECT,32,7,1.5,2.3.1,0.17.2,0.46.1
7,GHZ-8,8,FakeTorino,133,5,32,100,0.4062,0.5852,MARGINAL,,,CORRECT,,CORRECT,32,7,1.6,2.3.1,0.17.2,0.46.1
7,GHZ-8,8,FakeTorino,133,6,32,100,0.4062,0.5865,MARGINAL,,,CORRECT,,CORRECT,32,7,1.6,2.3.1,0.17.2,0.46.1
7,GHZ-8,8,FakeTorino,133,7,32,100,0.4062,0.59,MARGINAL,,,CORRECT,,CORRECT,32,7,2.2,2.3.1,0.17.2,0.46.1
7,GHZ-8,8,FakeTorino,133,8,32,100,0.4375,0.551,MARGINAL,,,CORRECT,,CORRECT,32,7,1.2,2.3.1,0.17.2,0.46.1
7,GHZ-8,8,FakeTorino,133,9,32,100,0.4688,0.5295,MARGINAL,,,CORRECT,,CORRECT,32,7,2.3,2.3.1,0.17.2,0.46.1
7,GHZ-8,8,FakeTorino,133,10,32,100,0.4688,0.5224,MARGINAL,,,CORRECT,,CORRECT,32,7,1.9,2.3.1,0.17.2,0.46.1
7,GHZ-8,8,FakeTorino,133,11,32,100,0.4375,0.5484,MARGINAL,,,CORRECT,,CORRECT,32,7,1.5,2.3.1,0.17.2,0.46.1
7,GHZ-8,8,FakeTorino,133,12,32,100,0.4062,0.593,MARGINAL,,,CORRECT,,CORRECT,32,7,2.1,2.3.1,0.17.2,0.46.1
7,GHZ-8,8,FakeTorino,133,13,32,100,0.4375,0.562,MARGINAL,,,CORRECT,,CORRECT,32,7,2.7,2.3.1,0.17.2,0.46.1
7,GHZ-8,8,FakeTorino,133,14,32,100,0.4375,0.5622,MARGINAL,,,CORRECT,,CORRECT,32,7,1.4,2.3.1,0.17.2,0.46.1
7,GHZ-8,8,FakeTorino,133,15,32,100,0.4375,0.5603,MARGINAL,,,CORRECT,,CORRECT,32,7,1.4,2.3.1,0.17.2,0.46.1
7,GHZ-8,8,FakeTorino,133,16,32,100,0.4688,0.5185,MARGINAL,,,CORRECT,,CORRECT,32,7,2.1,2.3.1,0.17.2,0.46.1
7,GHZ-8,8,FakeTorino,133,17,32,100,0.5,0.4956,MARGINAL,4,12,CORRECT,3,CORRECT,32,7,1.0,2.3.1,0.17.2,0.46.1
7,GHZ-8,8,FakeTorino,133,18,32,100,0.5,0.498,MARGINAL,5,15,CORRECT,5,CORRECT,32,7,1.4,2.3.1,0.17.2,0.46.1
7,GHZ-8,8,FakeTorino,133,19,32,100,0.4688,0.5185,MARGINAL,,,CORRECT,,CORRECT,32,7,1.7,2.3.1,0.17.2,0.46.1
8,QFT 4Q,4,FakeTorino,133,0,500,100,0.084,0.9887,PASS,,,CORRECT,,CORRECT,71,21,1.3,2.3.1,0.17.2,0.46.1
8,QFT 4Q,4,FakeTorino,133,1,500,100,0.126,0.9745,PASS,,,CORRECT,,CORRECT,77,18,1.4,2.3.1,0.17.2,0.46.1
8,QFT 4Q,4,FakeTorino,133,2,500,100,0.082,0.9892,PASS,,,CORRECT,,CORRECT,68,18,1.8,2.3.1,0.17.2,0.46.1
8,QFT 4Q,4,FakeTorino,133,3,500,100,0.084,0.9897,PASS,,,CORRECT,,CORRECT,84,18,1.2,2.3.1,0.17.2,0.46.1
8,QFT 4Q,4,FakeTorino,133,4,500,100,0.12,0.9792,PASS,,,CORRECT,,CORRECT,68,18,1.2,2.3.1,0.17.2,0.46.1
8,QFT 4Q,4,FakeTorino,133,5,500,100,0.112,0.9788,PASS,,,CORRECT,,CORRECT,77,18,1.5,2.3.1,0.17.2,0.46.1
8,QFT 4Q,4,FakeTorino,133,6,500,100,0.086,0.9865,PASS,,,CORRECT,,CORRECT,77,21,1.3,2.3.1,0.17.2,0.46.1
8,QFT 4Q,4,FakeTorino,133,7,500,100,0.08,0.9893,PASS,,,CORRECT,,CORRECT,74,21,1.2,2.3.1,0.17.2,0.46.1
8,QFT 4Q,4,FakeTorino,133,8,500,100,0.118,0.9801,PASS,,,CORRECT,,CORRECT,71,21,1.7,2.3.1,0.17.2,0.46.1
8,QFT 4Q,4,FakeTorino,133,9,500,100,0.104,0.9814,PASS,,,CORRECT,,CORRECT,74,21,1.4,2.3.1,0.17.2,0.46.1
8,QFT 4Q,4,FakeTorino,133,10,500,100,0.1,0.9832,PASS,,,CORRECT,,CORRECT,84,18,0.9,2.3.1,0.17.2,0.46.1
8,QFT 4Q,4,FakeTorino,133,11,500,100,0.094,0.9867,PASS,,,CORRECT,,CORRECT,84,18,1.1,2.3.1,0.17.2,0.46.1
8,QFT 4Q,4,FakeTorino,133,12,500,100,0.116,0.9815,PASS,,,CORRECT,,CORRECT,71,21,0.9,2.3.1,0.17.2,0.46.1
8,QFT 4Q,4,FakeTorino,133,13,500,100,0.116,0.982,PASS,,,CORRECT,,CORRECT,77,18,0.9,2.3.1,0.17.2,0.46.1
8,QFT 4Q,4,FakeTorino,133,14,500,100,0.082,0.99,PASS,,,CORRECT,,CORRECT,86,18,0.9,2.3.1,0.17.2,0.46.1
8,QFT 4Q,4,FakeTorino,133,15,500,100,0.12,0.9803,PASS,,,CORRECT,,CORRECT,86,18,0.9,2.3.1,0.17.2,0.46.1
8,QFT 4Q,4,FakeTorino,133,16,500,100,0.094,0.9857,PASS,,,CORRECT,,CORRECT,84,18,0.9,2.3.1,0.17.2,0.46.1
8,QFT 4Q,4,FakeTorino,133,17,500,100,0.078,0.9889,PASS,,,CORRECT,,CORRECT,71,21,0.9,2.3.1,0.17.2,0.46.1
8,QFT 4Q,4,FakeTorino,133,18,500,100,0.092,0.9876,PASS,,,CORRECT,,CORRECT,74,21,0.9,2.3.1,0.17.2,0.46.1
8,QFT 4Q,4,FakeTorino,133,19,500,100,0.068,0.9931,PASS,,,CORRECT,,CORRECT,86,18,1.2,2.3.1,0.17.2,0.46.1
14,VQE BeH2 14Q,14,FakeTorino,133,0,4096,409,0.8044,0.0456,FAIL,3,1227,CORRECT,3,CORRECT,62,26,4.1,2.3.1,0.17.2,0.46.1
14,VQE BeH2 14Q,14,FakeTorino,133,1,4096,409,0.7878,0.0545,FAIL,3,1227,CORRECT,3,CORRECT,62,26,4.0,2.3.1,0.17.2,0.46.1
14,VQE BeH2 14Q,14,FakeTorino,133,2,4096,409,0.8057,0.0459,FAIL,3,1227,CORRECT,3,CORRECT,62,26,4.0,2.3.1,0.17.2,0.46.1
14,VQE BeH2 14Q,14,FakeTorino,133,3,4096,409,0.8049,0.0461,FAIL,3,1227,CORRECT,3,CORRECT,62,26,3.9,2.3.1,0.17.2,0.46.1
14,VQE BeH2 14Q,14,FakeTorino,133,4,4096,409,0.8066,0.0438,FAIL,3,1227,CORRECT,3,CORRECT,62,26,4.1,2.3.1,0.17.2,0.46.1
14,VQE BeH2 14Q,14,FakeTorino,133,5,4096,409,0.7969,0.0499,FAIL,3,1227,CORRECT,3,CORRECT,62,26,4.0,2.3.1,0.17.2,0.46.1
14,VQE BeH2 14Q,14,FakeTorino,133,6,4096,409,0.801,0.0478,FAIL,3,1227,CORRECT,3,CORRECT,62,26,3.9,2.3.1,0.17.2,0.46.1
14,VQE BeH2 14Q,14,FakeTorino,133,7,4096,409,0.8062,0.0457,FAIL,3,1227,CORRECT,3,CORRECT,62,26,3.9,2.3.1,0.17.2,0.46.1
14,VQE BeH2 14Q,14,FakeTorino,133,8,4096,409,0.7974,0.0498,FAIL,3,1227,CORRECT,3,CORRECT,62,26,4.5,2.3.1,0.17.2,0.46.1
14,VQE BeH2 14Q,14,FakeTorino,133,9,4096,409,0.8105,0.0426,FAIL,3,1227,CORRECT,3,CORRECT,62,26,4.0,2.3.1,0.17.2,0.46.1
14,VQE BeH2 14Q,14,FakeTorino,133,10,4096,409,0.791,0.0515,FAIL,3,1227,CORRECT,3,CORRECT,62,26,3.9,2.3.1,0.17.2,0.46.1
14,VQE BeH2 14Q,14,FakeTorino,133,11,4096,409,0.8025,0.047,FAIL,3,1227,CORRECT,3,CORRECT,62,26,3.9,2.3.1,0.17.2,0.46.1
14,VQE BeH2 14Q,14,FakeTorino,133,12,4096,409,0.7976,0.0488,FAIL,3,1227,CORRECT,3,CORRECT,62,26,4.0,2.3.1,0.17.2,0.46.1
14,VQE BeH2 14Q,14,FakeTorino,133,13,4096,409,0.7986,0.0491,FAIL,3,1227,CORRECT,3,CORRECT,62,26,3.8,2.3.1,0.17.2,0.46.1
14,VQE BeH2 14Q,14,FakeTorino,133,14,4096,409,0.7969,0.0496,FAIL,3,1227,CORRECT,3,CORRECT,62,26,3.9,2.3.1,0.17.2,0.46.1
14,VQE BeH2 14Q,14,FakeTorino,133,15,4096,409,0.8025,0.0469,FAIL,3,1227,CORRECT,3,CORRECT,62,26,3.9,2.3.1,0.17.2,0.46.1
14,VQE BeH2 14Q,14,FakeTorino,133,16,4096,409,0.8003,0.0472,FAIL,3,1227,CORRECT,3,CORRECT,62,26,4.2,2.3.1,0.17.2,0.46.1
14,VQE BeH2 14Q,14,FakeTorino,133,17,4096,409,0.7883,0.0534,FAIL,3,1227,CORRECT,3,CORRECT,62,26,4.7,2.3.1,0.17.2,0.46.1
14,VQE BeH2 14Q,14,FakeTorino,133,18,4096,409,0.801,0.0482,FAIL,3,1227,CORRECT,3,CORRECT,62,26,4.9,2.3.1,0.17.2,0.46.1
14,VQE BeH2 14Q,14,FakeTorino,133,19,4096,409,0.7944,0.0513,FAIL,3,1227,CORRECT,3,CORRECT,62,26,4.4,2.3.1,0.17.2,0.46.1
15,Shor N=15 5Q,5,FakeTorino,133,0,1000,100,0.121,0.878,PASS,,,CORRECT,,CORRECT,20,3,1.0,2.3.1,0.17.2,0.46.1
15,Shor N=15 5Q,5,FakeTorino,133,1,1000,100,0.129,0.8694,PASS,,,CORRECT,,CORRECT,20,3,1.4,2.3.1,0.17.2,0.46.1
15,Shor N=15 5Q,5,FakeTorino,133,2,1000,100,0.134,0.8884,PASS,,,CORRECT,,CORRECT,20,3,1.1,2.3.1,0.17.2,0.46.1
15,Shor N=15 5Q,5,FakeTorino,133,3,1000,100,0.133,0.8649,PASS,,,CORRECT,,CORRECT,20,3,1.0,2.3.1,0.17.2,0.46.1
15,Shor N=15 5Q,5,FakeTorino,133,4,1000,100,0.124,0.8757,PASS,,,CORRECT,,CORRECT,20,3,1.1,2.3.1,0.17.2,0.46.1
15,Shor N=15 5Q,5,FakeTorino,133,5,1000,100,0.112,0.887,PASS,,,CORRECT,,CORRECT,20,3,1.4,2.3.1,0.17.2,0.46.1
15,Shor N=15 5Q,5,FakeTorino,133,6,1000,100,0.14,0.858,PASS,,,CORRECT,,CORRECT,20,3,1.1,2.3.1,0.17.2,0.46.1
15,Shor N=15 5Q,5,FakeTorino,133,7,1000,100,0.125,0.8745,PASS,,,CORRECT,,CORRECT,20,3,1.1,2.3.1,0.17.2,0.46.1
15,Shor N=15 5Q,5,FakeTorino,133,8,1000,100,0.125,0.8739,PASS,,,CORRECT,,CORRECT,20,3,1.1,2.3.1,0.17.2,0.46.1
15,Shor N=15 5Q,5,FakeTorino,133,9,1000,100,0.117,0.8822,PASS,,,CORRECT,,CORRECT,20,3,1.1,2.3.1,0.17.2,0.46.1
15,Shor N=15 5Q,5,FakeTorino,133,10,1000,100,0.123,0.8769,PASS,,,CORRECT,,CORRECT,20,3,1.1,2.3.1,0.17.2,0.46.1
15,Shor N=15 5Q,5,FakeTorino,133,11,1000,100,0.143,0.8564,PASS,,,CORRECT,,CORRECT,20,3,1.0,2.3.1,0.17.2,0.46.1
15,Shor N=15 5Q,5,FakeTorino,133,12,1000,100,0.114,0.8853,PASS,,,CORRECT,,CORRECT,20,3,1.0,2.3.1,0.17.2,0.46.1
15,Shor N=15 5Q,5,FakeTorino,133,13,1000,100,0.15,0.8615,PASS,,,CORRECT,,CORRECT,20,3,1.3,2.3.1,0.17.2,0.46.1
15,Shor N=15 5Q,5,FakeTorino,133,14,1000,100,0.114,0.8852,PASS,,,CORRECT,,CORRECT,20,3,1.1,2.3.1,0.17.2,0.46.1
15,Shor N=15 5Q,5,FakeTorino,133,15,1000,100,0.118,0.8809,PASS,,,CORRECT,,CORRECT,20,3,1.1,2.3.1,0.17.2,0.46.1
15,Shor N=15 5Q,5,FakeTorino,133,16,1000,100,0.134,0.8657,PASS,,,CORRECT,,CORRECT,20,3,1.0,2.3.1,0.17.2,0.46.1
15,Shor N=15 5Q,5,FakeTorino,133,17,1000,100,0.131,0.8679,PASS,,,CORRECT,,CORRECT,20,3,1.0,2.3.1,0.17.2,0.46.1
15,Shor N=15 5Q,5,FakeTorino,133,18,1000,100,0.122,0.8856,PASS,,,CORRECT,,CORRECT,20,3,1.3,2.3.1,0.17.2,0.46.1
15,Shor N=15 5Q,5,FakeTorino,133,19,1000,100,0.11,0.8901,PASS,,,CORRECT,,CORRECT,20,3,1.0,2.3.1,0.17.2,0.46.1
16,QAOA 2Q p=1,2,FakeTorino,133,0,1000,100,0.042,0.9981,PASS,,,CORRECT,,CORRECT,14,3,1.1,2.3.1,0.17.2,0.46.1
16,QAOA 2Q p=1,2,FakeTorino,133,1,1000,100,0.055,0.9968,PASS,,,CORRECT,,CORRECT,14,3,1.1,2.3.1,0.17.2,0.46.1
16,QAOA 2Q p=1,2,FakeTorino,133,2,1000,100,0.046,0.9972,PASS,,,CORRECT,,CORRECT,14,3,1.2,2.3.1,0.17.2,0.46.1
16,QAOA 2Q p=1,2,FakeTorino,133,3,1000,100,0.024,0.9994,PASS,,,CORRECT,,CORRECT,14,3,1.2,2.3.1,0.17.2,0.46.1
16,QAOA 2Q p=1,2,FakeTorino,133,4,1000,100,0.039,0.9975,PASS,,,CORRECT,,CORRECT,14,3,1.1,2.3.1,0.17.2,0.46.1
16,QAOA 2Q p=1,2,FakeTorino,133,5,1000,100,0.022,0.9992,PASS,,,CORRECT,,CORRECT,14,3,1.2,2.3.1,0.17.2,0.46.1
16,QAOA 2Q p=1,2,FakeTorino,133,6,1000,100,0.003,1.0,PASS,,,CORRECT,,CORRECT,14,3,1.2,2.3.1,0.17.2,0.46.1
16,QAOA 2Q p=1,2,FakeTorino,133,7,1000,100,0.027,0.999,PASS,,,CORRECT,,CORRECT,14,3,1.0,2.3.1,0.17.2,0.46.1
16,QAOA 2Q p=1,2,FakeTorino,133,8,1000,100,0.028,0.9987,PASS,,,CORRECT,,CORRECT,14,3,1.2,2.3.1,0.17.2,0.46.1
16,QAOA 2Q p=1,2,FakeTorino,133,9,1000,100,0.012,0.9998,PASS,,,CORRECT,,CORRECT,14,3,1.2,2.3.1,0.17.2,0.46.1
16,QAOA 2Q p=1,2,FakeTorino,133,10,1000,100,0.005,1.0,PASS,,,CORRECT,,CORRECT,14,3,1.4,2.3.1,0.17.2,0.46.1
16,QAOA 2Q p=1,2,FakeTorino,133,11,1000,100,0.03,0.9988,PASS,,,CORRECT,,CORRECT,14,3,1.2,2.3.1,0.17.2,0.46.1
16,QAOA 2Q p=1,2,FakeTorino,133,12,1000,100,0.021,0.9993,PASS,,,CORRECT,,CORRECT,14,3,1.2,2.3.1,0.17.2,0.46.1
16,QAOA 2Q p=1,2,FakeTorino,133,13,1000,100,0.073,0.993,PASS,,,CORRECT,,CORRECT,14,3,1.0,2.3.1,0.17.2,0.46.1
16,QAOA 2Q p=1,2,FakeTorino,133,14,1000,100,0.023,0.9995,PASS,,,CORRECT,,CORRECT,14,3,1.2,2.3.1,0.17.2,0.46.1
16,QAOA 2Q p=1,2,FakeTorino,133,15,1000,100,0.035,0.9985,PASS,,,CORRECT,,CORRECT,14,3,1.5,2.3.1,0.17.2,0.46.1
16,QAOA 2Q p=1,2,FakeTorino,133,16,1000,100,0.017,0.9995,PASS,,,CORRECT,,CORRECT,14,3,1.2,2.3.1,0.17.2,0.46.1
16,QAOA 2Q p=1,2,FakeTorino,133,17,1000,100,0.027,0.999,PASS,,,CORRECT,,CORRECT,14,3,1.2,2.3.1,0.17.2,0.46.1
16,QAOA 2Q p=1,2,FakeTorino,133,18,1000,100,0.032,0.9986,PASS,,,CORRECT,,CORRECT,14,3,1.2,2.3.1,0.17.2,0.46.1
16,QAOA 2Q p=1,2,FakeTorino,133,19,1000,100,0.045,0.9963,PASS,,,CORRECT,,CORRECT,14,3,1.4,2.3.1,0.17.2,0.46.1
17,Quantum teleportation 3Q,3,FakeTorino,133,0,1024,102,0.0391,0.9692,PASS,,,CORRECT,,CORRECT,20,7,1.1,2.3.1,0.17.2,0.46.1
17,Quantum teleportation 3Q,3,FakeTorino,133,1,1024,102,0.0596,0.9714,PASS,,,CORRECT,,CORRECT,20,7,1.2,2.3.1,0.17.2,0.46.1
17,Quantum teleportation 3Q,3,FakeTorino,133,2,1024,102,0.04,0.9674,PASS,,,CORRECT,,CORRECT,20,7,1.5,2.3.1,0.17.2,0.46.1
17,Quantum teleportation 3Q,3,FakeTorino,133,3,1024,102,0.0381,0.9721,PASS,,,CORRECT,,CORRECT,20,7,1.0,2.3.1,0.17.2,0.46.1
17,Quantum teleportation 3Q,3,FakeTorino,133,4,1024,102,0.0527,0.9721,PASS,,,CORRECT,,CORRECT,22,7,1.1,2.3.1,0.17.2,0.46.1
17,Quantum teleportation 3Q,3,FakeTorino,133,5,1024,102,0.0615,0.9757,PASS,,,CORRECT,,CORRECT,20,7,1.1,2.3.1,0.17.2,0.46.1
17,Quantum teleportation 3Q,3,FakeTorino,133,6,1024,102,0.04,0.9663,PASS,,,CORRECT,,CORRECT,20,7,1.2,2.3.1,0.17.2,0.46.1
17,Quantum teleportation 3Q,3,FakeTorino,133,7,1024,102,0.0576,0.9641,PASS,,,CORRECT,,CORRECT,20,7,1.4,2.3.1,0.17.2,0.46.1
17,Quantum teleportation 3Q,3,FakeTorino,133,8,1024,102,0.041,0.9745,PASS,,,CORRECT,,CORRECT,22,7,1.1,2.3.1,0.17.2,0.46.1
17,Quantum teleportation 3Q,3,FakeTorino,133,9,1024,102,0.0674,0.9684,PASS,,,CORRECT,,CORRECT,20,7,1.0,2.3.1,0.17.2,0.46.1
17,Quantum teleportation 3Q,3,FakeTorino,133,10,1024,102,0.0664,0.9713,PASS,,,CORRECT,,CORRECT,22,7,0.9,2.3.1,0.17.2,0.46.1
17,Quantum teleportation 3Q,3,FakeTorino,133,11,1024,102,0.0469,0.9745,PASS,,,CORRECT,,CORRECT,20,7,0.9,2.3.1,0.17.2,0.46.1
17,Quantum teleportation 3Q,3,FakeTorino,133,12,1024,102,0.0215,0.9804,PASS,,,CORRECT,,CORRECT,20,7,1.1,2.3.1,0.17.2,0.46.1
17,Quantum teleportation 3Q,3,FakeTorino,133,13,1024,102,0.0615,0.9729,PASS,,,CORRECT,,CORRECT,20,7,0.9,2.3.1,0.17.2,0.46.1
17,Quantum teleportation 3Q,3,FakeTorino,133,14,1024,102,0.0273,0.973,PASS,,,CORRECT,,CORRECT,22,7,0.9,2.3.1,0.17.2,0.46.1
17,Quantum teleportation 3Q,3,FakeTorino,133,15,1024,102,0.0361,0.97,PASS,,,CORRECT,,CORRECT,20,7,0.9,2.3.1,0.17.2,0.46.1
17,Quantum teleportation 3Q,3,FakeTorino,133,16,1024,102,0.0439,0.982,PASS,,,CORRECT,,CORRECT,22,7,1.1,2.3.1,0.17.2,0.46.1
17,Quantum teleportation 3Q,3,FakeTorino,133,17,1024,102,0.0352,0.9758,PASS,,,CORRECT,,CORRECT,20,7,0.9,2.3.1,0.17.2,0.46.1
17,Quantum teleportation 3Q,3,FakeTorino,133,18,1024,102,0.0439,0.9687,PASS,,,CORRECT,,CORRECT,20,7,0.9,2.3.1,0.17.2,0.46.1
17,Quantum teleportation 3Q,3,FakeTorino,133,19,1024,102,0.0742,0.9787,PASS,,,CORRECT,,CORRECT,22,7,0.9,2.3.1,0.17.2,0.46.1
18,Deutsch-Jozsa 3Q,3,FakeTorino,133,0,1024,102,0.0967,0.9011,PASS,,,CORRECT,,CORRECT,16,3,0.9,2.3.1,0.17.2,0.46.1
18,Deutsch-Jozsa 3Q,3,FakeTorino,133,1,1024,102,0.0742,0.9256,PASS,,,CORRECT,,CORRECT,16,3,0.9,2.3.1,0.17.2,0.46.1
18,Deutsch-Jozsa 3Q,3,FakeTorino,133,2,1024,102,0.0771,0.9228,PASS,,,CORRECT,,CORRECT,16,3,0.9,2.3.1,0.17.2,0.46.1
18,Deutsch-Jozsa 3Q,3,FakeTorino,133,3,1024,102,0.0684,0.9316,PASS,,,CORRECT,,CORRECT,16,3,0.8,2.3.1,0.17.2,0.46.1
18,Deutsch-Jozsa 3Q,3,FakeTorino,133,4,1024,102,0.0801,0.9199,PASS,,,CORRECT,,CORRECT,16,3,1.1,2.3.1,0.17.2,0.46.1
18,Deutsch-Jozsa 3Q,3,FakeTorino,133,5,1024,102,0.1074,0.8925,PASS,,,CORRECT,,CORRECT,16,3,0.9,2.3.1,0.17.2,0.46.1
18,Deutsch-Jozsa 3Q,3,FakeTorino,133,6,1024,102,0.0732,0.9262,PASS,,,CORRECT,,CORRECT,16,3,0.9,2.3.1,0.17.2,0.46.1
18,Deutsch-Jozsa 3Q,3,FakeTorino,133,7,1024,102,0.0918,0.9079,PASS,,,CORRECT,,CORRECT,16,3,0.9,2.3.1,0.17.2,0.46.1
18,Deutsch-Jozsa 3Q,3,FakeTorino,133,8,1024,102,0.0732,0.9264,PASS,,,CORRECT,,CORRECT,16,3,0.8,2.3.1,0.17.2,0.46.1
18,Deutsch-Jozsa 3Q,3,FakeTorino,133,9,1024,102,0.0879,0.9121,PASS,,,CORRECT,,CORRECT,16,3,1.0,2.3.1,0.17.2,0.46.1
18,Deutsch-Jozsa 3Q,3,FakeTorino,133,10,1024,102,0.0732,0.9263,PASS,,,CORRECT,,CORRECT,16,3,0.8,2.3.1,0.17.2,0.46.1
18,Deutsch-Jozsa 3Q,3,FakeTorino,133,11,1024,102,0.0781,0.9217,PASS,,,CORRECT,,CORRECT,16,3,0.8,2.3.1,0.17.2,0.46.1
18,Deutsch-Jozsa 3Q,3,FakeTorino,133,12,1024,102,0.0801,0.9191,PASS,,,CORRECT,,CORRECT,16,3,0.9,2.3.1,0.17.2,0.46.1
18,Deutsch-Jozsa 3Q,3,FakeTorino,133,13,1024,102,0.0713,0.9274,PASS,,,CORRECT,,CORRECT,16,3,1.0,2.3.1,0.17.2,0.46.1
18,Deutsch-Jozsa 3Q,3,FakeTorino,133,14,1024,102,0.0879,0.9121,PASS,,,CORRECT,,CORRECT,16,3,0.8,2.3.1,0.17.2,0.46.1
18,Deutsch-Jozsa 3Q,3,FakeTorino,133,15,1024,102,0.082,0.917,PASS,,,CORRECT,,CORRECT,16,3,0.9,2.3.1,0.17.2,0.46.1
18,Deutsch-Jozsa 3Q,3,FakeTorino,133,16,1024,102,0.1016,0.898,PASS,,,CORRECT,,CORRECT,16,3,0.9,2.3.1,0.17.2,0.46.1
18,Deutsch-Jozsa 3Q,3,FakeTorino,133,17,1024,102,0.0898,0.9089,PASS,,,CORRECT,,CORRECT,16,3,0.9,2.3.1,0.17.2,0.46.1
18,Deutsch-Jozsa 3Q,3,FakeTorino,133,18,1024,102,0.0859,0.9137,PASS,,,CORRECT,,CORRECT,16,3,0.9,2.3.1,0.17.2,0.46.1
18,Deutsch-Jozsa 3Q,3,FakeTorino,133,19,1024,102,0.0615,0.9379,PASS,,,CORRECT,,CORRECT,16,3,0.9,2.3.1,0.17.2,0.46.1
19,Bernstein-Vazirani 5Q,5,FakeTorino,133,0,1024,102,0.1611,0.8386,PASS,,,CORRECT,,CORRECT,32,7,0.8,2.3.1,0.17.2,0.46.1
19,Bernstein-Vazirani 5Q,5,FakeTorino,133,1,1024,102,0.1533,0.8463,PASS,,,CORRECT,,CORRECT,32,7,1.0,2.3.1,0.17.2,0.46.1
19,Bernstein-Vazirani 5Q,5,FakeTorino,133,2,1024,102,0.167,0.8323,PASS,,,CORRECT,,CORRECT,32,7,0.8,2.3.1,0.17.2,0.46.1
19,Bernstein-Vazirani 5Q,5,FakeTorino,133,3,1024,102,0.1582,0.8418,PASS,,,CORRECT,,CORRECT,32,7,0.9,2.3.1,0.17.2,0.46.1
19,Bernstein-Vazirani 5Q,5,FakeTorino,133,4,1024,102,0.1621,0.8378,PASS,,,CORRECT,,CORRECT,32,7,0.8,2.3.1,0.17.2,0.46.1
19,Bernstein-Vazirani 5Q,5,FakeTorino,133,5,1024,102,0.1777,0.822,PASS,,,CORRECT,,CORRECT,32,7,0.8,2.3.1,0.17.2,0.46.1
19,Bernstein-Vazirani 5Q,5,FakeTorino,133,6,1024,102,0.1572,0.8422,PASS,,,CORRECT,,CORRECT,32,7,1.0,2.3.1,0.17.2,0.46.1
19,Bernstein-Vazirani 5Q,5,FakeTorino,133,7,1024,102,0.1553,0.8426,PASS,,,CORRECT,,CORRECT,32,7,0.8,2.3.1,0.17.2,0.46.1
19,Bernstein-Vazirani 5Q,5,FakeTorino,133,8,1024,102,0.1592,0.8403,PASS,,,CORRECT,,CORRECT,32,7,0.8,2.3.1,0.17.2,0.46.1
19,Bernstein-Vazirani 5Q,5,FakeTorino,133,9,1024,102,0.1699,0.8301,PASS,,,CORRECT,,CORRECT,32,7,0.8,2.3.1,0.17.2,0.46.1
19,Bernstein-Vazirani 5Q,5,FakeTorino,133,10,1024,102,0.1611,0.8386,PASS,,,CORRECT,,CORRECT,32,7,1.0,2.3.1,0.17.2,0.46.1
19,Bernstein-Vazirani 5Q,5,FakeTorino,133,11,1024,102,0.1729,0.8265,PASS,,,CORRECT,,CORRECT,32,7,0.8,2.3.1,0.17.2,0.46.1
19,Bernstein-Vazirani 5Q,5,FakeTorino,133,12,1024,102,0.1582,0.8418,PASS,,,CORRECT,,CORRECT,32,7,0.8,2.3.1,0.17.2,0.46.1
19,Bernstein-Vazirani 5Q,5,FakeTorino,133,13,1024,102,0.1348,0.8647,PASS,,,CORRECT,,CORRECT,32,7,0.8,2.3.1,0.17.2,0.46.1
19,Bernstein-Vazirani 5Q,5,FakeTorino,133,14,1024,102,0.1621,0.8375,PASS,,,CORRECT,,CORRECT,32,7,0.8,2.3.1,0.17.2,0.46.1
19,Bernstein-Vazirani 5Q,5,FakeTorino,133,15,1024,102,0.1631,0.8369,PASS,,,CORRECT,,CORRECT,32,7,0.8,2.3.1,0.17.2,0.46.1
19,Bernstein-Vazirani 5Q,5,FakeTorino,133,16,1024,102,0.1543,0.8456,PASS,,,CORRECT,,CORRECT,32,7,0.8,2.3.1,0.17.2,0.46.1
19,Bernstein-Vazirani 5Q,5,FakeTorino,133,17,1024,102,0.1602,0.8398,PASS,,,CORRECT,,CORRECT,32,7,0.8,2.3.1,0.17.2,0.46.1
19,Bernstein-Vazirani 5Q,5,FakeTorino,133,18,1024,102,0.1484,0.8511,PASS,,,CORRECT,,CORRECT,32,7,1.0,2.3.1,0.17.2,0.46.1
19,Bernstein-Vazirani 5Q,5,FakeTorino,133,19,1024,102,0.1689,0.8299,PASS,,,CORRECT,,CORRECT,32,7,0.8,2.3.1,0.17.2,0.46.1
20,VQE 1Q eigensolver,1,FakeTorino,133,0,10000,1000,0.0173,0.9997,PASS,,,CORRECT,,CORRECT,4,0,0.8,2.3.1,0.17.2,0.46.1
20,VQE 1Q eigensolver,1,FakeTorino,133,1,10000,1000,0.0059,1.0,PASS,,,CORRECT,,CORRECT,4,0,0.8,2.3.1,0.17.2,0.46.1
20,VQE 1Q eigensolver,1,FakeTorino,133,2,10000,1000,0.0036,1.0,PASS,,,CORRECT,,CORRECT,4,0,0.8,2.3.1,0.17.2,0.46.1
20,VQE 1Q eigensolver,1,FakeTorino,133,3,10000,1000,0.009,0.9999,PASS,,,CORRECT,,CORRECT,4,0,1.1,2.3.1,0.17.2,0.46.1
20,VQE 1Q eigensolver,1,FakeTorino,133,4,10000,1000,0.0014,1.0,PASS,,,CORRECT,,CORRECT,4,0,0.9,2.3.1,0.17.2,0.46.1
20,VQE 1Q eigensolver,1,FakeTorino,133,5,10000,1000,0.0056,1.0,PASS,,,CORRECT,,CORRECT,4,0,1.0,2.3.1,0.17.2,0.46.1
20,VQE 1Q eigensolver,1,FakeTorino,133,6,10000,1000,0.0023,1.0,PASS,,,CORRECT,,CORRECT,4,0,0.9,2.3.1,0.17.2,0.46.1
20,VQE 1Q eigensolver,1,FakeTorino,133,7,10000,1000,0.0015,1.0,PASS,,,CORRECT,,CORRECT,4,0,1.1,2.3.1,0.17.2,0.46.1
20,VQE 1Q eigensolver,1,FakeTorino,133,8,10000,1000,0.0031,1.0,PASS,,,CORRECT,,CORRECT,4,0,0.9,2.3.1,0.17.2,0.46.1
20,VQE 1Q eigensolver,1,FakeTorino,133,9,10000,1000,0.0051,1.0,PASS,,,CORRECT,,CORRECT,4,0,0.8,2.3.1,0.17.2,0.46.1
20,VQE 1Q eigensolver,1,FakeTorino,133,10,10000,1000,0.0025,1.0,PASS,,,CORRECT,,CORRECT,4,0,0.8,2.3.1,0.17.2,0.46.1
20,VQE 1Q eigensolver,1,FakeTorino,133,11,10000,1000,0.0051,1.0,PASS,,,CORRECT,,CORRECT,4,0,0.8,2.3.1,0.17.2,0.46.1
20,VQE 1Q eigensolver,1,FakeTorino,133,12,10000,1000,0.0001,1.0,PASS,,,CORRECT,,CORRECT,4,0,0.8,2.3.1,0.17.2,0.46.1
20,VQE 1Q eigensolver,1,FakeTorino,133,13,10000,1000,0.0098,0.9999,PASS,,,CORRECT,,CORRECT,4,0,0.8,2.3.1,0.17.2,0.46.1
20,VQE 1Q eigensolver,1,FakeTorino,133,14,10000,1000,0.0064,1.0,PASS,,,CORRECT,,CORRECT,4,0,0.8,2.3.1,0.17.2,0.46.1
20,VQE 1Q eigensolver,1,FakeTorino,133,15,10000,1000,0.0051,1.0,PASS,,,CORRECT,,CORRECT,4,0,1.0,2.3.1,0.17.2,0.46.1
20,VQE 1Q eigensolver,1,FakeTorino,133,16,10000,1000,0.0002,1.0,PASS,,,CORRECT,,CORRECT,4,0,0.8,2.3.1,0.17.2,0.46.1
20,VQE 1Q eigensolver,1,FakeTorino,133,17,10000,1000,0.0091,0.9999,PASS,,,CORRECT,,CORRECT,4,0,0.8,2.3.1,0.17.2,0.46.1
20,VQE 1Q eigensolver,1,FakeTorino,133,18,10000,1000,0.0238,0.9994,PASS,,,CORRECT,,CORRECT,4,0,0.8,2.3.1,0.17.2,0.46.1
20,VQE 1Q eigensolver,1,FakeTorino,133,19,10000,1000,0.0044,1.0,PASS,,,CORRECT,,CORRECT,4,0,0.8,2.3.1,0.17.2,0.46.1
21,QAOA MaxCut 12Q,12,FakeTorino,133,0,10000,1000,0.3171,0.7393,MARGINAL,4,4000,CORRECT,3,CORRECT,114,22,1.4,2.3.1,0.17.2,0.46.1
21,QAOA MaxCut 12Q,12,FakeTorino,133,1,10000,1000,0.3194,0.7319,MARGINAL,4,4000,CORRECT,3,CORRECT,114,22,1.3,2.3.1,0.17.2,0.46.1
21,QAOA MaxCut 12Q,12,FakeTorino,133,2,10000,1000,0.3261,0.7267,MARGINAL,4,4000,CORRECT,3,CORRECT,114,22,1.2,2.3.1,0.17.2,0.46.1
21,QAOA MaxCut 12Q,12,FakeTorino,133,3,10000,1000,0.3243,0.7312,MARGINAL,4,4000,CORRECT,3,CORRECT,114,22,1.3,2.3.1,0.17.2,0.46.1
21,QAOA MaxCut 12Q,12,FakeTorino,133,4,10000,1000,0.3159,0.7437,MARGINAL,4,4000,CORRECT,3,CORRECT,114,22,1.4,2.3.1,0.17.2,0.46.1
21,QAOA MaxCut 12Q,12,FakeTorino,133,5,10000,1000,0.321,0.7358,MARGINAL,4,4000,CORRECT,3,CORRECT,114,22,1.2,2.3.1,0.17.2,0.46.1
21,QAOA MaxCut 12Q,12,FakeTorino,133,6,10000,1000,0.3252,0.729,MARGINAL,4,4000,CORRECT,3,CORRECT,114,22,1.2,2.3.1,0.17.2,0.46.1
21,QAOA MaxCut 12Q,12,FakeTorino,133,7,10000,1000,0.3269,0.7276,MARGINAL,5,5000,CORRECT,3,CORRECT,114,22,1.2,2.3.1,0.17.2,0.46.1
21,QAOA MaxCut 12Q,12,FakeTorino,133,8,10000,1000,0.3289,0.7311,MARGINAL,4,4000,CORRECT,3,CORRECT,114,22,1.2,2.3.1,0.17.2,0.46.1
21,QAOA MaxCut 12Q,12,FakeTorino,133,9,10000,1000,0.3292,0.7258,MARGINAL,4,4000,CORRECT,3,CORRECT,114,22,1.3,2.3.1,0.17.2,0.46.1
21,QAOA MaxCut 12Q,12,FakeTorino,133,10,10000,1000,0.3219,0.7306,MARGINAL,4,4000,CORRECT,3,CORRECT,114,22,1.4,2.3.1,0.17.2,0.46.1
21,QAOA MaxCut 12Q,12,FakeTorino,133,11,10000,1000,0.3241,0.7324,MARGINAL,3,3000,CORRECT,3,CORRECT,114,22,1.3,2.3.1,0.17.2,0.46.1
21,QAOA MaxCut 12Q,12,FakeTorino,133,12,10000,1000,0.3289,0.7304,MARGINAL,4,4000,CORRECT,3,CORRECT,114,22,1.6,2.3.1,0.17.2,0.46.1
21,QAOA MaxCut 12Q,12,FakeTorino,133,13,10000,1000,0.3242,0.7303,MARGINAL,4,4000,CORRECT,3,CORRECT,114,22,1.2,2.3.1,0.17.2,0.46.1
21,QAOA MaxCut 12Q,12,FakeTorino,133,14,10000,1000,0.3257,0.7337,MARGINAL,4,4000,CORRECT,3,CORRECT,114,22,1.2,2.3.1,0.17.2,0.46.1
21,QAOA MaxCut 12Q,12,FakeTorino,133,15,10000,1000,0.3158,0.7391,MARGINAL,4,4000,CORRECT,3,CORRECT,114,22,1.2,2.3.1,0.17.2,0.46.1
21,QAOA MaxCut 12Q,12,FakeTorino,133,16,10000,1000,0.3247,0.7337,MARGINAL,4,4000,CORRECT,3,CORRECT,114,22,1.2,2.3.1,0.17.2,0.46.1
21,QAOA MaxCut 12Q,12,FakeTorino,133,17,10000,1000,0.3181,0.7358,MARGINAL,4,4000,CORRECT,3,CORRECT,114,22,1.4,2.3.1,0.17.2,0.46.1
21,QAOA MaxCut 12Q,12,FakeTorino,133,18,10000,1000,0.3332,0.7198,MARGINAL,4,4000,CORRECT,3,CORRECT,114,22,1.2,2.3.1,0.17.2,0.46.1
21,QAOA MaxCut 12Q,12,FakeTorino,133,19,10000,1000,0.3266,0.7302,MARGINAL,4,4000,CORRECT,3,CORRECT,114,22,1.2,2.3.1,0.17.2,0.46.1
22,QML Image Class 14Q,14,FakeTorino,133,0,400,100,0.97,0.0009,FAIL,3,120,CORRECT,3,CORRECT,134,26,1.2,2.3.1,0.17.2,0.46.1
22,QML Image Class 14Q,14,FakeTorino,133,1,400,100,0.9775,0.0005,FAIL,3,120,CORRECT,3,CORRECT,134,26,1.3,2.3.1,0.17.2,0.46.1
22,QML Image Class 14Q,14,FakeTorino,133,2,400,100,0.975,0.0007,FAIL,3,120,CORRECT,3,CORRECT,134,26,1.2,2.3.1,0.17.2,0.46.1
22,QML Image Class 14Q,14,FakeTorino,133,3,400,100,0.975,0.0006,FAIL,3,120,CORRECT,3,CORRECT,134,26,1.2,2.3.1,0.17.2,0.46.1
22,QML Image Class 14Q,14,FakeTorino,133,4,400,100,0.97,0.0009,FAIL,3,120,CORRECT,3,CORRECT,134,26,1.2,2.3.1,0.17.2,0.46.1
22,QML Image Class 14Q,14,FakeTorino,133,5,400,100,0.9825,0.0003,FAIL,3,120,CORRECT,3,CORRECT,134,26,1.2,2.3.1,0.17.2,0.46.1
22,QML Image Class 14Q,14,FakeTorino,133,6,400,100,0.985,0.0002,FAIL,3,120,CORRECT,3,CORRECT,134,26,1.1,2.3.1,0.17.2,0.46.1
22,QML Image Class 14Q,14,FakeTorino,133,7,400,100,0.9675,0.0011,FAIL,3,120,CORRECT,3,CORRECT,134,26,1.1,2.3.1,0.17.2,0.46.1
22,QML Image Class 14Q,14,FakeTorino,133,8,400,100,0.965,0.0012,FAIL,3,120,CORRECT,3,CORRECT,134,26,1.1,2.3.1,0.17.2,0.46.1
22,QML Image Class 14Q,14,FakeTorino,133,9,400,100,0.98,0.0004,FAIL,3,120,CORRECT,3,CORRECT,134,26,1.3,2.3.1,0.17.2,0.46.1
22,QML Image Class 14Q,14,FakeTorino,133,10,400,100,0.9825,0.0003,FAIL,3,120,CORRECT,3,CORRECT,134,26,1.2,2.3.1,0.17.2,0.46.1
22,QML Image Class 14Q,14,FakeTorino,133,11,400,100,0.9725,0.0008,FAIL,3,120,CORRECT,3,CORRECT,134,26,1.3,2.3.1,0.17.2,0.46.1
22,QML Image Class 14Q,14,FakeTorino,133,12,400,100,0.9825,0.0003,FAIL,3,120,CORRECT,3,CORRECT,134,26,1.3,2.3.1,0.17.2,0.46.1
22,QML Image Class 14Q,14,FakeTorino,133,13,400,100,0.9725,0.0008,FAIL,3,120,CORRECT,3,CORRECT,134,26,1.2,2.3.1,0.17.2,0.46.1
22,QML Image Class 14Q,14,FakeTorino,133,14,400,100,0.9875,0.0002,FAIL,3,120,CORRECT,3,CORRECT,134,26,1.5,2.3.1,0.17.2,0.46.1
22,QML Image Class 14Q,14,FakeTorino,133,15,400,100,0.9725,0.0008,FAIL,3,120,CORRECT,3,CORRECT,134,26,1.2,2.3.1,0.17.2,0.46.1
22,QML Image Class 14Q,14,FakeTorino,133,16,400,100,0.965,0.0012,FAIL,3,120,CORRECT,3,CORRECT,134,26,1.2,2.3.1,0.17.2,0.46.1
22,QML Image Class 14Q,14,FakeTorino,133,17,400,100,0.9825,0.0003,FAIL,3,120,CORRECT,3,CORRECT,134,26,1.2,2.3.1,0.17.2,0.46.1
22,QML Image Class 14Q,14,FakeTorino,133,18,400,100,0.9625,0.0014,FAIL,3,120,CORRECT,3,CORRECT,134,26,1.3,2.3.1,0.17.2,0.46.1
22,QML Image Class 14Q,14,FakeTorino,133,19,400,100,0.9775,0.0005,FAIL,3,120,CORRECT,3,CORRECT,134,26,1.2,2.3.1,0.17.2,0.46.1
23,VQE SrH PDM 12Q,12,FakeTorino,133,0,4000,400,0.4467,0.5533,MARGINAL,,,CORRECT,,CORRECT,96,24,1.5,2.3.1,0.17.2,0.46.1
23,VQE SrH PDM 12Q,12,FakeTorino,133,1,4000,400,0.4465,0.5535,MARGINAL,,,CORRECT,,CORRECT,96,24,1.5,2.3.1,0.17.2,0.46.1
23,VQE SrH PDM 12Q,12,FakeTorino,133,2,4000,400,0.4465,0.5535,MARGINAL,,,CORRECT,,CORRECT,96,24,1.5,2.3.1,0.17.2,0.46.1
23,VQE SrH PDM 12Q,12,FakeTorino,133,3,4000,400,0.4465,0.5535,MARGINAL,,,CORRECT,,CORRECT,96,24,1.5,2.3.1,0.17.2,0.46.1
23,VQE SrH PDM 12Q,12,FakeTorino,133,4,4000,400,0.4467,0.5533,MARGINAL,,,CORRECT,,CORRECT,96,24,1.5,2.3.1,0.17.2,0.46.1
23,VQE SrH PDM 12Q,12,FakeTorino,133,5,4000,400,0.4465,0.5535,MARGINAL,,,CORRECT,,CORRECT,96,24,1.5,2.3.1,0.17.2,0.46.1
23,VQE SrH PDM 12Q,12,FakeTorino,133,6,4000,400,0.4465,0.5535,MARGINAL,,,CORRECT,,CORRECT,96,24,1.6,2.3.1,0.17.2,0.46.1
23,VQE SrH PDM 12Q,12,FakeTorino,133,7,4000,400,0.4465,0.5535,MARGINAL,,,CORRECT,,CORRECT,96,24,1.5,2.3.1,0.17.2,0.46.1
23,VQE SrH PDM 12Q,12,FakeTorino,133,8,4000,400,0.4463,0.5537,MARGINAL,,,CORRECT,,CORRECT,96,24,1.5,2.3.1,0.17.2,0.46.1
23,VQE SrH PDM 12Q,12,FakeTorino,133,9,4000,400,0.446,0.554,MARGINAL,,,CORRECT,,CORRECT,96,24,1.5,2.3.1,0.17.2,0.46.1
23,VQE SrH PDM 12Q,12,FakeTorino,133,10,4000,400,0.4463,0.5537,MARGINAL,,,CORRECT,,CORRECT,96,24,1.5,2.3.1,0.17.2,0.46.1
23,VQE SrH PDM 12Q,12,FakeTorino,133,11,4000,400,0.4465,0.5535,MARGINAL,,,CORRECT,,CORRECT,96,24,1.7,2.3.1,0.17.2,0.46.1
23,VQE SrH PDM 12Q,12,FakeTorino,133,12,4000,400,0.4465,0.5535,MARGINAL,,,CORRECT,,CORRECT,96,24,1.7,2.3.1,0.17.2,0.46.1
23,VQE SrH PDM 12Q,12,FakeTorino,133,13,4000,400,0.4463,0.5537,MARGINAL,,,CORRECT,,CORRECT,96,24,1.6,2.3.1,0.17.2,0.46.1
23,VQE SrH PDM 12Q,12,FakeTorino,133,14,4000,400,0.4463,0.5537,MARGINAL,,,CORRECT,,CORRECT,96,24,1.6,2.3.1,0.17.2,0.46.1
23,VQE SrH PDM 12Q,12,FakeTorino,133,15,4000,400,0.446,0.554,MARGINAL,,,CORRECT,,CORRECT,96,24,1.6,2.3.1,0.17.2,0.46.1
23,VQE SrH PDM 12Q,12,FakeTorino,133,16,4000,400,0.4463,0.5537,MARGINAL,,,CORRECT,,CORRECT,96,24,1.5,2.3.1,0.17.2,0.46.1
23,VQE SrH PDM 12Q,12,FakeTorino,133,17,4000,400,0.446,0.554,MARGINAL,,,CORRECT,,CORRECT,96,24,1.5,2.3.1,0.17.2,0.46.1
23,VQE SrH PDM 12Q,12,FakeTorino,133,18,4000,400,0.4463,0.5537,MARGINAL,,,CORRECT,,CORRECT,96,24,1.5,2.3.1,0.17.2,0.46.1
23,VQE SrH PDM 12Q,12,FakeTorino,133,19,4000,400,0.446,0.554,MARGINAL,,,CORRECT,,CORRECT,96,24,1.5,2.3.1,0.17.2,0.46.1
24,Grover 6Q,6,FakeTorino,133,0,1024,102,0.1377,0.9694,PASS,,,CORRECT,,CORRECT,124,24,0.8,2.3.1,0.17.2,0.46.1
24,Grover 6Q,6,FakeTorino,133,1,1024,102,0.165,0.961,PASS,,,CORRECT,,CORRECT,124,24,0.8,2.3.1,0.17.2,0.46.1
24,Grover 6Q,6,FakeTorino,133,2,1024,102,0.1602,0.9645,PASS,,,CORRECT,,CORRECT,124,24,0.8,2.3.1,0.17.2,0.46.1
24,Grover 6Q,6,FakeTorino,133,3,1024,102,0.1416,0.9668,PASS,,,CORRECT,,CORRECT,124,24,1.0,2.3.1,0.17.2,0.46.1
24,Grover 6Q,6,FakeTorino,133,4,1024,102,0.1367,0.9704,PASS,,,CORRECT,,CORRECT,124,24,0.8,2.3.1,0.17.2,0.46.1
24,Grover 6Q,6,FakeTorino,133,5,1024,102,0.1357,0.9684,PASS,,,CORRECT,,CORRECT,124,24,0.8,2.3.1,0.17.2,0.46.1
24,Grover 6Q,6,FakeTorino,133,6,1024,102,0.1318,0.9724,PASS,,,CORRECT,,CORRECT,124,24,0.8,2.3.1,0.17.2,0.46.1
24,Grover 6Q,6,FakeTorino,133,7,1024,102,0.1113,0.9797,PASS,,,CORRECT,,CORRECT,124,24,0.8,2.3.1,0.17.2,0.46.1
24,Grover 6Q,6,FakeTorino,133,8,1024,102,0.127,0.973,PASS,,,CORRECT,,CORRECT,124,24,1.0,2.3.1,0.17.2,0.46.1
24,Grover 6Q,6,FakeTorino,133,9,1024,102,0.1152,0.977,PASS,,,CORRECT,,CORRECT,124,24,0.8,2.3.1,0.17.2,0.46.1
24,Grover 6Q,6,FakeTorino,133,10,1024,102,0.1553,0.9627,PASS,,,CORRECT,,CORRECT,124,24,0.8,2.3.1,0.17.2,0.46.1
24,Grover 6Q,6,FakeTorino,133,11,1024,102,0.124,0.9747,PASS,,,CORRECT,,CORRECT,124,24,0.8,2.3.1,0.17.2,0.46.1
24,Grover 6Q,6,FakeTorino,133,12,1024,102,0.1328,0.9712,PASS,,,CORRECT,,CORRECT,124,24,0.9,2.3.1,0.17.2,0.46.1
24,Grover 6Q,6,FakeTorino,133,13,1024,102,0.1553,0.9643,PASS,,,CORRECT,,CORRECT,124,24,0.8,2.3.1,0.17.2,0.46.1
24,Grover 6Q,6,FakeTorino,133,14,1024,102,0.1279,0.9697,PASS,,,CORRECT,,CORRECT,124,24,0.8,2.3.1,0.17.2,0.46.1
24,Grover 6Q,6,FakeTorino,133,15,1024,102,0.1465,0.9689,PASS,,,CORRECT,,CORRECT,124,24,0.8,2.3.1,0.17.2,0.46.1
24,Grover 6Q,6,FakeTorino,133,16,1024,102,0.1338,0.9693,PASS,,,CORRECT,,CORRECT,124,24,0.9,2.3.1,0.17.2,0.46.1
24,Grover 6Q,6,FakeTorino,133,17,1024,102,0.1455,0.9638,PASS,,,CORRECT,,CORRECT,124,24,0.9,2.3.1,0.17.2,0.46.1
24,Grover 6Q,6,FakeTorino,133,18,1024,102,0.1523,0.9664,PASS,,,CORRECT,,CORRECT,124,24,0.9,2.3.1,0.17.2,0.46.1
24,Grover 6Q,6,FakeTorino,133,19,1024,102,0.1436,0.9691,PASS,,,CORRECT,,CORRECT,124,24,0.9,2.3.1,0.17.2,0.46.1
25,QSVM Radar 4Q,4,FakeTorino,133,0,1024,102,0.1475,0.9702,PASS,,,CORRECT,,CORRECT,54,12,1.1,2.3.1,0.17.2,0.46.1
25,QSVM Radar 4Q,4,FakeTorino,133,1,1024,102,0.1777,0.9596,PASS,,,CORRECT,,CORRECT,54,12,0.8,2.3.1,0.17.2,0.46.1
25,QSVM Radar 4Q,4,FakeTorino,133,2,1024,102,0.1152,0.9702,PASS,,,CORRECT,,CORRECT,54,12,0.8,2.3.1,0.17.2,0.46.1
25,QSVM Radar 4Q,4,FakeTorino,133,3,1024,102,0.1426,0.9715,PASS,,,CORRECT,,CORRECT,54,12,0.8,2.3.1,0.17.2,0.46.1
25,QSVM Radar 4Q,4,FakeTorino,133,4,1024,102,0.1436,0.9691,PASS,,,CORRECT,,CORRECT,54,12,0.8,2.3.1,0.17.2,0.46.1
25,QSVM Radar 4Q,4,FakeTorino,133,5,1024,102,0.1377,0.9706,PASS,,,CORRECT,,CORRECT,54,12,1.0,2.3.1,0.17.2,0.46.1
25,QSVM Radar 4Q,4,FakeTorino,133,6,1024,102,0.1094,0.9814,PASS,,,CORRECT,,CORRECT,54,12,0.8,2.3.1,0.17.2,0.46.1
25,QSVM Radar 4Q,4,FakeTorino,133,7,1024,102,0.1221,0.9739,PASS,,,CORRECT,,CORRECT,54,12,0.8,2.3.1,0.17.2,0.46.1
25,QSVM Radar 4Q,4,FakeTorino,133,8,1024,102,0.1045,0.9795,PASS,,,CORRECT,,CORRECT,54,12,0.8,2.3.1,0.17.2,0.46.1
25,QSVM Radar 4Q,4,FakeTorino,133,9,1024,102,0.1318,0.9735,PASS,,,CORRECT,,CORRECT,54,12,1.0,2.3.1,0.17.2,0.46.1
25,QSVM Radar 4Q,4,FakeTorino,133,10,1024,102,0.1201,0.9782,PASS,,,CORRECT,,CORRECT,54,12,0.8,2.3.1,0.17.2,0.46.1
25,QSVM Radar 4Q,4,FakeTorino,133,11,1024,102,0.1221,0.9747,PASS,,,CORRECT,,CORRECT,54,12,0.8,2.3.1,0.17.2,0.46.1
25,QSVM Radar 4Q,4,FakeTorino,133,12,1024,102,0.1309,0.9736,PASS,,,CORRECT,,CORRECT,54,12,0.8,2.3.1,0.17.2,0.46.1
25,QSVM Radar 4Q,4,FakeTorino,133,13,1024,102,0.1787,0.9615,PASS,,,CORRECT,,CORRECT,54,12,0.8,2.3.1,0.17.2,0.46.1
25,QSVM Radar 4Q,4,FakeTorino,133,14,1024,102,0.1084,0.9828,PASS,,,CORRECT,,CORRECT,54,12,0.8,2.3.1,0.17.2,0.46.1
25,QSVM Radar 4Q,4,FakeTorino,133,15,1024,102,0.1289,0.9717,PASS,,,CORRECT,,CORRECT,54,12,0.8,2.3.1,0.17.2,0.46.1
25,QSVM Radar 4Q,4,FakeTorino,133,16,1024,102,0.1279,0.9761,PASS,,,CORRECT,,CORRECT,54,12,0.8,2.3.1,0.17.2,0.46.1
25,QSVM Radar 4Q,4,FakeTorino,133,17,1024,102,0.1504,0.9658,PASS,,,CORRECT,,CORRECT,54,12,1.0,2.3.1,0.17.2,0.46.1
25,QSVM Radar 4Q,4,FakeTorino,133,18,1024,102,0.1191,0.981,PASS,,,CORRECT,,CORRECT,54,12,0.8,2.3.1,0.17.2,0.46.1
25,QSVM Radar 4Q,4,FakeTorino,133,19,1024,102,0.1084,0.9743,PASS,,,CORRECT,,CORRECT,54,12,0.8,2.3.1,0.17.2,0.46.1
