idx,name,n_qubits,original_shots,shots,checkpoint_frac,n_distinct,tvd_vs_ideal,hf_vs_ideal,delta_tvd,converged,should_stop
1,Bell state (GHZ-2),2,24576,2457,0.1,4,0.0167,0.9833,1.0,False,False
1,Bell state (GHZ-2),2,24576,4914,0.2,4,0.0181,0.9828,0.0014,False,False
1,Bell state (GHZ-2),2,24576,7371,0.3,4,0.0222,0.9827,0.0041,True,False
1,Bell state (GHZ-2),2,24576,9828,0.4,4,0.0179,0.982,0.0043,True,False
1,Bell state (GHZ-2),2,24576,12285,0.5,4,0.0182,0.9818,0.0002,True,False
1,Bell state (GHZ-2),2,24576,14742,0.6,4,0.0184,0.9816,0.0002,True,False
1,Bell state (GHZ-2),2,24576,17199,0.7,4,0.0183,0.9817,0.0001,True,False
1,Bell state (GHZ-2),2,24576,19656,0.8,4,0.0182,0.9818,0.0001,True,False
1,Bell state (GHZ-2),2,24576,22113,0.9,4,0.0182,0.9818,0.0,True,False
1,Bell state (GHZ-2),2,24576,24576,1.0,4,0.018,0.982,0.0002,True,False
2,GHZ-3,3,8192,819,0.1,8,0.6264,0.3734,1.0,False,False
2,GHZ-3,3,8192,1638,0.2,8,0.6239,0.3759,0.0024,False,False
2,GHZ-3,3,8192,2457,0.3,8,0.6195,0.3804,0.0045,True,True
2,GHZ-3,3,8192,3276,0.4,8,0.6172,0.3825,0.0022,True,True
2,GHZ-3,3,8192,4095,0.5,8,0.6134,0.3863,0.0038,True,True
2,GHZ-3,3,8192,4914,0.6,8,0.6093,0.3905,0.0042,True,True
2,GHZ-3,3,8192,5733,0.7,8,0.6091,0.3907,0.0002,True,True
2,GHZ-3,3,8192,6552,0.8,8,0.607,0.3928,0.0021,True,True
2,GHZ-3,3,8192,7371,0.9,8,0.6067,0.3932,0.0003,True,True
2,GHZ-3,3,8192,8192,1.0,8,0.6068,0.393,0.0001,True,True
3,VQE HeH+ 2Q,2,4000,400,0.1,3,0.0175,0.9825,1.0,False,False
3,VQE HeH+ 2Q,2,4000,800,0.2,4,0.0212,0.9788,0.0038,False,False
3,VQE HeH+ 2Q,2,4000,1200,0.3,4,0.0208,0.9792,0.0004,True,False
3,VQE HeH+ 2Q,2,4000,1600,0.4,4,0.0194,0.9806,0.0015,True,False
3,VQE HeH+ 2Q,2,4000,2000,0.5,4,0.0205,0.9795,0.0011,True,False
3,VQE HeH+ 2Q,2,4000,2400,0.6,4,0.0208,0.9792,0.0003,True,False
3,VQE HeH+ 2Q,2,4000,2800,0.7,4,0.0232,0.9768,0.0024,True,False
3,VQE HeH+ 2Q,2,4000,3200,0.8,4,0.0234,0.9766,0.0002,True,False
3,VQE HeH+ 2Q,2,4000,3600,0.9,4,0.0247,0.9753,0.0013,True,False
3,VQE HeH+ 2Q,2,4000,4000,1.0,4,0.024,0.976,0.0007,True,False
4,GHZ-4,4,8192,819,0.1,11,0.044,0.9559,1.0,False,False
4,GHZ-4,4,8192,1638,0.2,12,0.0415,0.9582,0.0024,False,False
4,GHZ-4,4,8192,2457,0.3,12,0.0448,0.9567,0.0033,True,False
4,GHZ-4,4,8192,3276,0.4,12,0.0473,0.9539,0.0025,True,False
4,GHZ-4,4,8192,4095,0.5,12,0.0449,0.9547,0.0024,True,False
4,GHZ-4,4,8192,4914,0.6,12,0.0458,0.9538,0.0009,True,False
4,GHZ-4,4,8192,5733,0.7,13,0.0462,0.9534,0.0004,True,False
4,GHZ-4,4,8192,6552,0.8,13,0.0462,0.9535,0.0,True,False
4,GHZ-4,4,8192,7371,0.9,13,0.0472,0.9525,0.001,True,False
4,GHZ-4,4,8192,8192,1.0,13,0.0475,0.9523,0.0003,True,False
5,GHZ-5,5,1024,102,0.1,7,0.1176,0.9327,1.0,False,False
5,GHZ-5,5,1024,204,0.2,11,0.0637,0.9359,0.0539,False,False
5,GHZ-5,5,1024,306,0.3,12,0.0523,0.9476,0.0114,True,False
5,GHZ-5,5,1024,408,0.4,12,0.049,0.951,0.0033,True,False
5,GHZ-5,5,1024,510,0.5,13,0.0431,0.9568,0.0059,True,False
5,GHZ-5,5,1024,612,0.6,14,0.0425,0.9574,0.0007,True,False
5,GHZ-5,5,1024,714,0.7,14,0.0406,0.9594,0.0019,True,False
5,GHZ-5,5,1024,816,0.8,14,0.0368,0.9632,0.0039,True,False
5,GHZ-5,5,1024,918,0.9,15,0.0403,0.9597,0.0035,True,False
5,GHZ-5,5,1024,1024,1.0,18,0.0449,0.9551,0.0046,True,False
6,GHZ-6,6,128,12,0.09,10,0.75,0.242,1.0,False,False
6,GHZ-6,6,128,24,0.19,13,0.7083,0.2763,0.0417,False,False
6,GHZ-6,6,128,36,0.28,15,0.75,0.2275,0.0417,False,False
6,GHZ-6,6,128,48,0.38,19,0.7083,0.2638,0.0417,False,False
6,GHZ-6,6,128,60,0.47,22,0.6833,0.2962,0.025,True,True
6,GHZ-6,6,128,72,0.56,23,0.6667,0.3227,0.0167,True,True
6,GHZ-6,6,128,84,0.66,24,0.6786,0.3111,0.0119,True,True
6,GHZ-6,6,128,96,0.75,25,0.6667,0.3297,0.0119,True,True
6,GHZ-6,6,128,108,0.84,28,0.6667,0.3304,0.0,True,True
6,GHZ-6,6,128,128,1.0,30,0.6641,0.3331,0.0026,True,True
7,GHZ-8,8,32,3,0.09,3,0.6667,0.1533,1.0,False,False
7,GHZ-8,8,32,6,0.19,6,0.8333,0.0767,0.1667,False,False
7,GHZ-8,8,32,9,0.28,8,0.8889,0.0511,0.0556,False,False
7,GHZ-8,8,32,12,0.38,9,0.9167,0.0383,0.0278,True,True
7,GHZ-8,8,32,15,0.47,10,0.9333,0.0307,0.0167,True,True
7,GHZ-8,8,32,18,0.56,11,0.9444,0.0256,0.0111,True,True
7,GHZ-8,8,32,21,0.66,12,0.9524,0.0219,0.0079,True,True
7,GHZ-8,8,32,24,0.75,13,0.9583,0.0192,0.006,True,True
7,GHZ-8,8,32,27,0.84,14,0.9259,0.074,0.0324,False,False
7,GHZ-8,8,32,32,1.0,15,0.9062,0.0922,0.0197,True,True
8,QFT 4Q,4,500,50,0.1,14,0.31,0.7855,1.0,False,False
8,QFT 4Q,4,500,100,0.2,16,0.29,0.8708,0.02,False,False
8,QFT 4Q,4,500,150,0.3,16,0.2333,0.9081,0.0567,False,False
8,QFT 4Q,4,500,200,0.4,16,0.24,0.9183,0.0067,True,False
8,QFT 4Q,4,500,250,0.5,16,0.208,0.9354,0.032,False,False
8,QFT 4Q,4,500,300,0.6,16,0.2033,0.9451,0.0047,True,False
8,QFT 4Q,4,500,350,0.7,16,0.2014,0.945,0.0019,True,False
8,QFT 4Q,4,500,400,0.8,16,0.21,0.9388,0.0086,True,False
8,QFT 4Q,4,500,450,0.9,16,0.21,0.9391,0.0,True,False
8,QFT 4Q,4,500,500,1.0,16,0.204,0.9433,0.006,True,False
9,VQE Hubbard 16Q,16,1000,100,0.1,100,1.0,0.0,1.0,False,False
9,VQE Hubbard 16Q,16,1000,200,0.2,200,1.0,0.0,0.0,False,False
9,VQE Hubbard 16Q,16,1000,300,0.3,300,1.0,0.0,0.0,True,True
9,VQE Hubbard 16Q,16,1000,400,0.4,399,1.0,0.0,0.0,True,True
9,VQE Hubbard 16Q,16,1000,500,0.5,498,1.0,0.0,0.0,True,True
9,VQE Hubbard 16Q,16,1000,600,0.6,597,1.0,0.0,0.0,True,True
9,VQE Hubbard 16Q,16,1000,700,0.7,696,1.0,0.0,0.0,True,True
9,VQE Hubbard 16Q,16,1000,800,0.8,792,1.0,0.0,0.0,True,True
9,VQE Hubbard 16Q,16,1000,900,0.9,892,0.9989,0.0,0.0011,True,True
9,VQE Hubbard 16Q,16,1000,1000,1.0,991,0.999,0.0,0.0001,True,True
10,Grover Lights-Out 16Q,16,4000,400,0.1,399,1.0,0.0,1.0,False,False
10,Grover Lights-Out 16Q,16,4000,800,0.2,796,0.9962,0.0,0.0038,False,False
10,Grover Lights-Out 16Q,16,4000,1200,0.3,1192,0.9925,0.0002,0.0037,True,True
10,Grover Lights-Out 16Q,16,4000,1600,0.4,1578,0.9906,0.0004,0.0019,True,True
10,Grover Lights-Out 16Q,16,4000,2000,0.5,1968,0.991,0.0004,0.0004,True,True
10,Grover Lights-Out 16Q,16,4000,2400,0.6,2348,0.9921,0.0004,0.0011,True,True
10,Grover Lights-Out 16Q,16,4000,2800,0.7,2739,0.9921,0.0004,0.0001,True,True
10,Grover Lights-Out 16Q,16,4000,3200,0.8,3115,0.9931,0.0004,0.001,True,True
10,Grover Lights-Out 16Q,16,4000,3600,0.9,3486,0.9925,0.0005,0.0006,True,True
10,Grover Lights-Out 16Q,16,4000,4000,1.0,3862,0.992,0.0006,0.0005,True,True
11,QSVM Kernel 15Q (LHC),15,8192,819,0.1,729,0.84,0.0368,1.0,False,False
11,QSVM Kernel 15Q (LHC),15,8192,1638,0.2,1360,0.8175,0.0578,0.0226,False,False
11,QSVM Kernel 15Q (LHC),15,8192,2457,0.3,1932,0.8168,0.0674,0.0006,True,True
11,QSVM Kernel 15Q (LHC),15,8192,3276,0.4,2434,0.8101,0.078,0.0067,True,True
11,QSVM Kernel 15Q (LHC),15,8192,4095,0.5,2921,0.8076,0.0848,0.0026,True,True
11,QSVM Kernel 15Q (LHC),15,8192,4914,0.6,3369,0.8097,0.0871,0.0022,True,True
11,QSVM Kernel 15Q (LHC),15,8192,5733,0.7,3804,0.8144,0.0879,0.0047,True,True
11,QSVM Kernel 15Q (LHC),15,8192,6552,0.8,4216,0.8127,0.0924,0.0017,True,True
11,QSVM Kernel 15Q (LHC),15,8192,7371,0.9,4591,0.8103,0.0958,0.0024,True,True
11,QSVM Kernel 15Q (LHC),15,8192,8192,1.0,4970,0.8071,0.101,0.0032,True,True
12,QML Kernel 17Q (Supernova),17,5000,500,0.1,491,0.946,0.0037,1.0,False,False
12,QML Kernel 17Q (Supernova),17,5000,1000,0.2,958,0.943,0.0059,0.003,False,False
12,QML Kernel 17Q (Supernova),17,5000,1500,0.3,1401,0.9433,0.0075,0.0003,True,True
12,QML Kernel 17Q (Supernova),17,5000,2000,0.4,1838,0.9385,0.0094,0.0048,True,True
12,QML Kernel 17Q (Supernova),17,5000,2500,0.5,2253,0.9396,0.0101,0.0011,True,True
12,QML Kernel 17Q (Supernova),17,5000,3000,0.6,2661,0.9377,0.0118,0.0019,True,True
12,QML Kernel 17Q (Supernova),17,5000,3500,0.7,3060,0.9383,0.0128,0.0006,True,True
12,QML Kernel 17Q (Supernova),17,5000,4000,0.8,3453,0.9383,0.0135,0.0,True,True
12,QML Kernel 17Q (Supernova),17,5000,4500,0.9,3834,0.9367,0.0146,0.0016,True,True
12,QML Kernel 17Q (Supernova),17,5000,5000,1.0,4203,0.935,0.0162,0.0017,True,True
13,QAOA MaxCut 16Q,16,20000,2000,0.1,1941,0.933,0.0049,1.0,False,False
13,QAOA MaxCut 16Q,16,20000,4000,0.2,3780,0.9335,0.0082,0.0005,False,False
13,QAOA MaxCut 16Q,16,20000,6000,0.3,5471,0.9328,0.0119,0.0007,True,True
13,QAOA MaxCut 16Q,16,20000,8000,0.4,7081,0.9326,0.015,0.0002,True,True
13,QAOA MaxCut 16Q,16,20000,10000,0.5,8644,0.9333,0.0173,0.0007,True,True
13,QAOA MaxCut 16Q,16,20000,12000,0.6,10074,0.9353,0.0187,0.002,True,True
13,QAOA MaxCut 16Q,16,20000,14000,0.7,11459,0.9361,0.0208,0.0008,True,True
13,QAOA MaxCut 16Q,16,20000,16000,0.8,12771,0.9359,0.0231,0.0002,True,True
13,QAOA MaxCut 16Q,16,20000,18000,0.9,14005,0.9352,0.0253,0.0008,True,True
13,QAOA MaxCut 16Q,16,20000,20000,1.0,15199,0.9359,0.0264,0.0007,True,True
14,VQE BeH2 14Q,14,4096,409,0.1,406,0.978,0.0005,1.0,False,False
14,VQE BeH2 14Q,14,4096,818,0.2,800,0.9743,0.0012,0.0037,False,False
14,VQE BeH2 14Q,14,4096,1227,0.3,1189,0.9764,0.0015,0.002,True,True
14,VQE BeH2 14Q,14,4096,1636,0.4,1572,0.9756,0.0022,0.0008,True,True
14,VQE BeH2 14Q,14,4096,2045,0.5,1933,0.9726,0.0034,0.0029,True,True
14,VQE BeH2 14Q,14,4096,2454,0.6,2303,0.9751,0.0033,0.0025,True,True
14,VQE BeH2 14Q,14,4096,2863,0.7,2641,0.9756,0.0038,0.0004,True,True
14,VQE BeH2 14Q,14,4096,3272,0.8,2978,0.9762,0.0041,0.0006,True,True
14,VQE BeH2 14Q,14,4096,3681,0.9,3293,0.9772,0.0042,0.001,True,True
14,VQE BeH2 14Q,14,4096,4096,1.0,3622,0.9749,0.0056,0.0023,True,True
16,QAOA 2Q p=1,2,1000,100,0.1,4,0.05,0.9951,1.0,False,False
16,QAOA 2Q p=1,2,1000,200,0.2,4,0.075,0.9917,0.025,False,False
16,QAOA 2Q p=1,2,1000,300,0.3,4,0.0567,0.995,0.0183,True,False
16,QAOA 2Q p=1,2,1000,400,0.4,4,0.0675,0.9939,0.0108,True,False
16,QAOA 2Q p=1,2,1000,500,0.5,4,0.056,0.9963,0.0115,True,False
16,QAOA 2Q p=1,2,1000,600,0.6,4,0.06,0.9956,0.004,True,False
16,QAOA 2Q p=1,2,1000,700,0.7,4,0.0514,0.9964,0.0086,True,False
16,QAOA 2Q p=1,2,1000,800,0.8,4,0.0425,0.9967,0.0089,True,False
16,QAOA 2Q p=1,2,1000,900,0.9,4,0.0444,0.9964,0.0019,True,False
16,QAOA 2Q p=1,2,1000,1000,1.0,4,0.051,0.9958,0.0066,True,False
17,Quantum teleportation 3Q,3,1024,102,0.1,8,0.1275,0.9799,1.0,False,False
17,Quantum teleportation 3Q,3,1024,204,0.2,8,0.1225,0.9747,0.0049,False,False
17,Quantum teleportation 3Q,3,1024,306,0.3,8,0.134,0.9733,0.0114,True,False
17,Quantum teleportation 3Q,3,1024,408,0.4,8,0.1103,0.9802,0.0237,True,False
17,Quantum teleportation 3Q,3,1024,510,0.5,8,0.0961,0.9838,0.0142,True,False
17,Quantum teleportation 3Q,3,1024,612,0.6,8,0.0964,0.9851,0.0003,True,False
17,Quantum teleportation 3Q,3,1024,714,0.7,8,0.1022,0.9822,0.0058,True,False
17,Quantum teleportation 3Q,3,1024,816,0.8,8,0.0968,0.9853,0.0054,True,False
17,Quantum teleportation 3Q,3,1024,918,0.9,8,0.1002,0.9846,0.0034,True,False
17,Quantum teleportation 3Q,3,1024,1024,1.0,8,0.0974,0.9863,0.0028,True,False
18,Deutsch-Jozsa 3Q,3,1024,102,0.1,4,0.0392,0.9796,1.0,False,False
18,Deutsch-Jozsa 3Q,3,1024,204,0.2,6,0.0784,0.9712,0.0392,False,False
18,Deutsch-Jozsa 3Q,3,1024,306,0.3,7,0.0817,0.9662,0.0033,True,False
18,Deutsch-Jozsa 3Q,3,1024,408,0.4,7,0.0882,0.9676,0.0065,True,False
18,Deutsch-Jozsa 3Q,3,1024,510,0.5,8,0.1078,0.9638,0.0196,True,False
18,Deutsch-Jozsa 3Q,3,1024,612,0.6,8,0.1111,0.9614,0.0033,True,False
18,Deutsch-Jozsa 3Q,3,1024,714,0.7,8,0.098,0.9638,0.0131,True,False
18,Deutsch-Jozsa 3Q,3,1024,816,0.8,8,0.0993,0.9647,0.0012,True,False
18,Deutsch-Jozsa 3Q,3,1024,918,0.9,8,0.0948,0.9623,0.0045,True,False
18,Deutsch-Jozsa 3Q,3,1024,1024,1.0,8,0.0931,0.9638,0.0017,True,False
19,Bernstein-Vazirani 5Q,5,1024,102,0.1,6,0.098,0.9536,1.0,False,False
19,Bernstein-Vazirani 5Q,5,1024,204,0.2,8,0.0441,0.9651,0.0539,False,False
19,Bernstein-Vazirani 5Q,5,1024,306,0.3,9,0.0458,0.957,0.0016,True,False
19,Bernstein-Vazirani 5Q,5,1024,408,0.4,10,0.0515,0.9481,0.0057,True,False
19,Bernstein-Vazirani 5Q,5,1024,510,0.5,10,0.0686,0.953,0.0172,True,False
19,Bernstein-Vazirani 5Q,5,1024,612,0.6,10,0.0703,0.9522,0.0016,True,False
19,Bernstein-Vazirani 5Q,5,1024,714,0.7,11,0.084,0.949,0.0138,True,False
19,Bernstein-Vazirani 5Q,5,1024,816,0.8,11,0.0882,0.946,0.0042,True,False
19,Bernstein-Vazirani 5Q,5,1024,918,0.9,11,0.0871,0.9452,0.0011,True,False
19,Bernstein-Vazirani 5Q,5,1024,1024,1.0,12,0.0891,0.9417,0.002,True,False
20,VQE 1Q eigensolver,1,10000,1000,0.1,2,0.005,1.0,1.0,False,False
20,VQE 1Q eigensolver,1,10000,2000,0.2,2,0.011,0.9999,0.006,False,False
20,VQE 1Q eigensolver,1,10000,3000,0.3,2,0.0157,0.9998,0.0047,True,False
20,VQE 1Q eigensolver,1,10000,4000,0.4,2,0.0255,0.9993,0.0098,True,False
20,VQE 1Q eigensolver,1,10000,5000,0.5,2,0.0244,0.9994,0.0011,True,False
20,VQE 1Q eigensolver,1,10000,6000,0.6,2,0.0228,0.9995,0.0016,True,False
20,VQE 1Q eigensolver,1,10000,7000,0.7,2,0.0199,0.9996,0.003,True,False
20,VQE 1Q eigensolver,1,10000,8000,0.8,2,0.0196,0.9996,0.0002,True,False
20,VQE 1Q eigensolver,1,10000,9000,0.9,2,0.019,0.9996,0.0006,True,False
20,VQE 1Q eigensolver,1,10000,10000,1.0,2,0.0191,0.9996,0.0001,True,False
22,QML Image Class 14Q,14,400,40,0.1,40,1.0,0.0,1.0,False,False
22,QML Image Class 14Q,14,400,80,0.2,80,0.99,0.0001,0.01,False,False
22,QML Image Class 14Q,14,400,120,0.3,120,0.9917,0.0001,0.0017,True,True
22,QML Image Class 14Q,14,400,160,0.4,160,0.9938,0.0001,0.0021,True,True
22,QML Image Class 14Q,14,400,200,0.5,200,0.995,0.0001,0.0012,True,True
22,QML Image Class 14Q,14,400,240,0.6,240,0.9958,0.0,0.0008,True,True
22,QML Image Class 14Q,14,400,280,0.7,279,0.9929,0.0001,0.003,True,True
22,QML Image Class 14Q,14,400,320,0.8,319,0.9938,0.0001,0.0009,True,True
22,QML Image Class 14Q,14,400,360,0.9,359,0.9917,0.0002,0.0021,True,True
22,QML Image Class 14Q,14,400,400,1.0,397,0.9925,0.0002,0.0008,True,True
23,VQE SrH PDM 12Q,12,4000,400,0.1,101,0.97,0.03,1.0,False,False
23,VQE SrH PDM 12Q,12,4000,800,0.2,167,0.9725,0.0275,0.0025,False,False
23,VQE SrH PDM 12Q,12,4000,1200,0.3,210,0.9733,0.0267,0.0008,True,True
23,VQE SrH PDM 12Q,12,4000,1600,0.4,259,0.9725,0.0275,0.0008,True,True
23,VQE SrH PDM 12Q,12,4000,2000,0.5,278,0.9705,0.0295,0.002,True,True
23,VQE SrH PDM 12Q,12,4000,2400,0.6,305,0.9717,0.0283,0.0012,True,True
23,VQE SrH PDM 12Q,12,4000,2800,0.7,323,0.9736,0.0264,0.0019,True,True
23,VQE SrH PDM 12Q,12,4000,3200,0.8,342,0.9728,0.0272,0.0008,True,True
23,VQE SrH PDM 12Q,12,4000,3600,0.9,359,0.9728,0.0272,0.0,True,True
23,VQE SrH PDM 12Q,12,4000,4000,1.0,371,0.9745,0.0255,0.0017,True,True
