run_id,wall_time,mode,bitfile,wns_ns,software_commit,workload,workload_id,repeat,status,exclusion_reason,n_circuits,shots,rps,n_active_ch,per_shot_us,qpu_ms,t_start_ns,t_end_ns,elapsed_ms,cmd_bytes_logical,cmd_bytes_transferred,readout_bytes,send_block_us_max,send_block_us_total,seamless,tag,pool_tables,n_groups,cnr,cnr_wait_cycles,note,pair_id,stop_at,cp_step,cp_ns_req,delay_actual_ns,stop_result,actual_shots,overshoot,fired_k,t_decision_ns,t_write_ns,t_event_ps_ns,latency_cycles,latency_us,stop_flags,strm_poll_us
c3_14q_stop1_warmup-c3-2-r-1-1788333985,2026-09-02T00:26:25,c3,build_63329aaf_20260830175903,0.000,1b60263,single,2,-1,data_mismatch,[Errno 104] Connection reset by peer,1,8192,2,3,11.71,95.9611,,,,624,,393216,,,,c3_14q_stop1_warmup,0,,,,stop_campaign rep=-1,,0,,,,,,,,,,,,,,200
c3_14q_stop1_warmup-c3-2-r-1-1788333985,2026-09-02T00:26:25,c3,build_63329aaf_20260830175903,0.000,1b60263,single,2,-1,data_mismatch,[Errno 104] Connection reset by peer,1,8192,2,3,11.71,95.9611,,,,624,,393216,,,,c3_14q_stop1_warmup,0,,,,stop_campaign rep=-1,,2457,,,,,,,,,,,,,,200
c3_14q_stop1_warmup-c3-9-r-1-1788333986,2026-09-02T00:26:26,c3,build_63329aaf_20260830175903,0.000,1b60263,single,9,-1,data_mismatch,[Errno 104] Connection reset by peer,1,128,2,6,21.10,2.7013,,,,1248,,12288,,,,c3_14q_stop1_warmup,0,,,,stop_campaign rep=-1,,0,,,,,,,,,,,,,,200
c3_14q_stop1_warmup-c3-9-r-1-1788333986,2026-09-02T00:26:26,c3,build_63329aaf_20260830175903,0.000,1b60263,single,9,-1,data_mismatch,[Errno 104] Connection reset by peer,1,128,2,6,21.10,2.7013,,,,1248,,12288,,,,c3_14q_stop1_warmup,0,,,,stop_campaign rep=-1,,60,,,,,,,,,,,,,,200
c3_14q_stop1_warmup-c3-10-r-1-1788333987,2026-09-02T00:26:27,c3,build_63329aaf_20260830175903,0.000,1b60263,single,10,-1,data_mismatch,[Errno 104] Connection reset by peer,1,32,2,8,27.36,0.8756,,,,1664,,4096,,,,c3_14q_stop1_warmup,0,,,,stop_campaign rep=-1,,0,,,,,,,,,,,,,,200
c3_14q_stop1_warmup-c3-10-r-1-1788333987,2026-09-02T00:26:27,c3,build_63329aaf_20260830175903,0.000,1b60263,single,10,-1,data_mismatch,[Errno 104] Connection reset by peer,1,32,2,8,27.36,0.8756,,,,1664,,4096,,,,c3_14q_stop1_warmup,0,,,,stop_campaign rep=-1,,12,,,,,,,,,,,,,,200
c3_14q_stop1_warmup-c3-19-r-1-1788333988,2026-09-02T00:26:28,c3,build_63329aaf_20260830175903,0.000,1b60263,single,19,-1,data_mismatch,[Errno 104] Connection reset by peer,1,4096,2,14,46.42,190.1199,,,,3968,,917504,,,,c3_14q_stop1_warmup,0,,,,stop_campaign rep=-1,,0,,,,,,,,,,,,,,200
c3_14q_stop1_warmup-c3-19-r-1-1788333989,2026-09-02T00:26:29,c3,build_63329aaf_20260830175903,0.000,1b60263,single,19,-1,data_mismatch,[Errno 104] Connection reset by peer,1,4096,2,14,46.42,190.1199,,,,3968,,917504,,,,c3_14q_stop1_warmup,0,,,,stop_campaign rep=-1,,1227,,,,,,,,,,,,,,200
c3_14q_stop1_warmup-c3-22-r-1-1788333990,2026-09-02T00:26:30,c3,build_63329aaf_20260830175903,0.000,1b60263,single,22,-1,data_mismatch,[Errno 104] Connection reset by peer,1,400,2,14,50.12,20.0496,,,,4192,,89600,,,,c3_14q_stop1_warmup,0,,,,stop_campaign rep=-1,,0,,,,,,,,,,,,,,200
c3_14q_stop1_warmup-c3-22-r-1-1788333991,2026-09-02T00:26:31,c3,build_63329aaf_20260830175903,0.000,1b60263,single,22,-1,data_mismatch,[Errno 104] Connection reset by peer,1,400,2,14,50.12,20.0496,,,,4192,,89600,,,,c3_14q_stop1_warmup,0,,,,stop_campaign rep=-1,,120,,,,,,,,,,,,,,200
c3_14q_stop1_warmup-c3-23-r-1-1788333992,2026-09-02T00:26:32,c3,build_63329aaf_20260830175903,0.000,1b60263,single,23,-1,data_mismatch,[Errno 104] Connection reset by peer,1,4000,2,12,42.85,171.4080,,,,3136,,768000,,,,c3_14q_stop1_warmup,0,,,,stop_campaign rep=-1,,0,,,,,,,,,,,,,,200
c3_14q_stop1_warmup-c3-23-r-1-1788333992,2026-09-02T00:26:32,c3,build_63329aaf_20260830175903,0.000,1b60263,single,23,-1,data_mismatch,[Errno 104] Connection reset by peer,1,4000,2,12,42.85,171.4080,,,,3136,,768000,,,,c3_14q_stop1_warmup,0,,,,stop_campaign rep=-1,,1200,,,,,,,,,,,,,,200
c3_14q_stop1-c3-2-r0-1788333993,2026-09-02T00:26:33,c3,build_63329aaf_20260830175903,0.000,1b60263,single,2,0,data_mismatch,[Errno 104] Connection reset by peer,1,8192,2,3,11.71,95.9611,,,,624,,393216,,,,c3_14q_stop1,0,,,,stop_campaign rep=1,2_p0,2457,,,,,,,,,,,,,,200
c3_14q_stop1-c3-2-r0-1788333993,2026-09-02T00:26:33,c3,build_63329aaf_20260830175903,0.000,1b60263,single,2,0,data_mismatch,[Errno 104] Connection reset by peer,1,8192,2,3,11.71,95.9611,,,,624,,393216,,,,c3_14q_stop1,0,,,,stop_campaign rep=1,2_p0,2457,,,,,,,,,,,,,,200
c3_14q_stop1-c3-2-r0-1788334035,2026-09-02T00:27:15,c3,build_63329aaf_20260830175903,0.000,1b60263,single,2,0,ok,,1,8192,2,3,11.71,95.9611,331058068826983,331058098345688,29.518705,624,98560,393216,36,3015,1,c3_14q_stop1,0,1,0,0,stop_campaign rep=2,2_p0,2457,819,5980,18230,FIRED,2475,18,3,331058098259187,331058098259647,331058098282317,5465,10.93,0,200
c3_14q_stop1-c3-2-r0-1788334035,2026-09-02T00:27:15,c3,build_63329aaf_20260830175903,0.000,1b60263,single,2,0,ok,,1,8192,2,3,11.71,95.9611,331058583580281,331058680901434,97.321153,624,98560,393216,286,14068,1,c3_14q_stop1,0,1,0,0,stop_campaign rep=2,2_p0,0,,,,,,,,,,,,,,200
c3_14q_stop1-c3-2-r0-1788334036,2026-09-02T00:27:16,c3,build_63329aaf_20260830175903,0.000,1b60263,single,2,0,ok,,1,8192,2,3,11.71,95.9611,331059208028606,331059237614982,29.586376,624,98560,393216,52,3015,1,c3_14q_stop1,0,1,0,0,stop_campaign rep=1,2_p1,2457,819,5980,18260,FIRED,2474,17,3,331059237459921,331059237460451,331059237485941,44,0.088,0,200
c3_14q_stop1-c3-2-r0-1788334037,2026-09-02T00:27:17,c3,build_63329aaf_20260830175903,0.000,1b60263,single,2,0,ok,,1,8192,2,3,11.71,95.9611,331059751228969,331059848549153,97.320184,624,98560,393216,588,15432,1,c3_14q_stop1,0,1,0,0,stop_campaign rep=1,2_p1,0,,,,,,,,,,,,,,200
c3_14q_stop1-c3-2-r0-1788334037,2026-09-02T00:27:17,c3,build_63329aaf_20260830175903,0.000,1b60263,single,2,0,ok,,1,8192,2,3,11.71,95.9611,331060368383572,331060465702625,97.319053,624,98560,393216,122,13650,1,c3_14q_stop1,0,1,0,0,stop_campaign rep=1,2_p2,0,,,,,,,,,,,,,,200
c3_14q_stop1-c3-2-r0-1788334038,2026-09-02T00:27:18,c3,build_63329aaf_20260830175903,0.000,1b60263,single,2,0,ok,,1,8192,2,3,11.71,95.9611,331060971335122,331061000839577,29.504455,624,98560,393216,34,2798,1,c3_14q_stop1,0,1,0,0,stop_campaign rep=1,2_p2,2457,819,5980,18241,FIRED,2474,17,3,331061000754897,331061000755337,331061000778787,4879,9.758,0,200
c3_14q_stop1-c3-2-r0-1788334038,2026-09-02T00:27:18,c3,build_63329aaf_20260830175903,0.000,1b60263,single,2,0,ok,,1,8192,2,3,11.71,95.9611,331061553338763,331061582865369,29.526606,624,98560,393216,37,2666,1,c3_14q_stop1,0,1,0,0,stop_campaign rep=1,2_p3,2457,819,5980,18240,FIRED,2476,19,3,331061582784528,331061582784958,331061582808218,5329,10.658,0,200
c3_14q_stop1-c3-2-r0-1788334039,2026-09-02T00:27:19,c3,build_63329aaf_20260830175903,0.000,1b60263,single,2,0,ok,,1,8192,2,3,11.71,95.9611,331062095337884,331062192653227,97.315343,624,98560,393216,217,13579,1,c3_14q_stop1,0,1,0,0,stop_campaign rep=1,2_p3,0,,,,,,,,,,,,,,200
c3_14q_stop1-c3-2-r0-1788334039,2026-09-02T00:27:19,c3,build_63329aaf_20260830175903,0.000,1b60263,single,2,0,ok,,1,8192,2,3,11.71,95.9611,331062704858250,331062802177334,97.319084,624,98560,393216,415,14171,1,c3_14q_stop1,0,1,0,0,stop_campaign rep=1,2_p4,0,,,,,,,,,,,,,,200
c3_14q_stop1-c3-2-r0-1788334040,2026-09-02T00:27:20,c3,build_63329aaf_20260830175903,0.000,1b60263,single,2,0,ok,,1,8192,2,3,11.71,95.9611,331063316425547,331063346077193,29.651646,624,98560,393216,35,3136,1,c3_14q_stop1,0,1,0,0,stop_campaign rep=1,2_p4,2457,819,5980,18270,FIRED,2484,27,3,331063345967552,331063345968012,331063345994093,3991,7.982,0,200
c3_14q_stop1-c3-9-r0-1788334041,2026-09-02T00:27:21,c3,build_63329aaf_20260830175903,0.000,1b60263,single,9,0,ok,,1,128,2,6,21.10,2.7013,331063928539339,331063931353477,2.814138,1248,196864,12288,28,334,1,c3_14q_stop1,0,1,0,0,stop_campaign rep=1,9_p0,0,,,,,,,,,,,,,,200
c3_14q_stop1-c3-9-r0-1788334041,2026-09-02T00:27:21,c3,build_63329aaf_20260830175903,0.000,1b60263,single,9,0,ok,,1,128,2,6,21.10,2.7013,331064563426359,331064565219307,1.792948,1248,196864,12288,135,288,1,c3_14q_stop1,0,1,0,0,stop_campaign rep=1,9_p0,60,12,3550,18300,FIRED,78,18,5,331064565127376,331064565127836,331064565164296,10378,20.756,0,200
c3_14q_stop1-c3-9-r0-1788334042,2026-09-02T00:27:22,c3,build_63329aaf_20260830175903,0.000,1b60263,single,9,0,ok,,1,128,2,6,21.10,2.7013,331065188297728,331065190002086,1.704358,1248,196864,12288,34,152,1,c3_14q_stop1,0,1,0,0,stop_campaign rep=1,9_p1,60,12,3550,18331,FIRED,73,13,5,331065189900795,331065189901015,331065189939155,6884,13.768,0,200
c3_14q_stop1-c3-9-r0-1788334042,2026-09-02T00:27:22,c3,build_63329aaf_20260830175903,0.000,1b60263,single,9,0,ok,,1,128,2,6,21.10,2.7013,331065815990186,331065818791644,2.801458,1248,196864,12288,40,315,1,c3_14q_stop1,0,1,0,0,stop_campaign rep=1,9_p1,0,,,,,,,,,,,,,,200
c3_14q_stop1-c3-9-r0-1788334043,2026-09-02T00:27:23,c3,build_63329aaf_20260830175903,0.000,1b60263,single,9,0,ok,,1,128,2,6,21.10,2.7013,331066479990797,331066481795725,1.804928,1248,196864,12288,37,168,1,c3_14q_stop1,0,1,0,0,stop_campaign rep=1,9_p2,60,12,3550,18261,FIRED,78,18,5,331066481703145,331066481703365,331066481740035,6417,12.834,0,200
c3_14q_stop1-c3-9-r0-1788334044,2026-09-02T00:27:24,c3,build_63329aaf_20260830175903,0.000,1b60263,single,9,0,ok,,1,128,2,6,21.10,2.7013,331067060788166,331067063599954,2.811788,1248,196864,12288,40,361,1,c3_14q_stop1,0,1,0,0,stop_campaign rep=1,9_p2,0,,,,,,,,,,,,,,200
c3_14q_stop1-c3-9-r0-1788334044,2026-09-02T00:27:24,c3,build_63329aaf_20260830175903,0.000,1b60263,single,9,0,ok,,1,128,2,6,21.10,2.7013,331067691158341,331067693962979,2.804638,1248,196864,12288,32,328,1,c3_14q_stop1,0,1,0,0,stop_campaign rep=1,9_p3,0,,,,,,,,,,,,,,200
c3_14q_stop1-c3-9-r0-1788334045,2026-09-02T00:27:25,c3,build_63329aaf_20260830175903,0.000,1b60263,single,9,0,ok,,1,128,2,6,21.10,2.7013,331068362234903,331068363923290,1.688387,1248,196864,12288,39,154,1,c3_14q_stop1,0,1,0,0,stop_campaign rep=1,9_p3,60,12,3550,18270,FIRED,73,13,5,331068363830939,331068363831159,331068363866329,10494,20.988,0,200
c3_14q_stop1-c3-9-r0-1788334046,2026-09-02T00:27:26,c3,build_63329aaf_20260830175903,0.000,1b60263,single,9,0,ok,,1,128,2,6,21.10,2.7013,331068976902710,331068979704928,2.802218,1248,196864,12288,40,318,1,c3_14q_stop1,0,1,0,0,stop_campaign rep=1,9_p4,0,,,,,,,,,,,,,,200
c3_14q_stop1-c3-9-r0-1788334046,2026-09-02T00:27:26,c3,build_63329aaf_20260830175903,0.000,1b60263,single,9,0,ok,,1,128,2,6,21.10,2.7013,331069597304825,331069598884121,1.579296,1248,196864,12288,32,146,1,c3_14q_stop1,0,1,0,0,stop_campaign rep=1,9_p4,60,12,3550,18240,FIRED,68,8,5,331069598796100,331069598796560,331069598831851,9027,18.054,0,200
c3_14q_stop1-c3-10-r0-1788334047,2026-09-02T00:27:27,c3,build_63329aaf_20260830175903,0.000,1b60263,single,10,0,ok,,1,32,2,8,27.36,0.8756,331070287100344,331070287915193,0.814849,1664,262400,4096,37,78,1,c3_14q_stop1,0,1,0,0,stop_campaign rep=1,10_p0,12,3,12838,51801,FIRED,24,12,4,331070287816752,331070287817212,331070287858932,13669,27.338,0,200
c3_14q_stop1-c3-10-r0-1788334048,2026-09-02T00:27:28,c3,build_63329aaf_20260830175903,0.000,1b60263,single,10,0,ok,,1,32,2,8,27.36,0.8756,331070993505100,331070994498980,0.99388,1664,262400,4096,43,153,1,c3_14q_stop1,0,1,0,0,stop_campaign rep=1,10_p0,0,,,,,,,,,,,,,,200
c3_14q_stop1-c3-10-r0-1788334048,2026-09-02T00:27:28,c3,build_63329aaf_20260830175903,0.000,1b60263,single,10,0,ok,,1,32,2,8,27.36,0.8756,331071695616152,331071696518501,0.902349,1664,262400,4096,41,104,1,c3_14q_stop1,0,1,0,0,stop_campaign rep=1,10_p1,12,3,12838,55820,FIRED,24,12,4,331071696351419,331071696351879,331071696397350,4215,8.43,0,200
c3_14q_stop1-c3-10-r0-1788334049,2026-09-02T00:27:29,c3,build_63329aaf_20260830175903,0.000,1b60263,single,10,0,ok,,1,32,2,8,27.36,0.8756,331072417408471,331072418456991,1.04852,1664,262400,4096,30,133,1,c3_14q_stop1,0,1,0,0,stop_campaign rep=1,10_p1,0,,,,,,,,,,,,,,200
c3_14q_stop1-c3-10-r0-1788334050,2026-09-02T00:27:30,c3,build_63329aaf_20260830175903,0.000,1b60263,single,10,0,ok,,1,32,2,8,27.36,0.8756,331073115885397,331073116880647,0.99525,1664,262400,4096,44,150,1,c3_14q_stop1,0,1,0,0,stop_campaign rep=1,10_p2,0,,,,,,,,,,,,,,200
c3_14q_stop1-c3-10-r0-1788334050,2026-09-02T00:27:30,c3,build_63329aaf_20260830175903,0.000,1b60263,single,10,0,ok,,1,32,2,8,27.36,0.8756,331073814505894,331073815165191,0.659297,1664,262400,4096,29,67,1,c3_14q_stop1,0,1,0,0,stop_campaign rep=1,10_p2,12,3,12838,51830,FIRED,18,6,4,331073815083430,331073815083660,331073815112830,471,0.942,0,200
c3_14q_stop1-c3-10-r0-1788334051,2026-09-02T00:27:31,c3,build_63329aaf_20260830175903,0.000,1b60263,single,10,0,ok,,1,32,2,8,27.36,0.8756,331074520477755,331074521454305,0.97655,1664,262400,4096,28,107,1,c3_14q_stop1,0,1,0,0,stop_campaign rep=1,10_p3,0,,,,,,,,,,,,,,200
c3_14q_stop1-c3-10-r0-1788334052,2026-09-02T00:27:32,c3,build_63329aaf_20260830175903,0.000,1b60263,single,10,0,ok,,1,32,2,8,27.36,0.8756,331075233335585,331075234076882,0.741297,1664,262400,4096,43,49,1,c3_14q_stop1,0,1,0,0,stop_campaign rep=1,10_p3,12,3,12838,51911,FIRED,21,9,4,331075233973981,331075233974401,331075234020451,11292,22.584,0,200
c3_14q_stop1-c3-10-r0-1788334053,2026-09-02T00:27:33,c3,build_63329aaf_20260830175903,0.000,1b60263,single,10,0,ok,,1,32,2,8,27.36,0.8756,331075936478257,331075937458937,0.98068,1664,262400,4096,44,106,1,c3_14q_stop1,0,1,0,0,stop_campaign rep=1,10_p4,0,,,,,,,,,,,,,,200
c3_14q_stop1-c3-10-r0-1788334053,2026-09-02T00:27:33,c3,build_63329aaf_20260830175903,0.000,1b60263,single,10,0,ok,,1,32,2,8,27.36,0.8756,331076638856752,331076639509008,0.652256,1664,262400,4096,27,58,1,c3_14q_stop1,0,1,0,0,stop_campaign rep=1,10_p4,12,3,12838,51851,FIRED,18,6,4,331076639423578,331076639424008,331076639450388,5896,11.792,0,200
c3_14q_stop1-c3-19-r0-1788334054,2026-09-02T00:27:34,c3,build_63329aaf_20260830175903,0.000,1b60263,single,19,0,ok,,1,4096,2,14,46.42,190.1199,331077549911244,331077608519150,58.607906,3968,458752,917504,225,5691,1,c3_14q_stop1,0,1,0,0,stop_campaign rep=1,19_p0,1227,409,839658,2693207,FIRED,1253,26,3,331077608403729,331077608404159,331077608441189,2570,5.14,0,200
c3_14q_stop1-c3-19-r0-1788334055,2026-09-02T00:27:35,c3,build_63329aaf_20260830175903,0.000,1b60263,single,19,0,ok,,1,4096,2,14,46.42,190.1199,331078545845885,331078736762754,190.916869,3968,458752,917504,339,30174,1,c3_14q_stop1,0,1,0,0,stop_campaign rep=1,19_p0,0,,,,,,,,,,,,,,200
c3_14q_stop1-c3-19-r0-1788334056,2026-09-02T00:27:36,c3,build_63329aaf_20260830175903,0.000,1b60263,single,19,0,ok,,1,4096,2,14,46.42,190.1199,331079672237560,331079730683665,58.446105,3968,458752,917504,100,5793,1,c3_14q_stop1,0,1,0,0,stop_campaign rep=1,19_p1,1227,409,839658,2692307,FIRED,1250,23,3,331079730588714,331079730589394,331079730611894,3182,6.364,0,200
c3_14q_stop1-c3-19-r0-1788334057,2026-09-02T00:27:37,c3,build_63329aaf_20260830175903,0.000,1b60263,single,19,0,ok,,1,4096,2,14,46.42,190.1199,331080623984719,331080814912739,190.92802,3968,458752,917504,705,31712,1,c3_14q_stop1,0,1,0,0,stop_campaign rep=1,19_p1,0,,,,,,,,,,,,,,200
c3_14q_stop1-c3-19-r0-1788334058,2026-09-02T00:27:38,c3,build_63329aaf_20260830175903,0.000,1b60263,single,19,0,ok,,1,4096,2,14,46.42,190.1199,331081701918030,331081760323005,58.404975,3968,458752,917504,69,5733,1,c3_14q_stop1,0,1,0,0,stop_campaign rep=1,19_p2,1227,409,839658,2692516,FIRED,1249,22,3,331081760213773,331081760214244,331081760248674,7741,15.482,0,200
c3_14q_stop1-c3-19-r0-1788334059,2026-09-02T00:27:39,c3,build_63329aaf_20260830175903,0.000,1b60263,single,19,0,ok,,1,4096,2,14,46.42,190.1199,331082714968593,331082905887582,190.918989,3968,458752,917504,833,31312,1,c3_14q_stop1,0,1,0,0,stop_campaign rep=1,19_p2,0,,,,,,,,,,,,,,200
c3_14q_stop1-c3-19-r0-1788334060,2026-09-02T00:27:40,c3,build_63329aaf_20260830175903,0.000,1b60263,single,19,0,ok,,1,4096,2,14,46.42,190.1199,331083788406149,331083979326578,190.920429,3968,458752,917504,565,30995,1,c3_14q_stop1,0,1,0,0,stop_campaign rep=1,19_p3,0,,,,,,,,,,,,,,200
c3_14q_stop1-c3-19-r0-1788334061,2026-09-02T00:27:41,c3,build_63329aaf_20260830175903,0.000,1b60263,single,19,0,ok,,1,4096,2,14,46.42,190.1199,331084878514421,331084936923036,58.408615,3968,458752,917504,91,5739,1,c3_14q_stop1,0,1,0,0,stop_campaign rep=1,19_p3,1227,409,839658,2692077,FIRED,1249,22,3,331084936814534,331084936815164,331084936849595,5493,10.986,0,200
c3_14q_stop1-c3-19-r0-1788334062,2026-09-02T00:27:42,c3,build_63329aaf_20260830175903,0.000,1b60263,single,19,0,ok,,1,4096,2,14,46.42,190.1199,331085852078739,331086042998968,190.920229,3968,458752,917504,48,26429,1,c3_14q_stop1,0,1,0,0,stop_campaign rep=1,19_p4,0,,,,,,,,,,,,,,200
c3_14q_stop1-c3-19-r0-1788334063,2026-09-02T00:27:43,c3,build_63329aaf_20260830175903,0.000,1b60263,single,19,0,ok,,1,4096,2,14,46.42,190.1199,331087033338663,331087091694217,58.355554,3968,458752,917504,40,5354,1,c3_14q_stop1,0,1,0,0,stop_campaign rep=1,19_p4,1227,409,839658,2693007,FIRED,1248,21,3,331087091596696,331087091597176,331087091618966,3305,6.61,0,200
c3_14q_stop1-c3-22-r0-1788334064,2026-09-02T00:27:44,c3,build_63329aaf_20260830175903,0.000,1b60263,single,22,0,ok,,1,400,2,14,50.12,20.0496,331087974703108,331087994982031,20.278923,4192,458752,89600,49,2808,1,c3_14q_stop1,0,1,0,0,stop_campaign rep=1,22_p0,0,,,,,,,,,,,,,,200
c3_14q_stop1-c3-22-r0-1788334065,2026-09-02T00:27:45,c3,build_63329aaf_20260830175903,0.000,1b60263,single,22,0,ok,,1,400,2,14,50.12,20.0496,331088965729530,331088973202495,7.472965,4192,458752,89600,37,533,1,c3_14q_stop1,0,1,0,0,stop_campaign rep=1,22_p0,120,40,823382,2643887,FIRED,144,24,3,331088973109194,331088973109514,331088973135484,1536,3.072,0,200
c3_14q_stop1-c3-22-r0-1788334066,2026-09-02T00:27:46,c3,build_63329aaf_20260830175903,0.000,1b60263,single,22,0,ok,,1,400,2,14,50.12,20.0496,331089847648270,331089867927443,20.279173,4192,458752,89600,29,2831,1,c3_14q_stop1,0,1,0,0,stop_campaign rep=1,22_p1,0,,,,,,,,,,,,,,200
c3_14q_stop1-c3-22-r0-1788334067,2026-09-02T00:27:47,c3,build_63329aaf_20260830175903,0.000,1b60263,single,22,0,ok,,1,400,2,14,50.12,20.0496,331090812420790,331090819916335,7.495545,4192,458752,89600,58,605,1,c3_14q_stop1,0,1,0,0,stop_campaign rep=1,22_p1,120,40,823382,2643545,FIRED,144,24,3,331090819793493,331090819794243,331090819820654,5162,10.324,0,200
c3_14q_stop1-c3-22-r0-1788334068,2026-09-02T00:27:48,c3,build_63329aaf_20260830175903,0.000,1b60263,single,22,0,ok,,1,400,2,14,50.12,20.0496,331091778904666,331091786374071,7.469405,4192,458752,89600,37,542,1,c3_14q_stop1,0,1,0,0,stop_campaign rep=1,22_p2,120,40,823382,2642127,FIRED,144,24,3,331091786283020,331091786283580,331091786308560,2320,4.64,0,200
c3_14q_stop1-c3-22-r0-1788334069,2026-09-02T00:27:49,c3,build_63329aaf_20260830175903,0.000,1b60263,single,22,0,ok,,1,400,2,14,50.12,20.0496,331092709328822,331092729604465,20.275643,4192,458752,89600,34,2863,1,c3_14q_stop1,0,1,0,0,stop_campaign rep=1,22_p2,0,,,,,,,,,,,,,,200
c3_14q_stop1-c3-22-r0-1788334070,2026-09-02T00:27:50,c3,build_63329aaf_20260830175903,0.000,1b60263,single,22,0,ok,,1,400,2,14,50.12,20.0496,331093683915679,331093691454865,7.539186,4192,458752,89600,35,558,1,c3_14q_stop1,0,1,0,0,stop_campaign rep=1,22_p3,120,40,823382,2642167,FIRED,145,25,3,331093691300973,331093691301293,331093691395924,24143,48.286,0,200
c3_14q_stop1-c3-22-r0-1788334071,2026-09-02T00:27:51,c3,build_63329aaf_20260830175903,0.000,1b60263,single,22,0,ok,,1,400,2,14,50.12,20.0496,331094581985381,331094602263914,20.278533,4192,458752,89600,33,2810,1,c3_14q_stop1,0,1,0,0,stop_campaign rep=1,22_p3,0,,,,,,,,,,,,,,200
c3_14q_stop1-c3-22-r0-1788334072,2026-09-02T00:27:52,c3,build_63329aaf_20260830175903,0.000,1b60263,single,22,0,ok,,1,400,2,14,50.12,20.0496,331095514652599,331095522106494,7.453895,4192,458752,89600,35,567,1,c3_14q_stop1,0,1,0,0,stop_campaign rep=1,22_p4,120,40,823382,2642547,FIRED,143,23,3,331095521947102,331095521947642,331095522051483,19229,38.458,0,200
c3_14q_stop1-c3-22-r0-1788334073,2026-09-02T00:27:53,c3,build_63329aaf_20260830175903,0.000,1b60263,single,22,0,ok,,1,400,2,14,50.12,20.0496,331096433277067,331096453552310,20.275243,4192,458752,89600,39,2550,1,c3_14q_stop1,0,1,0,0,stop_campaign rep=1,22_p4,0,,,,,,,,,,,,,,200
c3_14q_stop1-c3-23-r0-1788334074,2026-09-02T00:27:54,c3,build_63329aaf_20260830175903,0.000,1b60263,single,23,0,ok,,1,4000,2,12,42.85,171.4080,331097271757033,331097443932605,172.175572,3136,393472,768000,490,27830,1,c3_14q_stop1,0,1,0,0,stop_campaign rep=1,23_p0,0,,,,,,,,,,,,,,200
c3_14q_stop1-c3-23-r0-1788334075,2026-09-02T00:27:55,c3,build_63329aaf_20260830175903,0.000,1b60263,single,23,0,ok,,1,4000,2,12,42.85,171.4080,331098280832025,331098333010137,52.178112,3136,393472,768000,68,4785,1,c3_14q_stop1,0,1,0,0,stop_campaign rep=1,23_p0,1200,400,218474,827868,FIRED,1208,8,3,331098332895956,331098332896356,331098332932617,9132,18.264,0,200
c3_14q_stop1-c3-23-r0-1788334076,2026-09-02T00:27:56,c3,build_63329aaf_20260830175903,0.000,1b60263,single,23,0,ok,,1,4000,2,12,42.85,171.4080,331099172918248,331099225288281,52.370033,3136,393472,768000,51,4729,1,c3_14q_stop1,0,1,0,0,stop_campaign rep=1,23_p1,1200,400,218474,827438,FIRED,1213,13,3,331099225198501,331099225198821,331099225221901,8446,16.892,0,200
c3_14q_stop1-c3-23-r0-1788334076,2026-09-02T00:27:56,c3,build_63329aaf_20260830175903,0.000,1b60263,single,23,0,ok,,1,4000,2,12,42.85,171.4080,331100024217052,331100196395124,172.178072,3136,393472,768000,655,38882,1,c3_14q_stop1,0,1,0,0,stop_campaign rep=1,23_p1,0,,,,,,,,,,,,,,200
c3_14q_stop1-c3-23-r0-1788334077,2026-09-02T00:27:57,c3,build_63329aaf_20260830175903,0.000,1b60263,single,23,0,ok,,1,4000,2,12,42.85,171.4080,331101006206993,331101178382565,172.175572,3136,393472,768000,685,32859,1,c3_14q_stop1,0,1,0,0,stop_campaign rep=1,23_p2,0,,,,,,,,,,,,,,200
c3_14q_stop1-c3-23-r0-1788334078,2026-09-02T00:27:58,c3,build_63329aaf_20260830175903,0.000,1b60263,single,23,0,ok,,1,4000,2,12,42.85,171.4080,331102067982563,331102120209015,52.226452,3136,393472,768000,171,6059,1,c3_14q_stop1,0,1,0,0,stop_campaign rep=1,23_p2,1200,400,218474,842817,FIRED,1210,10,3,331102120120734,331102120121064,331102120149695,12021,24.042,0,200
c3_14q_stop1-c3-23-r0-1788334079,2026-09-02T00:27:59,c3,build_63329aaf_20260830175903,0.000,1b60263,single,23,0,ok,,1,4000,2,12,42.85,171.4080,331102976595220,331103148774492,172.179272,3136,393472,768000,341,27195,1,c3_14q_stop1,0,1,0,0,stop_campaign rep=1,23_p3,0,,,,,,,,,,,,,,200
c3_14q_stop1-c3-23-r0-1788334080,2026-09-02T00:28:00,c3,build_63329aaf_20260830175903,0.000,1b60263,single,23,0,ok,,1,4000,2,12,42.85,171.4080,331103996240418,331104048399140,52.158722,3136,393472,768000,42,4657,1,c3_14q_stop1,0,1,0,0,stop_campaign rep=1,23_p3,1200,400,218474,828718,FIRED,1208,8,3,331104048299009,331104048299459,331104048333029,11791,23.582,0,200
c3_14q_stop1-c3-23-r0-1788334081,2026-09-02T00:28:01,c3,build_63329aaf_20260830175903,0.000,1b60263,single,23,0,ok,,1,4000,2,12,42.85,171.4080,331104883625864,331104936057938,52.432074,3136,393472,768000,46,4679,1,c3_14q_stop1,0,1,0,0,stop_campaign rep=1,23_p4,1200,400,218474,829518,FIRED,1213,13,3,331104935919997,331104935920347,331104935955117,1548,3.096,0,200
c3_14q_stop1-c3-23-r0-1788334082,2026-09-02T00:28:02,c3,build_63329aaf_20260830175903,0.000,1b60263,single,23,0,ok,,1,4000,2,12,42.85,171.4080,331105733092340,331105905262302,172.169962,3136,393472,768000,701,28648,1,c3_14q_stop1,0,1,0,0,stop_campaign rep=1,23_p4,0,,,,,,,,,,,,,,200
c3_14q_stop_poll0_warmup-c3-2-r-1-1788334084,2026-09-02T00:28:04,c3,build_63329aaf_20260830175903,0.000,1b60263,single,2,-1,data_mismatch,[Errno 104] Connection reset by peer,1,8192,2,3,11.71,95.9611,,,,624,,393216,,,,c3_14q_stop_poll0_warmup,0,,,,stop_campaign rep=-1,,0,,,,,,,,,,,,,,0
c3_14q_stop_poll0_warmup-c3-2-r-1-1788334085,2026-09-02T00:28:05,c3,build_63329aaf_20260830175903,0.000,1b60263,single,2,-1,data_mismatch,[Errno 104] Connection reset by peer,1,8192,2,3,11.71,95.9611,,,,624,,393216,,,,c3_14q_stop_poll0_warmup,0,,,,stop_campaign rep=-1,,2457,,,,,,,,,,,,,,0
c3_14q_stop_poll0_warmup-c3-10-r-1-1788334085,2026-09-02T00:28:05,c3,build_63329aaf_20260830175903,0.000,1b60263,single,10,-1,data_mismatch,[Errno 104] Connection reset by peer,1,32,2,8,27.36,0.8756,,,,1664,,4096,,,,c3_14q_stop_poll0_warmup,0,,,,stop_campaign rep=-1,,0,,,,,,,,,,,,,,0
c3_14q_stop_poll0_warmup-c3-10-r-1-1788334086,2026-09-02T00:28:06,c3,build_63329aaf_20260830175903,0.000,1b60263,single,10,-1,data_mismatch,[Errno 104] Connection reset by peer,1,32,2,8,27.36,0.8756,,,,1664,,4096,,,,c3_14q_stop_poll0_warmup,0,,,,stop_campaign rep=-1,,12,,,,,,,,,,,,,,0
c3_14q_stop_poll0-c3-2-r0-1788334086,2026-09-02T00:28:06,c3,build_63329aaf_20260830175903,0.000,1b60263,single,2,0,data_mismatch,[Errno 104] Connection reset by peer,1,8192,2,3,11.71,95.9611,,,,624,,393216,,,,c3_14q_stop_poll0,0,,,,stop_campaign rep=1,2_p0,2457,,,,,,,,,,,,,,0
c3_14q_stop_poll0-c3-2-r0-1788334086,2026-09-02T00:28:06,c3,build_63329aaf_20260830175903,0.000,1b60263,single,2,0,data_mismatch,[Errno 104] Connection reset by peer,1,8192,2,3,11.71,95.9611,,,,624,,393216,,,,c3_14q_stop_poll0,0,,,,stop_campaign rep=1,2_p0,2457,,,,,,,,,,,,,,0
c3_14q_stop_poll0-c3-2-r0-1788334128,2026-09-02T00:28:48,c3,build_63329aaf_20260830175903,0.000,1b60263,single,2,0,ok,,1,8192,2,3,11.71,95.9611,331151244773327,331151274418904,29.645577,624,98560,393216,47,2841,1,c3_14q_stop_poll0,0,1,0,0,stop_campaign rep=2,2_p0,2457,819,5980,18200,FIRED,2485,28,3,331151274329203,331151274329423,331151274353833,3054,6.108,0,0
c3_14q_stop_poll0-c3-2-r0-1788334129,2026-09-02T00:28:49,c3,build_63329aaf_20260830175903,0.000,1b60263,single,2,0,ok,,1,8192,2,3,11.71,95.9611,331151757170272,331151854501296,97.331024,624,98560,393216,529,14999,1,c3_14q_stop_poll0,0,1,0,0,stop_campaign rep=2,2_p0,0,,,,,,,,,,,,,,0
c3_14q_stop_poll0-c3-2-r0-1788334129,2026-09-02T00:28:49,c3,build_63329aaf_20260830175903,0.000,1b60263,single,2,0,ok,,1,8192,2,3,11.71,95.9611,331152374037692,331152404396255,30.358563,624,98560,393216,81,3244,1,c3_14q_stop_poll0,0,1,0,0,stop_campaign rep=1,2_p1,2457,819,5980,18350,FIRED,2485,28,3,331152403594337,331152403594757,331152403624608,2628,5.256,0,0
c3_14q_stop_poll0-c3-2-r0-1788334130,2026-09-02T00:28:50,c3,build_63329aaf_20260830175903,0.000,1b60263,single,2,0,ok,,1,8192,2,3,11.71,95.9611,331152866114353,331152963436717,97.322364,624,98560,393216,326,14271,1,c3_14q_stop_poll0,0,1,0,0,stop_campaign rep=1,2_p1,0,,,,,,,,,,,,,,0
c3_14q_stop_poll0-c3-2-r0-1788334130,2026-09-02T00:28:50,c3,build_63329aaf_20260830175903,0.000,1b60263,single,2,0,ok,,1,8192,2,3,11.71,95.9611,331153427855152,331153525192675,97.337523,624,98560,393216,696,14690,1,c3_14q_stop_poll0,0,1,0,0,stop_campaign rep=1,2_p2,0,,,,,,,,,,,,,,0
c3_14q_stop_poll0-c3-2-r0-1788334131,2026-09-02T00:28:51,c3,build_63329aaf_20260830175903,0.000,1b60263,single,2,0,ok,,1,8192,2,3,11.71,95.9611,331154074377968,331154103999654,29.621686,624,98560,393216,33,2911,1,c3_14q_stop_poll0,0,1,0,0,stop_campaign rep=1,2_p2,2457,819,5980,18220,FIRED,2484,27,3,331154103916483,331154103916693,331154103940544,5751,11.502,0,0
c3_14q_stop_poll0-c3-2-r0-1788334131,2026-09-02T00:28:51,c3,build_63329aaf_20260830175903,0.000,1b60263,single,2,0,ok,,1,8192,2,3,11.71,95.9611,331154610089506,331154639726192,29.636686,624,98560,393216,37,2697,1,c3_14q_stop_poll0,0,1,0,0,stop_campaign rep=1,2_p3,2457,819,5980,18220,FIRED,2485,28,3,331154639642961,331154639643391,331154639666982,4248,8.496,0,0
c3_14q_stop_poll0-c3-2-r0-1788334132,2026-09-02T00:28:52,c3,build_63329aaf_20260830175903,0.000,1b60263,single,2,0,ok,,1,8192,2,3,11.71,95.9611,331155096986056,331155194300439,97.314383,624,98560,393216,218,13862,1,c3_14q_stop_poll0,0,1,0,0,stop_campaign rep=1,2_p3,0,,,,,,,,,,,,,,0
c3_14q_stop_poll0-c3-2-r0-1788334132,2026-09-02T00:28:52,c3,build_63329aaf_20260830175903,0.000,1b60263,single,2,0,ok,,1,8192,2,3,11.71,95.9611,331155664341930,331155761655103,97.313173,624,98560,393216,1145,15057,1,c3_14q_stop_poll0,0,1,0,0,stop_campaign rep=1,2_p4,0,,,,,,,,,,,,,,0
c3_14q_stop_poll0-c3-2-r0-1788334133,2026-09-02T00:28:53,c3,build_63329aaf_20260830175903,0.000,1b60263,single,2,0,ok,,1,8192,2,3,11.71,95.9611,331156265469082,331156295110069,29.640987,624,98560,393216,35,2915,1,c3_14q_stop_poll0,0,1,0,0,stop_campaign rep=1,2_p4,2457,819,5980,18200,FIRED,2485,28,3,331156295022988,331156295023418,331156295047488,3951,7.902,0,0
c3_14q_stop_poll0-c3-10-r0-1788334134,2026-09-02T00:28:54,c3,build_63329aaf_20260830175903,0.000,1b60263,single,10,0,ok,,1,32,2,8,27.36,0.8756,331156931204791,331156931766846,0.562055,1664,262400,4096,29,66,1,c3_14q_stop_poll0,0,1,0,0,stop_campaign rep=1,10_p0,12,3,12838,51760,FIRED,15,3,4,331156931681315,331156931681525,331156931713046,9795,19.59,0,0
c3_14q_stop_poll0-c3-10-r0-1788334134,2026-09-02T00:28:54,c3,build_63329aaf_20260830175903,0.000,1b60263,single,10,0,ok,,1,32,2,8,27.36,0.8756,331157620296233,331157621278312,0.982079,1664,262400,4096,48,152,1,c3_14q_stop_poll0,0,1,0,0,stop_campaign rep=1,10_p0,0,,,,,,,,,,,,,,0
c3_14q_stop_poll0-c3-10-r0-1788334135,2026-09-02T00:28:55,c3,build_63329aaf_20260830175903,0.000,1b60263,single,10,0,ok,,1,32,2,8,27.36,0.8756,331158318718648,331158319277224,0.558576,1664,262400,4096,25,70,1,c3_14q_stop_poll0,0,1,0,0,stop_campaign rep=1,10_p1,12,3,12838,51841,FIRED,15,3,4,331158319193473,331158319193703,331158319221033,10595,21.19,0,0
c3_14q_stop_poll0-c3-10-r0-1788334136,2026-09-02T00:28:56,c3,build_63329aaf_20260830175903,0.000,1b60263,single,10,0,ok,,1,32,2,8,27.36,0.8756,331159003307765,331159004282495,0.97473,1664,262400,4096,30,147,1,c3_14q_stop_poll0,0,1,0,0,stop_campaign rep=1,10_p1,0,,,,,,,,,,,,,,0
c3_14q_stop_poll0-c3-10-r0-1788334136,2026-09-02T00:28:56,c3,build_63329aaf_20260830175903,0.000,1b60263,single,10,0,ok,,1,32,2,8,27.36,0.8756,331159691618899,331159692600639,0.98174,1664,262400,4096,28,172,1,c3_14q_stop_poll0,0,1,0,0,stop_campaign rep=1,10_p2,0,,,,,,,,,,,,,,0
c3_14q_stop_poll0-c3-10-r0-1788334137,2026-09-02T00:28:57,c3,build_63329aaf_20260830175903,0.000,1b60263,single,10,0,ok,,1,32,2,8,27.36,0.8756,331160388898053,331160389586900,0.688847,1664,262400,4096,44,51,1,c3_14q_stop_poll0,0,1,0,0,stop_campaign rep=1,10_p2,12,3,12838,51870,FIRED,18,6,4,331160389466999,331160389467579,331160389515029,4785,9.57,0,0
c3_14q_stop_poll0-c3-10-r0-1788334138,2026-09-02T00:28:58,c3,build_63329aaf_20260830175903,0.000,1b60263,single,10,0,ok,,1,32,2,8,27.36,0.8756,331161083969115,331161084945045,0.97593,1664,262400,4096,29,114,1,c3_14q_stop_poll0,0,1,0,0,stop_campaign rep=1,10_p3,0,,,,,,,,,,,,,,0
c3_14q_stop_poll0-c3-10-r0-1788334138,2026-09-02T00:28:58,c3,build_63329aaf_20260830175903,0.000,1b60263,single,10,0,ok,,1,32,2,8,27.36,0.8756,331161787032506,331161787700203,0.667697,1664,262400,4096,26,62,1,c3_14q_stop_poll0,0,1,0,0,stop_campaign rep=1,10_p3,12,3,12838,51840,FIRED,19,7,4,331161787613722,331161787614182,331161787642883,12413,24.826,0,0
c3_14q_stop_poll0-c3-10-r0-1788334139,2026-09-02T00:28:59,c3,build_63329aaf_20260830175903,0.000,1b60263,single,10,0,ok,,1,32,2,8,27.36,0.8756,331162482171109,331162483153869,0.98276,1664,262400,4096,44,157,1,c3_14q_stop_poll0,0,1,0,0,stop_campaign rep=1,10_p4,0,,,,,,,,,,,,,,0
c3_14q_stop_poll0-c3-10-r0-1788334140,2026-09-02T00:29:00,c3,build_63329aaf_20260830175903,0.000,1b60263,single,10,0,ok,,1,32,2,8,27.36,0.8756,331163177267101,331163177909167,0.642066,1664,262400,4096,25,66,1,c3_14q_stop_poll0,0,1,0,0,stop_campaign rep=1,10_p4,12,3,12838,51872,FIRED,18,6,4,331163177825237,331163177825657,331163177851907,10264,20.528,0,0
c3_14q_stop_poll0b_warmup-c3-2-r-1-1788337347,2026-09-02T01:22:27,c3,build_63329aaf_20260830175903,0.000,fcefa3b,single,2,-1,data_mismatch,[Errno 104] Connection reset by peer,1,8192,2,3,11.71,95.9611,,,,624,,393216,,,,c3_14q_stop_poll0b_warmup,0,,,,stop_campaign rep=-1,,0,,,,,,,,,,,,,,0
c3_14q_stop_poll0b_warmup-c3-2-r-1-1788337347,2026-09-02T01:22:27,c3,build_63329aaf_20260830175903,0.000,fcefa3b,single,2,-1,data_mismatch,[Errno 104] Connection reset by peer,1,8192,2,3,11.71,95.9611,,,,624,,393216,,,,c3_14q_stop_poll0b_warmup,0,,,,stop_campaign rep=-1,,2457,,,,,,,,,,,,,,0
c3_14q_stop_poll0b_warmup-c3-10-r-1-1788337348,2026-09-02T01:22:28,c3,build_63329aaf_20260830175903,0.000,fcefa3b,single,10,-1,data_mismatch,[Errno 104] Connection reset by peer,1,32,2,8,27.36,0.8756,,,,1664,,4096,,,,c3_14q_stop_poll0b_warmup,0,,,,stop_campaign rep=-1,,0,,,,,,,,,,,,,,0
c3_14q_stop_poll0b_warmup-c3-10-r-1-1788337348,2026-09-02T01:22:28,c3,build_63329aaf_20260830175903,0.000,fcefa3b,single,10,-1,data_mismatch,[Errno 104] Connection reset by peer,1,32,2,8,27.36,0.8756,,,,1664,,4096,,,,c3_14q_stop_poll0b_warmup,0,,,,stop_campaign rep=-1,,12,,,,,,,,,,,,,,0
c3_14q_stop_poll0b-c3-2-r0-1788337349,2026-09-02T01:22:29,c3,build_63329aaf_20260830175903,0.000,fcefa3b,single,2,0,data_mismatch,[Errno 104] Connection reset by peer,1,8192,2,3,11.71,95.9611,,,,624,,393216,,,,c3_14q_stop_poll0b,0,,,,stop_campaign rep=1,2_p0,2457,,,,,,,,,,,,,,0
c3_14q_stop_poll0b-c3-2-r0-1788337349,2026-09-02T01:22:29,c3,build_63329aaf_20260830175903,0.000,fcefa3b,single,2,0,data_mismatch,[Errno 104] Connection reset by peer,1,8192,2,3,11.71,95.9611,,,,624,,393216,,,,c3_14q_stop_poll0b,0,,,,stop_campaign rep=1,2_p0,2457,,,,,,,,,,,,,,0
c3_14q_stop_poll0b-c3-2-r0-1788337394,2026-09-02T01:23:14,c3,build_63329aaf_20260830175903,0.000,fcefa3b,single,2,0,data_mismatch,[Errno 104] Connection reset by peer,1,8192,2,3,11.71,95.9611,,,,624,,393216,,,,c3_14q_stop_poll0b,0,,,,stop_campaign rep=2,2_p0,2457,,,,,,,,,,,,,,0
c3_14q_stop_poll0b-c3-2-r0-1788337395,2026-09-02T01:23:15,c3,build_63329aaf_20260830175903,0.000,fcefa3b,single,2,0,data_mismatch,[Errno 104] Connection reset by peer,1,8192,2,3,11.71,95.9611,,,,624,,393216,,,,c3_14q_stop_poll0b,0,,,,stop_campaign rep=2,2_p0,2457,,,,,,,,,,,,,,0
c3_14q_stop_poll0b-c3-2-r0-1788337440,2026-09-02T01:24:00,c3,build_63329aaf_20260830175903,0.000,fcefa3b,single,2,0,data_mismatch,[Errno 104] Connection reset by peer,1,8192,2,3,11.71,95.9611,,,,624,,393216,,,,c3_14q_stop_poll0b,0,,,,stop_campaign rep=3,2_p0,2457,,,,,,,,,,,,,,0
c3_14q_stop_poll0b-c3-2-r0-1788337440,2026-09-02T01:24:00,c3,build_63329aaf_20260830175903,0.000,fcefa3b,single,2,0,data_mismatch,[Errno 104] Connection reset by peer,1,8192,2,3,11.71,95.9611,,,,624,,393216,,,,c3_14q_stop_poll0b,0,,,,stop_campaign rep=3,2_p0,2457,,,,,,,,,,,,,,0
c3_14q_stop_poll0d_warmup-c3-2-r-1-1788337678,2026-09-02T01:27:58,c3,build_63329aaf_20260830175903,0.000,5d88c40,single,2,-1,ok,,1,8192,2,3,11.71,95.9611,334700942721912,334701040042196,97.320284,624,98560,393216,339,14062,1,c3_14q_stop_poll0d_warmup,0,1,0,0,stop_campaign rep=-1,,0,,,,,,,,,,,,,,0
c3_14q_stop_poll0d_warmup-c3-2-r-1-1788337678,2026-09-02T01:27:58,c3,build_63329aaf_20260830175903,0.000,5d88c40,single,2,-1,ok,,1,8192,2,3,11.71,95.9611,334701610913215,334701640395320,29.482105,624,98560,393216,36,4074,1,c3_14q_stop_poll0d_warmup,0,1,0,0,stop_campaign rep=-1,,2457,819,5980,18310,FIRED,2468,11,3,334701640262939,334701640263369,334701640285709,5115,10.23,0,0
c3_14q_stop_poll0d_warmup-c3-10-r-1-1788337679,2026-09-02T01:27:59,c3,build_63329aaf_20260830175903,0.000,5d88c40,single,10,-1,ok,,1,32,2,8,27.36,0.8756,334702375900186,334702376883116,0.98293,1664,262400,4096,27,151,1,c3_14q_stop_poll0d_warmup,0,1,0,0,stop_campaign rep=-1,,0,,,,,,,,,,,,,,0
c3_14q_stop_poll0d_warmup-c3-10-r-1-1788337680,2026-09-02T01:28:00,c3,build_63329aaf_20260830175903,0.000,5d88c40,single,10,-1,ok,,1,32,2,8,27.36,0.8756,334703148199810,334703148762056,0.562246,1664,262400,4096,26,64,1,c3_14q_stop_poll0d_warmup,0,1,0,0,stop_campaign rep=-1,,12,3,12838,51770,FIRED,14,2,4,334703148667805,334703148668265,334703148682375,120,0.24,0,0
c3_14q_stop_poll0d-c3-2-r0-1788337680,2026-09-02T01:28:00,c3,build_63329aaf_20260830175903,0.000,5d88c40,single,2,0,ok,,1,8192,2,3,11.71,95.9611,334703717752027,334703747232482,29.480455,624,98560,393216,30,4004,1,c3_14q_stop_poll0d,0,1,0,0,stop_campaign rep=1,2_p0,2457,819,5980,18240,FIRED,2467,10,3,334703747094900,334703747095330,334703747118041,2444,4.888,0,0
c3_14q_stop_poll0d-c3-2-r0-1788337681,2026-09-02T01:28:01,c3,build_63329aaf_20260830175903,0.000,5d88c40,single,2,0,ok,,1,8192,2,3,11.71,95.9611,334704278711187,334704376420435,97.709248,624,98560,393216,328,14062,1,c3_14q_stop_poll0d,0,1,0,0,stop_campaign rep=1,2_p0,0,,,,,,,,,,,,,,0
c3_14q_stop_poll0d-c3-2-r0-1788337682,2026-09-02T01:28:02,c3,build_63329aaf_20260830175903,0.000,5d88c40,single,2,0,ok,,1,8192,2,3,11.71,95.9611,334704938741099,334704968218623,29.477524,624,98560,393216,25,3933,1,c3_14q_stop_poll0d,0,1,0,0,stop_campaign rep=1,2_p1,2457,819,5980,18260,FIRED,2467,10,3,334704968088272,334704968088722,334704968111332,451,0.902,0,0
c3_14q_stop_poll0d-c3-2-r0-1788337682,2026-09-02T01:28:02,c3,build_63329aaf_20260830175903,0.000,5d88c40,single,2,0,ok,,1,8192,2,3,11.71,95.9611,334705437616998,334705534944702,97.327704,624,98560,393216,76,13581,1,c3_14q_stop_poll0d,0,1,0,0,stop_campaign rep=1,2_p1,0,,,,,,,,,,,,,,0
c3_14q_stop_poll0d-c3-2-r0-1788337683,2026-09-02T01:28:03,c3,build_63329aaf_20260830175903,0.000,5d88c40,single,2,0,ok,,1,8192,2,3,11.71,95.9611,334706068997863,334706166337106,97.339243,624,98560,393216,409,17223,1,c3_14q_stop_poll0d,0,1,0,0,stop_campaign rep=1,2_p2,0,,,,,,,,,,,,,,0
c3_14q_stop_poll0d-c3-2-r0-1788337683,2026-09-02T01:28:03,c3,build_63329aaf_20260830175903,0.000,5d88c40,single,2,0,ok,,1,8192,2,3,11.71,95.9611,334706675062485,334706704640530,29.578045,624,98560,393216,72,5573,1,c3_14q_stop_poll0d,0,1,0,0,stop_campaign rep=1,2_p2,2457,819,5980,32550,FIRED,2472,15,3,334706704460709,334706704461169,334706704489829,4401,8.802,0,0
c3_14q_stop_poll0d-c3-2-r0-1788337684,2026-09-02T01:28:04,c3,build_63329aaf_20260830175903,0.000,5d88c40,single,2,0,ok,,1,8192,2,3,11.71,95.9611,334707213084546,334707242631721,29.547175,624,98560,393216,154,5234,1,c3_14q_stop_poll0d,0,1,0,0,stop_campaign rep=1,2_p3,2457,819,5980,18200,FIRED,2469,12,3,334707242456369,334707242456799,334707242484650,164,0.328,0,0
c3_14q_stop_poll0d-c3-2-r0-1788337685,2026-09-02T01:28:05,c3,build_63329aaf_20260830175903,0.000,5d88c40,single,2,0,ok,,1,8192,2,3,11.71,95.9611,334707757685432,334707855016986,97.331554,624,98560,393216,346,18999,1,c3_14q_stop_poll0d,0,1,0,0,stop_campaign rep=1,2_p3,0,,,,,,,,,,,,,,0
c3_14q_stop_poll0d-c3-2-r0-1788337685,2026-09-02T01:28:05,c3,build_63329aaf_20260830175903,0.000,5d88c40,single,2,0,ok,,1,8192,2,3,11.71,95.9611,334708361911576,334708459339360,97.427784,624,98560,393216,247,18121,1,c3_14q_stop_poll0d,0,1,0,0,stop_campaign rep=1,2_p4,0,,,,,,,,,,,,,,0
c3_14q_stop_poll0d-c3-2-r0-1788337686,2026-09-02T01:28:06,c3,build_63329aaf_20260830175903,0.000,5d88c40,single,2,0,ok,,1,8192,2,3,11.71,95.9611,334708981311731,334709010889206,29.577475,624,98560,393216,132,5178,1,c3_14q_stop_poll0d,0,1,0,0,stop_campaign rep=1,2_p4,2457,819,5980,18200,FIRED,2468,11,3,334709010669434,334709010669894,334709010697725,584,1.168,0,0
c3_14q_stop_poll0d-c3-10-r0-1788337686,2026-09-02T01:28:06,c3,build_63329aaf_20260830175903,0.000,5d88c40,single,10,0,ok,,1,32,2,8,27.36,0.8756,334709707979148,334709708665275,0.686127,1664,262400,4096,28,64,1,c3_14q_stop_poll0d,0,1,0,0,stop_campaign rep=1,10_p0,12,3,12838,70060,FIRED,15,3,4,334709708465633,334709708466063,334709708490964,4862,9.724,0,0
c3_14q_stop_poll0d-c3-10-r0-1788337687,2026-09-02T01:28:07,c3,build_63329aaf_20260830175903,0.000,5d88c40,single,10,0,ok,,1,32,2,8,27.36,0.8756,334710361190152,334710362177031,0.986879,1664,262400,4096,38,109,1,c3_14q_stop_poll0d,0,1,0,0,stop_campaign rep=1,10_p0,0,,,,,,,,,,,,,,0
c3_14q_stop_poll0d-c3-10-r0-1788337688,2026-09-02T01:28:08,c3,build_63329aaf_20260830175903,0.000,5d88c40,single,10,0,ok,,1,32,2,8,27.36,0.8756,334711101193493,334711101991091,0.797598,1664,262400,4096,44,105,1,c3_14q_stop_poll0d,0,1,0,0,stop_campaign rep=1,10_p1,12,3,12838,236902,FIRED,21,9,4,334711101848579,334711101848939,334711101877710,3037,6.074,0,0
c3_14q_stop_poll0d-c3-10-r0-1788337688,2026-09-02T01:28:08,c3,build_63329aaf_20260830175903,0.000,5d88c40,single,10,0,ok,,1,32,2,8,27.36,0.8756,334711755758809,334711756805330,1.046521,1664,262400,4096,56,142,1,c3_14q_stop_poll0d,0,1,0,0,stop_campaign rep=1,10_p1,0,,,,,,,,,,,,,,0
c3_14q_stop_poll0d-c3-10-r0-1788337689,2026-09-02T01:28:09,c3,build_63329aaf_20260830175903,0.000,5d88c40,single,10,0,ok,,1,32,2,8,27.36,0.8756,334712495359177,334712496374467,1.01529,1664,262400,4096,44,155,1,c3_14q_stop_poll0d,0,1,0,0,stop_campaign rep=1,10_p2,0,,,,,,,,,,,,,,0
c3_14q_stop_poll0d-c3-10-r0-1788337690,2026-09-02T01:28:10,c3,build_63329aaf_20260830175903,0.000,5d88c40,single,10,0,ok,,1,32,2,8,27.36,0.8756,334713210674261,334713211965844,1.291583,1664,262400,4096,48,76,1,c3_14q_stop_poll0d,0,1,0,0,stop_campaign rep=1,10_p2,12,3,12838,51851,FIRED,22,10,4,334713211362688,334713211363128,334713211415818,266,0.532,0,0
c3_14q_stop_poll0d-c3-10-r0-1788337690,2026-09-02T01:28:10,c3,build_63329aaf_20260830175903,0.000,5d88c40,single,10,0,ok,,1,32,2,8,27.36,0.8756,334713906032956,334713907009785,0.976829,1664,262400,4096,31,93,1,c3_14q_stop_poll0d,0,1,0,0,stop_campaign rep=1,10_p3,0,,,,,,,,,,,,,,0
c3_14q_stop_poll0d-c3-10-r0-1788337691,2026-09-02T01:28:11,c3,build_63329aaf_20260830175903,0.000,5d88c40,single,10,0,ok,,1,32,2,8,27.36,0.8756,334714662389270,334714663066317,0.677047,1664,262400,4096,29,64,1,c3_14q_stop_poll0d,0,1,0,0,stop_campaign rep=1,10_p3,12,3,12838,114351,FIRED,17,5,4,334714662929796,334714662930116,334714662954366,5539,11.078,0,0
c3_14q_stop_poll0d-c3-10-r0-1788337692,2026-09-02T01:28:12,c3,build_63329aaf_20260830175903,0.000,5d88c40,single,10,0,ok,,1,32,2,8,27.36,0.8756,334715363867316,334715364849016,0.9817,1664,262400,4096,30,110,1,c3_14q_stop_poll0d,0,1,0,0,stop_campaign rep=1,10_p4,0,,,,,,,,,,,,,,0
c3_14q_stop_poll0d-c3-10-r0-1788337693,2026-09-02T01:28:13,c3,build_63329aaf_20260830175903,0.000,5d88c40,single,10,0,ok,,1,32,2,8,27.36,0.8756,334716112741486,334716113436413,0.694927,1664,262400,4096,28,83,1,c3_14q_stop_poll0d,0,1,0,0,stop_campaign rep=1,10_p4,12,3,12838,82141,FIRED,16,4,4,334716113254711,334716113255051,334716113282521,5181,10.362,0,0
