mode,workload,workload_id,population,sur_n,sur_mean_ms,sur_sd_ms,sur_qpu_ms,real_n,real_mean_ms,real_sd_ms,real_qpu_ms,n_groups,diff_ms,ci95_lo_ms,ci95_hi_ms,welch_df,margin_ms,verdict
std,single,1,equivalence,5,303.2135,0.0743,210.8621,5,403.2442,0.1043,210.9604,1,100.0306,99.8952,100.1661,7.2,2.1096,NON-MATCHING
std,single,2,equivalence,5,130.2790,0.0409,95.9283,5,159.4563,0.9191,95.9611,1,29.1773,28.0351,30.3194,4.0,0.9596,NON-MATCHING
std,single,3,equivalence,5,49.3700,0.0060,34.3200,5,65.9125,0.0085,34.3360,1,16.5425,16.5315,16.5535,7.2,0.3434,NON-MATCHING
std,single,4,equivalence,5,12.6329,0.0065,8.9400,5,16.8067,0.0066,8.9400,1,4.1738,4.1642,4.1834,8.0,0.1500,NON-MATCHING
std,single,5,equivalence,5,18.4005,0.0159,14.5000,5,23.0795,0.0093,14.4960,1,4.6791,4.6589,4.6992,6.4,0.1500,NON-MATCHING
std,single,6,equivalence,5,16.3242,0.0042,12.3494,5,19.4865,0.0061,12.3515,1,3.1623,3.1545,3.1701,7.1,0.1500,NON-MATCHING
std,single,7,equivalence,5,159.5491,0.0612,121.5693,5,201.0228,0.5712,121.6020,1,41.4736,40.7605,42.1868,4.1,1.2160,NON-MATCHING
std,single,8,equivalence,5,23.6535,0.0073,18.4013,5,28.4016,0.1457,18.4054,1,4.7481,4.5670,4.9293,4.0,0.1841,NON-MATCHING
std,single,9,equivalence,5,5.7339,0.0092,2.7008,5,6.2143,0.0138,2.7013,1,0.4804,0.4628,0.4980,7.0,0.1500,NON-MATCHING
std,single,10,equivalence,5,3.3876,0.0008,0.8755,5,3.6545,0.0015,0.8756,1,0.2669,0.2650,0.2688,6.0,0.1500,NON-MATCHING
std,single,11,equivalence,5,24.7067,0.0190,19.3741,5,30.0166,0.0749,19.3761,1,5.3099,5.2210,5.3988,4.5,0.1938,NON-MATCHING
std,single,12,equivalence,5,88.4737,0.0465,54.3000,5,115.0856,1.0606,54.3000,1,26.6119,25.2940,27.9299,4.0,0.5430,NON-MATCHING
std,single,13,equivalence,5,16.8820,0.0072,13.2350,5,18.1322,0.0201,13.2360,1,1.2501,1.2256,1.2747,5.0,0.1500,NON-MATCHING
std,single,19,equivalence,5,230.5860,0.4314,190.1363,5,267.0813,0.1316,190.1199,1,36.4953,35.9768,37.0139,4.7,1.9012,NON-MATCHING
std,single,20,equivalence,5,22.5374,0.0142,17.6600,5,26.7532,0.0220,17.6580,1,4.2158,4.1882,4.2435,6.8,0.1766,NON-MATCHING
std,single,21,equivalence,5,514.0485,0.0857,432.4000,5,593.4933,0.4797,432.4000,1,79.4448,78.8398,80.0498,4.3,4.3240,NON-MATCHING
std,single,22,equivalence,5,25.8306,0.4573,20.0480,5,28.4507,0.6139,20.0496,1,2.6201,1.8105,3.4297,7.4,0.2005,NON-MATCHING
std,single,23,equivalence,5,205.1666,0.0963,171.4000,5,236.8864,0.0755,171.4080,1,31.7198,31.5936,31.8459,7.6,1.7141,NON-MATCHING
std,single,24,equivalence,5,66.5080,0.0213,60.9075,5,72.6127,0.0190,60.9034,1,6.1047,6.0753,6.1341,7.9,0.6090,NON-MATCHING
std,single,25,equivalence,5,22.1181,0.0512,17.5309,5,27.3507,0.0120,17.5309,1,5.2326,5.1673,5.2980,4.4,0.1753,NON-MATCHING
std,batch,ghz8_x30,equivalence,5,101.4856,0.0415,26.2656,5,108.9774,0.0771,26.2694,1,7.4918,7.3960,7.5876,6.1,0.2627,NON-MATCHING
std,batch,qaoa12_x30,equivalence,5,15423.0642,1.5140,12972.0000,5,17797.0976,4.0456,12972.0000,1,2374.0334,2369.0668,2379.0000,5.1,129.7200,NON-MATCHING
std,batch,rand10_t0,descriptive,5,1251.8610,0.2765,939.6340,5,1623.8670,0.2638,939.8526,1,372.0060,371.6119,372.4001,8.0,9.3985,
std,batch,rand10_t1,descriptive,5,835.6349,0.2871,585.9953,5,1136.0635,0.1330,586.1906,1,300.4286,300.0824,300.7749,5.6,5.8619,
std,batch,rand10_t2,descriptive,5,912.6758,0.0558,704.9334,5,1182.4399,0.5078,705.0523,1,269.7641,269.1300,270.3983,4.1,7.0505,
std,batch,rand10_t3,descriptive,5,542.0664,0.4612,406.2972,5,728.1280,0.6220,406.3136,1,186.0616,185.2427,186.8806,7.4,4.0631,
std,batch,rand10_t4,descriptive,5,615.5704,0.4094,444.1056,5,822.5863,0.0481,444.2518,1,207.0159,206.5041,207.5277,4.1,4.4425,
std,batch,rand10_t5,descriptive,5,230.1520,0.0066,186.5695,5,312.7473,0.0415,186.5717,1,82.5953,82.5432,82.6474,4.2,1.8657,
std,batch,rand10_t6,descriptive,5,1395.1525,0.3526,1086.9310,5,1764.0353,0.6755,1087.0463,1,368.8829,368.0490,369.7167,6.0,10.8705,
std,batch,rand10_t7,descriptive,5,808.3762,0.3608,665.5469,5,1021.7178,0.1440,665.5613,1,213.3416,212.8950,213.7883,5.2,6.6556,
std,batch,rand10_t8,descriptive,5,920.3348,0.3477,668.9461,5,1199.2762,0.3335,669.0893,1,278.9414,278.4445,279.4383,8.0,6.6909,
std,batch,rand10_t9,descriptive,5,1013.9824,0.0931,822.8212,5,1257.1029,0.7012,822.8857,1,243.1205,242.2424,243.9987,4.1,8.2289,
std,batch,rand20_t0,descriptive,5,1287.4426,0.0982,1011.1746,5,1673.6713,0.2043,1011.2963,1,386.2286,385.9806,386.4767,5.8,10.1130,
std,batch,rand20_t1,descriptive,5,4039.2054,0.3944,3240.8544,5,4988.0886,0.4322,3241.2445,1,948.8832,948.2798,949.4866,7.9,32.4124,
std,batch,rand20_t2,descriptive,5,921.0156,0.2334,700.8332,5,1233.3839,0.2552,700.9111,1,312.3683,312.0116,312.7250,7.9,7.0091,
std,batch,rand20_t3,descriptive,5,1739.0691,0.1966,1385.0320,5,2189.6866,1.1315,1385.1216,1,450.6175,449.1918,452.0432,4.2,13.8512,
std,batch,rand20_t4,descriptive,5,1395.9867,0.4343,1095.4322,5,1798.8275,0.3405,1095.5217,1,402.8409,402.2718,403.4100,7.6,10.9552,
std,batch,rand20_t5,descriptive,5,1052.8737,0.1433,834.0002,5,1365.7703,0.2160,834.0339,1,312.8966,312.6224,313.1707,6.9,8.3403,
std,batch,rand20_t6,descriptive,5,1499.5057,0.1103,1127.8979,5,1919.4427,0.2364,1127.9741,1,419.9371,419.6516,420.2226,5.7,11.2797,
std,batch,rand20_t7,descriptive,5,1597.8772,0.5557,1274.3496,5,2012.6948,0.6159,1274.4202,1,414.8176,413.9621,415.6731,7.9,12.7442,
std,batch,rand20_t8,descriptive,5,1674.6516,0.2737,1305.8993,5,2169.5762,0.1830,1306.0361,1,494.9247,494.5764,495.2729,7.0,13.0604,
std,batch,rand20_t9,descriptive,5,1926.8127,0.3241,1472.2518,5,2476.2202,0.1320,1472.5207,1,549.4075,549.0052,549.8099,5.3,14.7252,
std,batch,rand30_t0,descriptive,5,3739.2195,0.4033,3027.1680,5,4684.3696,0.1530,3027.4219,1,945.1501,944.6541,945.6460,5.1,30.2742,
std,batch,rand30_t1,descriptive,5,2803.8833,0.1242,2245.6027,5,3558.9347,1.0382,2245.8436,1,755.0514,753.7533,756.3496,4.1,22.4584,
std,batch,rand30_t2,descriptive,5,2496.2554,0.5849,1925.4158,5,3240.2842,0.6073,1925.6799,1,744.0288,743.1593,744.8984,8.0,19.2568,
std,batch,rand30_t3,descriptive,5,3148.3628,0.1102,2464.9788,5,4011.4762,0.5221,2465.2663,1,863.1134,862.4509,863.7758,4.4,24.6527,
std,batch,rand30_t4,descriptive,5,2848.0374,0.5408,2271.0409,5,3623.2668,0.8378,2271.1510,1,775.2294,774.1748,776.2841,6.8,22.7115,
std,batch,rand30_t5,descriptive,5,2818.0704,0.2408,2272.6140,5,3515.3748,0.1080,2272.7094,1,697.3044,697.0156,697.5932,5.5,22.7271,
std,batch,rand30_t6,descriptive,5,2926.2109,0.8421,2193.4908,5,3820.0894,0.3767,2193.9864,1,893.8786,892.8690,894.8882,5.5,21.9399,
std,batch,rand30_t7,descriptive,5,5027.0052,0.6525,4041.6025,5,6211.3066,1.0269,4041.8606,1,1184.3014,1183.0146,1185.5882,6.8,40.4186,
std,batch,rand30_t8,descriptive,5,3142.9158,0.3954,2491.8088,5,4012.4586,0.4967,2492.0956,1,869.5428,868.8881,870.1975,7.6,24.9210,
std,batch,rand30_t9,descriptive,5,2641.3879,1.3915,2079.5475,5,3401.8107,0.8051,2079.8393,1,760.4228,758.6635,762.1822,6.4,20.7984,
c1,single,1,equivalence,5,217.3212,0.0854,210.8621,5,217.2798,0.0062,210.9604,1,-0.0415,-0.1478,0.0648,4.0,2.1096,EQUIVALENT
c1,single,2,equivalence,5,99.7264,0.0899,95.9283,5,99.6435,0.0038,95.9611,1,-0.0829,-0.1947,0.0288,4.0,0.9596,EQUIVALENT
c1,single,3,equivalence,5,37.3598,0.0700,34.3200,5,37.2807,0.0074,34.3360,1,-0.0791,-0.1665,0.0083,4.1,0.3434,EQUIVALENT
c1,single,4,equivalence,5,11.5247,0.0658,8.9400,5,11.3930,0.0027,8.9400,1,-0.1318,-0.2135,-0.0500,4.0,0.1500,INCONCLUSIVE
c1,single,5,equivalence,5,16.9910,0.0614,14.5000,5,16.9886,0.0167,14.4960,1,-0.0023,-0.0756,0.0709,4.6,0.1500,EQUIVALENT
c1,single,6,equivalence,5,14.8617,0.0633,12.3494,5,14.8393,0.0019,12.3515,1,-0.0225,-0.1011,0.0562,4.0,0.1500,EQUIVALENT
c1,single,7,equivalence,5,125.3830,0.0999,121.5693,5,125.3350,0.0108,121.6020,1,-0.0480,-0.1727,0.0768,4.1,1.2160,EQUIVALENT
c1,single,8,equivalence,5,21.0238,0.0499,18.4013,5,20.9393,0.0095,18.4054,1,-0.0845,-0.1476,-0.0214,4.3,0.1841,EQUIVALENT
c1,single,9,equivalence,5,5.1845,0.0628,2.7008,5,5.0967,0.0093,2.7013,1,-0.0878,-0.1666,-0.0089,4.2,0.1500,INCONCLUSIVE
c1,single,10,equivalence,5,3.2358,0.0305,0.8755,5,3.2914,0.0053,0.8756,1,0.0556,0.0171,0.0941,4.2,0.1500,EQUIVALENT
c1,single,11,equivalence,5,21.9316,0.0938,19.3741,5,21.9322,0.0133,19.3761,1,0.0006,-0.1170,0.1182,4.2,0.1938,EQUIVALENT
c1,single,12,equivalence,5,58.2564,0.0704,54.3000,5,58.1537,0.0023,54.3000,1,-0.1027,-0.1902,-0.0153,4.0,0.5430,EQUIVALENT
c1,single,13,equivalence,5,15.7951,0.2154,13.2350,5,15.8879,0.0061,13.2360,1,0.0928,-0.1748,0.3604,4.0,0.1500,INCONCLUSIVE
c1,single,19,equivalence,5,193.3141,0.0725,190.1363,5,193.6753,0.0099,190.1199,1,0.3612,0.2703,0.4521,4.1,1.9012,EQUIVALENT
c1,single,20,equivalence,5,20.2521,0.0156,17.6600,5,20.1733,0.0059,17.6580,1,-0.0788,-0.0979,-0.0596,5.1,0.1766,EQUIVALENT
c1,single,21,equivalence,5,436.7046,0.0581,432.4000,5,437.0980,0.0171,432.4000,1,0.3934,0.3238,0.4631,4.7,4.3240,EQUIVALENT
c1,single,22,equivalence,5,22.5822,0.0714,20.0480,5,22.8918,0.0851,20.0496,1,0.3096,0.1951,0.4242,7.8,0.2005,INCONCLUSIVE
c1,single,23,equivalence,5,174.5447,0.0683,171.4000,5,174.8369,0.0215,171.4080,1,0.2922,0.2099,0.3745,4.8,1.7141,EQUIVALENT
c1,single,24,equivalence,5,63.4287,0.0398,60.9075,5,64.4362,0.0184,60.9034,1,1.0075,0.9595,1.0555,5.6,0.6090,NON-MATCHING
c1,single,25,equivalence,5,20.1104,0.0826,17.5309,5,20.0875,0.0049,17.5309,1,-0.0228,-0.1256,0.0799,4.0,0.1753,EQUIVALENT
c1,batch,ghz8_x30,equivalence,5,100.4262,0.2942,26.2656,5,102.8703,0.0368,26.2694,1,2.4441,2.0761,2.8122,4.1,0.2627,NON-MATCHING
c1,batch,qaoa12_x30,equivalence,5,13140.9062,3.1046,12972.0000,5,13179.0658,1.2589,12972.0000,1,38.1596,34.3076,42.0115,5.3,129.7200,EQUIVALENT
c1,batch,rand10_t0,descriptive,5,978.7479,0.3001,939.6340,5,1057.5575,0.5398,939.8526,1,78.8096,78.1338,79.4855,6.3,9.3985,
c1,batch,rand10_t1,descriptive,5,623.7305,0.2160,585.9953,5,677.1196,0.6227,586.1906,1,53.3891,52.6313,54.1470,4.9,5.8619,
c1,batch,rand10_t2,descriptive,5,742.1186,1.4323,704.9334,5,822.7266,6.1768,705.0523,1,80.6080,72.7362,88.4797,4.4,7.0505,
c1,batch,rand10_t3,descriptive,5,440.3449,0.9165,406.2972,5,519.1084,1.9153,406.3136,1,78.7635,76.4399,81.0871,5.7,4.0631,
c1,batch,rand10_t4,descriptive,5,479.9564,1.2869,444.1056,5,514.0063,0.0315,444.2518,1,34.0500,32.4519,35.6481,4.0,4.4425,
c1,batch,rand10_t5,descriptive,5,215.6407,0.8875,186.5695,5,261.1709,1.0552,186.5717,1,45.5302,44.1082,46.9521,7.8,1.8657,
c1,batch,rand10_t6,descriptive,5,1132.1795,2.9478,1086.9310,5,1215.5377,1.2087,1087.0463,1,83.3582,79.6950,87.0214,5.3,10.8705,
c1,batch,rand10_t7,descriptive,5,696.9876,0.3191,665.5469,5,787.4848,0.6905,665.5613,1,90.4972,89.6648,91.3296,5.6,6.6556,
c1,batch,rand10_t8,descriptive,5,706.4385,0.3875,668.9461,5,759.0591,0.4990,669.0893,1,52.6206,51.9690,53.2721,7.5,6.6909,
c1,batch,rand10_t9,descriptive,5,857.4970,1.1603,822.8212,5,937.7012,0.4096,822.8857,1,80.2042,78.7894,81.6191,5.0,8.2289,
c1,batch,rand20_t0,descriptive,5,1075.5857,0.8544,1011.1746,5,1214.8892,7.5905,1011.2963,1,139.3035,129.8207,148.7864,4.1,10.1130,
c1,batch,rand20_t1,descriptive,5,3328.7523,1.2537,3240.8544,5,3529.6626,27.1926,3241.2445,1,200.9103,167.1158,234.7048,4.0,32.4124,
c1,batch,rand20_t2,descriptive,5,765.4717,1.5149,700.8332,5,871.8709,3.1460,700.9111,1,106.3991,102.5780,110.2203,5.8,7.0091,
c1,batch,rand20_t3,descriptive,5,1455.4427,1.6954,1385.0320,5,1607.9979,13.5992,1385.1216,1,152.5552,135.5416,169.5688,4.1,13.8512,
c1,batch,rand20_t4,descriptive,5,1162.3192,2.6580,1095.4322,5,1313.0910,8.9391,1095.5217,1,150.7718,140.0490,161.4945,4.7,10.9552,
c1,batch,rand20_t5,descriptive,5,894.6576,0.4628,834.0002,5,1015.7613,0.5733,834.0339,1,121.1037,120.3438,121.8635,7.7,8.3403,
c1,batch,rand20_t6,descriptive,5,1199.7640,1.1236,1127.8979,5,1307.6600,11.8807,1127.9741,1,107.8959,93.0807,122.7112,4.1,11.2797,
c1,batch,rand20_t7,descriptive,5,1342.9803,2.2680,1274.3496,5,1470.6745,5.2940,1274.4202,1,127.6943,121.0722,134.3163,5.4,12.7442,
c1,batch,rand20_t8,descriptive,5,1377.0538,2.1972,1305.8993,5,1532.6406,1.7726,1306.0361,1,155.5868,152.6754,158.4982,7.7,13.0604,
c1,batch,rand20_t9,descriptive,5,1544.1068,0.4053,1472.2518,5,1686.8434,1.2143,1472.5207,1,142.7366,141.2646,144.2085,4.9,14.7252,
c1,batch,rand30_t0,descriptive,5,3145.9774,2.0623,3027.1680,5,3415.8931,19.4270,3027.4219,1,269.9156,245.6622,294.1690,4.1,30.2742,
c1,batch,rand30_t1,descriptive,5,2351.4562,2.6009,2245.6027,5,2562.2935,0.5206,2245.8436,1,210.8373,207.5443,214.1303,4.3,22.4584,
c1,batch,rand30_t2,descriptive,5,2032.6403,2.9781,1925.4158,5,2240.2161,14.4554,1925.6799,1,207.5758,189.2531,225.8986,4.3,19.2568,
c1,batch,rand30_t3,descriptive,5,2577.6058,3.3978,2464.9788,5,2798.5453,6.2622,2465.2663,1,220.9395,213.1427,228.7362,6.2,24.6527,
c1,batch,rand30_t4,descriptive,5,2378.7853,4.1965,2271.0409,5,2618.1374,0.4549,2271.1510,1,239.3521,234.1117,244.5925,4.1,22.7115,
c1,batch,rand30_t5,descriptive,5,2374.5032,3.1203,2272.6140,5,2595.2707,19.7108,2272.7094,1,220.7675,195.9924,245.5425,4.2,22.7271,
c1,batch,rand30_t6,descriptive,5,2307.4226,2.6241,2193.4908,5,2484.7159,19.2260,2193.9864,1,177.2933,153.2036,201.3829,4.1,21.9399,
c1,batch,rand30_t7,descriptive,5,4165.2387,3.2674,4041.6025,5,4441.9824,35.4649,4041.8606,1,276.7437,232.5288,320.9587,4.1,40.4186,
c1,batch,rand30_t8,descriptive,5,2606.4125,5.3035,2491.8088,5,2865.9647,26.7621,2492.0956,1,259.5522,225.6818,293.4225,4.3,24.9210,
c1,batch,rand30_t9,descriptive,5,2185.2388,2.2262,2079.5475,5,2406.0877,18.7619,2079.8393,1,220.8489,197.3932,244.3046,4.1,20.7984,
c3,single,1,equivalence,5,214.9765,0.0055,210.8621,5,214.8798,0.0060,210.9604,1,-0.0967,-0.1051,-0.0883,8.0,2.1096,EQUIVALENT
c3,single,2,equivalence,5,97.3510,0.0041,95.9283,5,97.4170,0.2107,95.9611,1,0.0660,-0.1957,0.3276,4.0,0.9596,EQUIVALENT
c3,single,3,equivalence,5,35.1509,0.2056,34.3200,5,35.0442,0.0037,34.3360,1,-0.1068,-0.3621,0.1486,4.0,0.3434,INCONCLUSIVE
c3,single,4,equivalence,5,9.1893,0.0032,8.9400,5,9.1996,0.0270,8.9400,1,0.0104,-0.0234,0.0441,4.1,0.1500,EQUIVALENT
c3,single,5,equivalence,5,14.7485,0.0021,14.5000,5,14.7336,0.0067,14.4960,1,-0.0149,-0.0230,-0.0068,4.8,0.1500,EQUIVALENT
c3,single,6,equivalence,5,12.5961,0.0028,12.3494,5,12.5933,0.0043,12.3515,1,-0.0028,-0.0082,0.0027,6.8,0.1500,EQUIVALENT
c3,single,7,equivalence,5,123.0005,0.0083,121.5693,5,122.9611,0.0056,121.6020,1,-0.0394,-0.0500,-0.0288,7.0,1.2160,EQUIVALENT
c3,single,8,equivalence,5,18.6506,0.0048,18.4013,5,18.6475,0.0042,18.4054,1,-0.0030,-0.0096,0.0035,7.8,0.1841,EQUIVALENT
c3,single,9,equivalence,5,2.8054,0.0075,2.7008,5,2.8005,0.0025,2.7013,1,-0.0050,-0.0141,0.0041,4.9,0.1500,EQUIVALENT
c3,single,10,equivalence,5,0.9814,0.0070,0.8755,5,0.9850,0.0070,0.8756,1,0.0036,-0.0067,0.0138,8.0,0.1500,EQUIVALENT
c3,single,11,equivalence,5,19.6759,0.1173,19.3741,5,19.6134,0.0029,19.3761,1,-0.0626,-0.2082,0.0830,4.0,0.1938,INCONCLUSIVE
c3,single,12,equivalence,5,56.0180,0.0006,54.3000,5,56.0279,0.2000,54.3000,1,0.0099,-0.2384,0.2582,4.0,0.5430,EQUIVALENT
c3,single,13,equivalence,5,13.3940,0.0035,13.2350,5,13.3926,0.0116,13.2360,1,-0.0015,-0.0154,0.0125,4.7,0.1500,EQUIVALENT
c3,single,19,equivalence,5,190.9734,0.0041,190.1363,5,190.9202,0.0070,190.1199,1,-0.0532,-0.0620,-0.0443,6.5,1.9012,EQUIVALENT
c3,single,20,equivalence,5,17.9804,0.0148,17.6600,5,17.8944,0.0048,17.6580,1,-0.0860,-0.1039,-0.0682,4.8,0.1766,EQUIVALENT
c3,single,21,equivalence,5,434.2053,0.0530,432.4000,5,434.1191,0.0357,432.4000,1,-0.0862,-0.1538,-0.0186,7.0,4.3240,EQUIVALENT
c3,single,22,equivalence,5,20.3283,0.1233,20.0480,5,20.2745,0.0030,20.0496,1,-0.0538,-0.2069,0.0993,4.0,0.2005,INCONCLUSIVE
c3,single,23,equivalence,5,172.2024,0.0025,171.4000,5,172.1784,0.0077,171.4080,1,-0.0240,-0.0333,-0.0147,4.8,1.7141,EQUIVALENT
c3,single,24,equivalence,5,61.1592,0.0030,60.9075,5,61.1448,0.0044,60.9034,1,-0.0145,-0.0201,-0.0089,7.0,0.6090,EQUIVALENT
c3,single,25,equivalence,5,17.8426,0.1318,17.5309,5,17.7722,0.0055,17.5309,1,-0.0704,-0.2342,0.0933,4.0,0.1753,INCONCLUSIVE
c3,batch,ghz8_x30,equivalence,5,26.7012,0.0097,26.2656,5,26.6948,0.0065,26.2694,1,-0.0064,-0.0188,0.0059,7.0,0.2627,EQUIVALENT
c3,batch,qaoa12_x30,equivalence,5,13021.7233,0.0070,12972.0000,5,13019.3253,0.0129,12972.0000,1,-2.3980,-2.4140,-2.3820,6.2,129.7200,EQUIVALENT
c3,batch,rand10_t0,descriptive,5,951.3002,0.0890,939.6340,5,2787.0780,178.6707,939.8526,9,1835.7778,1613.9643,2057.5913,4.0,9.3985,
c3,batch,rand10_t1,descriptive,5,596.9443,0.0041,585.9953,5,2174.8234,85.5788,586.1906,9,1577.8790,1471.6360,1684.1221,4.0,5.8619,
c3,batch,rand10_t2,descriptive,5,711.9327,0.0131,704.9334,5,2152.8763,46.1750,705.0523,8,1440.9436,1383.6189,1498.2683,4.0,7.0505,
c3,batch,rand10_t3,descriptive,5,411.4625,0.0154,406.2972,5,2389.3516,76.7028,406.3136,10,1977.8891,1882.6653,2073.1130,4.0,4.0631,
c3,batch,rand10_t4,descriptive,5,451.5419,0.0486,444.1056,5,1703.3993,65.4764,444.2518,9,1251.8574,1170.5707,1333.1441,4.0,4.4425,
c3,batch,rand10_t5,descriptive,5,188.3344,0.0066,186.5695,5,1462.9302,177.0734,186.5717,9,1274.5958,1054.7655,1494.4262,4.0,1.8657,
c3,batch,rand10_t6,descriptive,5,1097.2378,0.0055,1086.9310,5,2846.4923,109.1262,1087.0463,9,1749.2545,1613.7781,1884.7309,4.0,10.8705,
c3,batch,rand10_t7,descriptive,5,669.5596,0.0086,665.5469,5,2934.3946,51.7430,665.5613,10,2264.8350,2200.5978,2329.0722,4.0,6.6556,
c3,batch,rand10_t8,descriptive,5,679.4406,0.0053,668.9461,5,2218.9825,37.8292,669.0893,10,1539.5419,1492.5783,1586.5056,4.0,6.6909,
c3,batch,rand10_t9,descriptive,5,828.2484,0.0197,822.8212,5,3025.6773,78.7872,822.8857,10,2197.4288,2099.6173,2295.2404,4.0,8.2289,
c3,batch,rand20_t0,descriptive,5,1020.1700,0.0507,1011.1746,5,5132.5088,82.5802,1011.2963,19,4112.3388,4009.8184,4214.8591,4.0,10.1130,
c3,batch,rand20_t1,descriptive,5,3265.3142,0.0149,3240.8544,5,7714.9209,67.8937,3241.2445,19,4449.6068,4365.3191,4533.8945,4.0,32.4124,
c3,batch,rand20_t2,descriptive,5,708.8078,0.1013,700.8332,5,3786.3123,40.9913,700.9111,18,3077.5045,3026.6151,3128.3940,4.0,7.0091,
c3,batch,rand20_t3,descriptive,5,1395.7926,0.0084,1385.0320,5,5636.2835,243.9646,1385.1216,19,4240.4909,3937.6174,4543.3644,4.0,13.8512,
c3,batch,rand20_t4,descriptive,5,1104.9046,0.0073,1095.4322,5,5471.5962,145.9862,1095.5217,19,4366.6916,4185.4548,4547.9284,4.0,10.9552,
c3,batch,rand20_t5,descriptive,5,841.1461,0.1382,834.0002,5,4594.0649,158.2095,834.0339,19,3752.9188,3556.5072,3949.3304,4.0,8.3403,
c3,batch,rand20_t6,descriptive,5,1141.6319,0.0039,1127.8979,5,4255.1169,121.6726,1127.9741,20,3113.4850,2962.4327,3264.5373,4.0,11.2797,
c3,batch,rand20_t7,descriptive,5,1284.6331,0.0106,1274.3496,5,4740.6495,212.0612,1274.4202,17,3456.0164,3192.7498,3719.2830,4.0,12.7442,
c3,batch,rand20_t8,descriptive,5,1318.1004,0.0708,1305.8993,5,4971.5470,81.2940,1306.0361,17,3653.4467,3552.5230,3754.3704,4.0,13.0604,
c3,batch,rand20_t9,descriptive,5,1488.6508,0.0063,1472.2518,5,5458.2940,248.1500,1472.5207,19,3969.6432,3661.5737,4277.7128,4.0,14.7252,
c3,batch,rand30_t0,descriptive,5,3047.5025,0.0052,3027.1680,5,10165.1291,134.2193,3027.4219,27,7117.6265,6950.9979,7284.2551,4.0,30.2742,
c3,batch,rand30_t1,descriptive,5,2262.5165,0.0100,2245.6027,5,8076.3201,160.6233,2245.8436,28,5813.8036,5614.3954,6013.2119,4.0,22.4584,
c3,batch,rand30_t2,descriptive,5,1944.4674,0.0072,1925.4158,5,7214.5397,77.5179,1925.6799,24,5270.0723,5173.8366,5366.3080,4.0,19.2568,
c3,batch,rand30_t3,descriptive,5,2486.9605,0.0037,2464.9788,5,8797.7017,54.6626,2465.2663,27,6310.7411,6242.8794,6378.6028,4.0,24.6527,
c3,batch,rand30_t4,descriptive,5,2287.6691,0.9581,2271.0409,5,9039.7980,125.1349,2271.1510,28,6752.1289,6596.7738,6907.4841,4.0,22.7115,
c3,batch,rand30_t5,descriptive,5,2287.6106,0.0142,2272.6140,5,8915.0303,160.5226,2272.7094,27,6627.4197,6428.1365,6826.7028,4.0,22.7271,
c3,batch,rand30_t6,descriptive,5,2220.8318,0.5170,2193.4908,5,8677.6089,591.2785,2193.9864,29,6456.7771,5722.7254,7190.8288,4.0,21.9399,
c3,batch,rand30_t7,descriptive,5,4069.9470,0.1626,4041.6025,5,11276.5233,115.3822,4041.8606,26,7206.5762,7063.3331,7349.8193,4.0,40.4186,
c3,batch,rand30_t8,descriptive,5,2511.3176,0.0056,2491.8088,5,9198.1097,427.7188,2492.0956,27,6686.7921,6155.7943,7217.7900,4.0,24.9210,
c3,batch,rand30_t9,descriptive,5,2097.4265,0.0122,2079.5475,5,9924.3110,504.2580,2079.8393,30,7826.8845,7200.8660,8452.9031,4.0,20.7984,
