batch_id,n_circuits,qpu_ms,workload_realized_ms,std_n,std_mean_ms,std_sd_ms,std_delta_ms,std_delta_pct,std_delta_real_ms,std_delta_real_pct,std_provisional,std_set_tag,c1_n,c1_mean_ms,c1_sd_ms,c1_delta_ms,c1_delta_pct,c1_delta_real_ms,c1_delta_real_pct,c1_provisional,c1_set_tag,c3_n,c3_mean_ms,c3_sd_ms,c3_delta_ms,c3_delta_pct,c3_delta_real_ms,c3_delta_real_pct,c3_provisional,c3_set_tag
ghz8_x30,30,26.2694,26.4214,5,108.9774,0.0771,82.7080,314.85,82.5560,312.46,no,std_14q_real1,5,102.8703,0.0368,76.6009,291.60,76.4489,289.34,no,c1_14q_real1,5,26.6948,0.0065,0.4254,1.62,0.2734,1.03,no,c3_14q_real2
qaoa12_x30,30,12972.0000,13017.3300,5,17797.0976,4.0456,4825.0976,37.20,4779.7676,36.72,no,std_14q_real1,5,13179.0658,1.2589,207.0658,1.60,161.7358,1.24,no,c1_14q_real1,5,13019.3253,0.0129,47.3253,0.36,1.9953,0.02,no,c3_14q_real2
rand10_t0,10,939.8526,951.0186,5,1623.8670,0.2638,684.0144,72.78,672.8484,70.75,no,std_14q_real1,5,1057.5575,0.5398,117.7049,12.52,106.5389,11.20,no,c1_14q_real1,5,2787.0780,178.6707,1847.2254,196.54,1836.0594,193.06,no,c3_14q_real2
rand10_t1,10,586.1906,596.9359,5,1136.0635,0.1330,549.8729,93.80,539.1277,90.32,no,std_14q_real1,5,677.1196,0.6227,90.9290,15.51,80.1838,13.43,no,c1_14q_real1,5,2174.8234,85.5788,1588.6328,271.01,1577.8875,264.33,no,c3_14q_real2
rand10_t2,10,705.0523,711.2122,5,1182.4399,0.5078,477.3876,67.71,471.2277,66.26,no,std_14q_real1,5,822.7266,6.1768,117.6743,16.69,111.5144,15.68,no,c1_14q_real1,5,2152.8763,46.1750,1447.8240,205.35,1441.6641,202.71,no,c3_14q_real2
rand10_t3,10,406.3136,411.0315,5,728.1280,0.6220,321.8144,79.20,317.0965,77.15,no,std_14q_real1,5,519.1084,1.9153,112.7948,27.76,108.0770,26.29,no,c1_14q_real1,5,2389.3516,76.7028,1983.0380,488.06,1978.3201,481.31,no,c3_14q_real2
rand10_t4,10,444.2518,451.2253,5,822.5863,0.0481,378.3345,85.16,371.3609,82.30,no,std_14q_real1,5,514.0063,0.0315,69.7545,15.70,62.7810,13.91,no,c1_14q_real1,5,1703.3993,65.4764,1259.1475,283.43,1252.1740,277.51,no,c3_14q_real2
rand10_t5,10,186.5717,188.0273,5,312.7473,0.0415,126.1756,67.63,124.7201,66.33,no,std_14q_real1,5,261.1709,1.0552,74.5992,39.98,73.1436,38.90,no,c1_14q_real1,5,1462.9302,177.0734,1276.3585,684.11,1274.9029,678.04,no,c3_14q_real2
rand10_t6,10,1087.0463,1096.7682,5,1764.0353,0.6755,676.9890,62.28,667.2671,60.84,no,std_14q_real1,5,1215.5377,1.2087,128.4914,11.82,118.7695,10.83,no,c1_14q_real1,5,2846.4923,109.1262,1759.4460,161.86,1749.7241,159.53,no,c3_14q_real2
rand10_t7,10,665.5613,669.0040,5,1021.7178,0.1440,356.1565,53.51,352.7138,52.72,no,std_14q_real1,5,787.4848,0.6905,121.9235,18.32,118.4808,17.71,no,c1_14q_real1,5,2934.3946,51.7430,2268.8333,340.89,2265.3906,338.62,no,c3_14q_real2
rand10_t8,10,669.0893,679.0519,5,1199.2762,0.3335,530.1869,79.24,520.2242,76.61,no,std_14q_real1,5,759.0591,0.4990,89.9698,13.45,80.0072,11.78,no,c1_14q_real1,5,2218.9825,37.8292,1549.8932,231.64,1539.9306,226.78,no,c3_14q_real2
rand10_t9,10,822.8857,827.6476,5,1257.1029,0.7012,434.2172,52.77,429.4552,51.89,no,std_14q_real1,5,937.7012,0.4096,114.8155,13.95,110.0536,13.30,no,c1_14q_real1,5,3025.6773,78.7872,2202.7916,267.69,2198.0296,265.58,no,c3_14q_real2
rand20_t0,20,1011.2963,1019.7256,5,1673.6713,0.2043,662.3750,65.50,653.9456,64.13,no,std_14q_real1,5,1214.8892,7.5905,203.5929,20.13,195.1636,19.14,no,c1_14q_real1,5,5132.5088,82.5802,4121.2125,407.52,4112.7831,403.32,no,c3_14q_real2
rand20_t1,20,3241.2445,3264.2711,5,4988.0886,0.4322,1746.8441,53.89,1723.8175,52.81,no,std_14q_real1,5,3529.6626,27.1926,288.4181,8.90,265.3915,8.13,no,c1_14q_real1,5,7714.9209,67.8937,4473.6764,138.02,4450.6498,136.34,no,c3_14q_real2
rand20_t2,20,700.9111,708.1884,5,1233.3839,0.2552,532.4728,75.97,525.1955,74.16,no,std_14q_real1,5,871.8709,3.1460,170.9598,24.39,163.6825,23.11,no,c1_14q_real1,5,3786.3123,40.9913,3085.4012,440.20,3078.1240,434.65,no,c3_14q_real2
rand20_t3,20,1385.1216,1394.9886,5,2189.6866,1.1315,804.5650,58.09,794.6980,56.97,no,std_14q_real1,5,1607.9979,13.5992,222.8763,16.09,213.0093,15.27,no,c1_14q_real1,5,5636.2835,243.9646,4251.1619,306.92,4241.2949,304.04,no,c3_14q_real2
rand20_t4,20,1095.5217,1104.1061,5,1798.8275,0.3405,703.3058,64.20,694.7214,62.92,no,std_14q_real1,5,1313.0910,8.9391,217.5693,19.86,208.9849,18.93,no,c1_14q_real1,5,5471.5962,145.9862,4376.0745,399.45,4367.4901,395.57,no,c3_14q_real2
rand20_t5,20,834.0339,840.4550,5,1365.7703,0.2160,531.7364,63.75,525.3152,62.50,no,std_14q_real1,5,1015.7613,0.5733,181.7274,21.79,175.3063,20.86,no,c1_14q_real1,5,4594.0649,158.2095,3760.0310,450.82,3753.6098,446.62,no,c3_14q_real2
rand20_t6,20,1127.9741,1140.9865,5,1919.4427,0.2364,791.4686,70.17,778.4562,68.23,no,std_14q_real1,5,1307.6600,11.8807,179.6859,15.93,166.6735,14.61,no,c1_14q_real1,5,4255.1169,121.6726,3127.1428,277.24,3114.1304,272.93,no,c3_14q_real2
rand20_t7,20,1274.4202,1283.8469,5,2012.6948,0.6159,738.2746,57.93,728.8479,56.77,no,std_14q_real1,5,1470.6745,5.2940,196.2543,15.40,186.8276,14.55,no,c1_14q_real1,5,4740.6495,212.0612,3466.2293,271.98,3456.8026,269.25,no,c3_14q_real2
rand20_t8,20,1306.0361,1317.5867,5,2169.5762,0.1830,863.5401,66.12,851.9895,64.66,no,std_14q_real1,5,1532.6406,1.7726,226.6045,17.35,215.0539,16.32,no,c1_14q_real1,5,4971.5470,81.2940,3665.5109,280.66,3653.9603,277.32,no,c3_14q_real2
rand20_t9,20,1472.5207,1488.2194,5,2476.2202,0.1320,1003.6995,68.16,988.0008,66.39,no,std_14q_real1,5,1686.8434,1.2143,214.3227,14.55,198.6240,13.35,no,c1_14q_real1,5,5458.2940,248.1500,3985.7733,270.68,3970.0746,266.77,no,c3_14q_real2
rand30_t0,30,3027.4219,3046.5968,5,4684.3696,0.1530,1656.9477,54.73,1637.7728,53.76,no,std_14q_real1,5,3415.8931,19.4270,388.4712,12.83,369.2962,12.12,no,c1_14q_real1,5,10165.1291,134.2193,7137.7072,235.77,7118.5323,233.66,no,c3_14q_real2
rand30_t1,30,2245.8436,2261.7281,5,3558.9347,1.0382,1313.0911,58.47,1297.2066,57.35,no,std_14q_real1,5,2562.2935,0.5206,316.4499,14.09,300.5654,13.29,no,c1_14q_real1,5,8076.3201,160.6233,5830.4765,259.61,5814.5920,257.09,no,c3_14q_real2
rand30_t2,30,1925.6799,1943.7991,5,3240.2842,0.6073,1314.6043,68.27,1296.4852,66.70,no,std_14q_real1,5,2240.2161,14.4554,314.5362,16.33,296.4170,15.25,no,c1_14q_real1,5,7214.5397,77.5179,5288.8598,274.65,5270.7406,271.16,no,c3_14q_real2
rand30_t3,30,2465.2663,2486.2804,5,4011.4762,0.5221,1546.2099,62.72,1525.1958,61.34,no,std_14q_real1,5,2798.5453,6.2622,333.2790,13.52,312.2649,12.56,no,c1_14q_real1,5,8797.7017,54.6626,6332.4354,256.87,6311.4213,253.85,no,c3_14q_real2
rand30_t4,30,2271.1510,2286.4464,5,3623.2668,0.8378,1352.1158,59.53,1336.8203,58.47,no,std_14q_real1,5,2618.1374,0.4549,346.9864,15.28,331.6909,14.51,no,c1_14q_real1,5,9039.7980,125.1349,6768.6470,298.03,6753.3515,295.36,no,c3_14q_real2
rand30_t5,30,2272.7094,2286.4399,5,3515.3748,0.1080,1242.6654,54.68,1228.9349,53.75,no,std_14q_real1,5,2595.2707,19.7108,322.5613,14.19,308.8308,13.51,no,c1_14q_real1,5,8915.0303,160.5226,6642.3209,292.26,6628.5904,289.91,no,c3_14q_real2
rand30_t6,30,2193.9864,2220.4352,5,3820.0894,0.3767,1626.1030,74.12,1599.6542,72.04,no,std_14q_real1,5,2484.7159,19.2260,290.7295,13.25,264.2806,11.90,no,c1_14q_real1,5,8677.6089,591.2785,6483.6225,295.52,6457.1737,290.81,no,c3_14q_real2
rand30_t7,30,4041.8606,4068.7376,5,6211.3066,1.0269,2169.4460,53.67,2142.5690,52.66,no,std_14q_real1,5,4441.9824,35.4649,400.1218,9.90,373.2448,9.17,no,c1_14q_real1,5,11276.5233,115.3822,7234.6627,178.99,7207.7856,177.15,no,c3_14q_real2
rand30_t8,30,2492.0956,2510.5651,5,4012.4586,0.4967,1520.3630,61.01,1501.8935,59.82,no,std_14q_real1,5,2865.9647,26.7621,373.8691,15.00,355.3996,14.16,no,c1_14q_real1,5,9198.1097,427.7188,6706.0141,269.09,6687.5446,266.38,no,c3_14q_real2
rand30_t9,30,2079.8393,2096.8473,5,3401.8107,0.8051,1321.9714,63.56,1304.9634,62.23,no,std_14q_real1,5,2406.0877,18.7619,326.2484,15.69,309.2405,14.75,no,c1_14q_real1,5,9924.3110,504.2580,7844.4717,377.17,7827.4638,373.30,no,c3_14q_real2
rand10_aggregate(mean over batches; sd across batches),,,,10,1104.7964,421.4954,453.5149,69.63,446.6042,67.85,,,10,755.1472,280.1447,103.8657,15.95,96.9550,14.73,,,10,2369.6005,529.6750,1718.3190,263.84,1711.4083,260.02,,
rand20_aggregate(mean over batches; sd across batches),,,,10,2182.7362,1055.6636,837.8282,62.30,826.4988,60.94,,,10,1555.1091,739.3624,210.2011,15.63,198.8717,14.66,,,10,5176.1294,1063.3373,3831.2214,284.87,3819.8920,281.65,,
rand30_aggregate(mean over batches; sd across batches),,,,10,4007.9372,875.3786,1506.3518,60.22,1487.1496,59.00,,,10,2842.9107,646.4254,341.3253,13.64,322.1231,12.78,,,10,9128.5072,1128.5812,6626.9218,264.91,6607.7196,262.13,,
throughput_gain_c3_vs_std_rand30 = T_std/T_c3 - 1 = -56.09%
